"","datestring","abbr","n_relinquished"
"1","20090102","MIN",1
"2","20090109","BAL",1
"3","20090109","TEN",1
"4","20090211","PIT",1
"5","20090615","NOR",1
"6","20090910","CIN",2
"7","20090910","PHI",1
"8","20090911","ATL",1
"9","20090911","DAL",3
"10","20090911","DEN",2
"11","20090911","HOU",2
"12","20090911","IND",3
"13","20090911","JAX",1
"14","20090911","LAR",2
"15","20090911","MIN",1
"16","20090911","NOR",2
"17","20090911","NYG",1
"18","20090911","PHI",1
"19","20090911","SFO",2
"20","20090911","TAM",1
"21","20090916","GNB",1
"22","20090916","SEA",1
"23","20090918","ARI",1
"24","20090918","BUF",1
"25","20090918","CIN",1
"26","20090918","DEN",1
"27","20090918","GNB",1
"28","20090918","HOU",2
"29","20090918","JAX",1
"30","20090918","LAC",3
"31","20090918","NOR",1
"32","20090918","NWE",1
"33","20090918","NYG",5
"34","20090918","OAK",2
"35","20090918","PHI",1
"36","20090918","PIT",2
"37","20090918","TAM",1
"38","20090923","CIN",1
"39","20090923","NOR",1
"40","20090923","PHI",2
"41","20090923","SEA",2
"42","20090923","TEN",1
"43","20090925","CHI",1
"44","20090925","GNB",1
"45","20090925","IND",1
"46","20090925","JAX",1
"47","20090925","NOR",3
"48","20090925","NYJ",2
"49","20090925","OAK",1
"50","20090925","TAM",1
"51","20090927","CAR",1
"52","20090927","DAL",2
"53","20090929","MIN",1
"54","20090930","JAX",1
"55","20090930","TEN",1
"56","20091002","BUF",4
"57","20091002","DAL",1
"58","20091002","HOU",1
"59","20091002","LAC",1
"60","20091002","LAR",1
"61","20091002","NOR",1
"62","20091002","NYG",2
"63","20091002","PIT",1
"64","20091002","SFO",2
"65","20091007","JAX",1
"66","20091007","SEA",2
"67","20091008","SFO",1
"68","20091009","ATL",1
"69","20091009","BUF",1
"70","20091009","CAR",1
"71","20091009","CIN",1
"72","20091009","DAL",1
"73","20091009","DEN",1
"74","20091009","DET",2
"75","20091009","HOU",1
"76","20091009","IND",1
"77","20091009","JAX",2
"78","20091009","MIN",1
"79","20091009","NWE",1
"80","20091009","NYG",2
"81","20091009","OAK",4
"82","20091009","PIT",1
"83","20091009","WAS",1
"84","20091016","ARI",1
"85","20091016","DET",1
"86","20091016","GNB",1
"87","20091016","TEN",1
"88","20091021","GNB",2
"89","20091023","BUF",1
"90","20091023","CHI",1
"91","20091023","GNB",1
"92","20091023","IND",2
"93","20091023","NWE",2
"94","20091023","NYJ",2
"95","20091023","PHI",3
"96","20091023","SFO",2
"97","20091027","CHI",1
"98","20091027","GNB",1
"99","20091027","PHI",2
"100","20091027","SEA",1
"101","20091030","BUF",6
"102","20091030","CAR",3
"103","20091030","DAL",1
"104","20091030","DET",1
"105","20091030","GNB",1
"106","20091030","IND",3
"107","20091030","JAX",1
"108","20091030","LAC",1
"109","20091030","LAR",1
"110","20091030","MIN",1
"111","20091030","NYG",3
"112","20091030","OAK",4
"113","20091030","PHI",1
"114","20091030","SEA",1
"115","20091104","CHI",1
"116","20091104","GNB",1
"117","20091104","HOU",1
"118","20091104","PHI",1
"119","20091104","WAS",3
"120","20091106","CAR",1
"121","20091106","GNB",2
"122","20091106","HOU",1
"123","20091106","JAX",1
"124","20091106","NWE",1
"125","20091106","SFO",3
"126","20091106","TEN",1
"127","20091110","HOU",1
"128","20091111","CHI",3
"129","20091111","PHI",1
"130","20091111","SFO",4
"131","20091111","TEN",1
"132","20091113","BUF",2
"133","20091113","DEN",1
"134","20091113","DET",1
"135","20091113","GNB",3
"136","20091113","JAX",1
"137","20091113","NOR",1
"138","20091113","NWE",1
"139","20091113","OAK",1
"140","20091113","PHI",1
"141","20091113","PIT",2
"142","20091113","TEN",1
"143","20091113","WAS",1
"144","20091118","JAX",1
"145","20091118","MIA",3
"146","20091118","PHI",1
"147","20091120","ARI",1
"148","20091120","ATL",1
"149","20091120","BAL",2
"150","20091120","BUF",3
"151","20091120","DAL",2
"152","20091120","DEN",1
"153","20091120","DET",1
"154","20091120","IND",2
"155","20091120","LAR",1
"156","20091120","NOR",1
"157","20091120","NYJ",1
"158","20091120","PHI",1
"159","20091120","PIT",1
"160","20091120","SEA",1
"161","20091120","WAS",1
"162","20091125","DAL",2
"163","20091125","DEN",2
"164","20091125","DET",2
"165","20091125","GNB",1
"166","20091125","NYG",2
"167","20091125","OAK",1
"168","20091127","ARI",1
"169","20091127","IND",1
"170","20091127","KAN",3
"171","20091127","LAR",1
"172","20091127","NYJ",2
"173","20091127","PIT",2
"174","20091127","WAS",1
"175","20091202","ARI",1
"176","20091202","ATL",1
"177","20091202","BUF",3
"178","20091202","JAX",1
"179","20091202","LAR",1
"180","20091202","NYG",1
"181","20091202","NYJ",3
"182","20091202","PHI",2
"183","20091202","WAS",1
"184","20091204","CAR",1
"185","20091204","CLE",1
"186","20091204","DAL",2
"187","20091204","DET",2
"188","20091204","GNB",1
"189","20091204","HOU",1
"190","20091204","IND",5
"191","20091204","JAX",1
"192","20091204","KAN",1
"193","20091204","LAC",1
"194","20091204","LAR",2
"195","20091204","NOR",2
"196","20091204","NYG",1
"197","20091204","PHI",2
"198","20091204","PIT",2
"199","20091204","SFO",1
"200","20091204","TAM",2
"201","20091204","TEN",1
"202","20091209","CIN",2
"203","20091209","CLE",1
"204","20091209","GNB",1
"205","20091209","LAR",1
"206","20091209","PIT",1
"207","20091211","ATL",2
"208","20091211","BUF",2
"209","20091211","CAR",1
"210","20091211","DAL",1
"211","20091211","DET",1
"212","20091211","HOU",1
"213","20091211","LAC",1
"214","20091211","NOR",1
"215","20091211","NYJ",1
"216","20091211","WAS",3
"217","20091216","ARI",2
"218","20091216","CIN",2
"219","20091216","DAL",3
"220","20091216","GNB",1
"221","20091216","IND",5
"222","20091216","JAX",1
"223","20091216","LAR",1
"224","20091216","SEA",1
"225","20091216","SFO",1
"226","20091218","ARI",2
"227","20091218","BAL",2
"228","20091218","OAK",2
"229","20091218","PHI",1
"230","20091218","PIT",1
"231","20091218","TAM",1
"232","20091225","BUF",2
"233","20091225","DEN",2
"234","20091225","DET",1
"235","20091225","IND",2
"236","20091225","LAR",2
"237","20091225","NOR",2
"238","20091225","SFO",1
"239","20091230","GNB",1
"240","20091230","NYG",1
"241","20091230","SEA",1
"242","20100101","BUF",4
"243","20100101","CLE",1
"244","20100101","DEN",1
"245","20100101","DET",1
"246","20100101","JAX",3
"247","20100101","KAN",1
"248","20100101","LAR",1
"249","20100101","NOR",1
"250","20100101","NYG",2
"251","20100101","NYJ",1
"252","20100101","OAK",1
"253","20100101","TEN",1
"254","20100910","ATL",1
"255","20100910","BUF",2
"256","20100910","CAR",2
"257","20100910","CLE",1
"258","20100910","DAL",3
"259","20100910","DEN",2
"260","20100910","GNB",1
"261","20100910","JAX",2
"262","20100910","NWE",2
"263","20100910","NYG",1
"264","20100910","OAK",3
"265","20100910","TEN",1
"266","20100912","CLE",1
"267","20100915","LAR",2
"268","20100915","NYG",2
"269","20100915","NYJ",1
"270","20100917","ARI",1
"271","20100917","BUF",2
"272","20100917","CAR",1
"273","20100917","CIN",1
"274","20100917","DAL",2
"275","20100917","DEN",1
"276","20100917","DET",2
"277","20100917","IND",2
"278","20100917","JAX",1
"279","20100917","MIA",2
"280","20100917","NYG",1
"281","20100917","PHI",2
"282","20100917","PIT",2
"283","20100917","SEA",1
"284","20100917","TAM",1
"285","20100917","WAS",1
"286","20100922","ARI",1
"287","20100922","BAL",2
"288","20100922","LAR",3
"289","20100922","NYG",1
"290","20100922","NYJ",2
"291","20100924","ARI",1
"292","20100924","DEN",1
"293","20100924","DET",2
"294","20100924","IND",1
"295","20100924","JAX",2
"296","20100924","LAR",1
"297","20100924","NOR",3
"298","20100924","NYJ",1
"299","20100924","OAK",1
"300","20100924","PIT",2
"301","20100924","SEA",1
"302","20100924","TEN",1
"303","20100924","WAS",1
"304","20100929","BAL",2
"305","20100929","HOU",1
"306","20100929","NYG",1
"307","20100930","LAC",1
"308","20101001","ARI",2
"309","20101001","BAL",1
"310","20101001","BUF",3
"311","20101001","CAR",1
"312","20101001","CHI",2
"313","20101001","CIN",1
"314","20101001","DEN",3
"315","20101001","DET",2
"316","20101001","GNB",1
"317","20101001","IND",3
"318","20101001","JAX",1
"319","20101001","LAR",5
"320","20101001","NOR",1
"321","20101001","NYG",2
"322","20101001","NYJ",3
"323","20101001","OAK",5
"324","20101001","PIT",3
"325","20101001","TEN",1
"326","20101001","WAS",1
"327","20101002","MIA",2
"328","20101002","NWE",3
"329","20101008","ARI",2
"330","20101008","BAL",4
"331","20101008","BUF",4
"332","20101008","CAR",4
"333","20101008","CHI",3
"334","20101008","CIN",2
"335","20101008","CLE",1
"336","20101008","DEN",2
"337","20101008","DET",2
"338","20101008","GNB",4
"339","20101008","HOU",1
"340","20101008","IND",3
"341","20101008","JAX",1
"342","20101008","LAC",1
"343","20101008","LAR",4
"344","20101008","NOR",3
"345","20101008","NYG",5
"346","20101008","OAK",7
"347","20101008","PHI",3
"348","20101008","SFO",1
"349","20101008","TEN",2
"350","20101008","WAS",1
"351","20101013","BAL",2
"352","20101013","GNB",2
"353","20101013","HOU",1
"354","20101013","NYG",1
"355","20101013","TAM",1
"356","20101013","WAS",1
"357","20101015","CHI",2
"358","20101015","DEN",5
"359","20101015","DET",3
"360","20101015","GNB",1
"361","20101015","IND",2
"362","20101015","KAN",1
"363","20101015","LAC",1
"364","20101015","LAR",1
"365","20101015","MIN",1
"366","20101015","NOR",4
"367","20101015","NWE",1
"368","20101015","NYG",3
"369","20101015","OAK",5
"370","20101015","PHI",2
"371","20101015","SFO",2
"372","20101020","ATL",2
"373","20101020","BAL",3
"374","20101020","GNB",2
"375","20101020","WAS",1
"376","20101022","BAL",1
"377","20101022","BUF",2
"378","20101022","CAR",2
"379","20101022","CIN",2
"380","20101022","DEN",5
"381","20101022","HOU",1
"382","20101022","JAX",1
"383","20101022","KAN",1
"384","20101022","LAR",3
"385","20101022","MIN",1
"386","20101022","NOR",3
"387","20101022","NWE",2
"388","20101022","OAK",4
"389","20101022","PHI",3
"390","20101022","PIT",1
"391","20101022","SFO",2
"392","20101022","TAM",1
"393","20101027","CIN",1
"394","20101027","SFO",2
"395","20101027","TAM",1
"396","20101027","WAS",1
"397","20101029","BUF",1
"398","20101029","CAR",1
"399","20101029","DAL",4
"400","20101029","DEN",5
"401","20101029","DET",1
"402","20101029","LAC",1
"403","20101029","LAR",3
"404","20101029","MIA",1
"405","20101029","NOR",2
"406","20101029","NWE",2
"407","20101029","OAK",3
"408","20101029","PIT",1
"409","20101029","TAM",2
"410","20101029","TEN",3
"411","20101103","ATL",1
"412","20101103","GNB",2
"413","20101105","BAL",1
"414","20101105","BUF",1
"415","20101105","CAR",1
"416","20101105","CHI",1
"417","20101105","DAL",4
"418","20101105","DET",2
"419","20101105","IND",2
"420","20101105","LAC",1
"421","20101105","NOR",2
"422","20101105","NWE",2
"423","20101105","NYG",3
"424","20101105","OAK",3
"425","20101105","PHI",2
"426","20101105","SEA",3
"427","20101105","TAM",4
"428","20101110","ATL",1
"429","20101110","BAL",1
"430","20101110","CIN",1
"431","20101110","TEN",1
"432","20101112","BUF",1
"433","20101112","CAR",4
"434","20101112","CIN",1
"435","20101112","DAL",3
"436","20101112","DEN",2
"437","20101112","DET",2
"438","20101112","HOU",1
"439","20101112","IND",2
"440","20101112","LAR",2
"441","20101112","NWE",1
"442","20101112","NYG",5
"443","20101112","NYJ",1
"444","20101112","PIT",1
"445","20101112","SEA",2
"446","20101112","SFO",1
"447","20101112","TAM",3
"448","20101117","CHI",1
"449","20101117","CIN",2
"450","20101117","MIA",2
"451","20101119","BAL",1
"452","20101119","BUF",3
"453","20101119","CAR",6
"454","20101119","CLE",1
"455","20101119","DAL",2
"456","20101119","DET",4
"457","20101119","HOU",2
"458","20101119","IND",1
"459","20101119","KAN",2
"460","20101119","MIA",1
"461","20101119","MIN",1
"462","20101119","NOR",3
"463","20101119","NYG",4
"464","20101119","NYJ",3
"465","20101119","OAK",1
"466","20101119","PIT",1
"467","20101119","SEA",3
"468","20101119","SFO",2
"469","20101119","TAM",1
"470","20101119","TEN",2
"471","20101119","WAS",1
"472","20101124","CIN",2
"473","20101124","DAL",2
"474","20101124","DET",3
"475","20101124","GNB",1
"476","20101124","NOR",2
"477","20101124","NYJ",2
"478","20101126","BUF",4
"479","20101126","CLE",1
"480","20101126","DEN",3
"481","20101126","HOU",3
"482","20101126","IND",2
"483","20101126","JAX",1
"484","20101126","MIN",1
"485","20101126","NYG",4
"486","20101126","OAK",2
"487","20101126","PIT",2
"488","20101126","SEA",2
"489","20101126","TAM",1
"490","20101126","TEN",1
"491","20101126","WAS",2
"492","20101201","HOU",2
"493","20101201","LAR",1
"494","20101203","BUF",2
"495","20101203","CAR",1
"496","20101203","CHI",1
"497","20101203","DAL",2
"498","20101203","DEN",4
"499","20101203","DET",2
"500","20101203","GNB",1
"501","20101203","IND",1
"502","20101203","JAX",2
"503","20101203","KAN",1
"504","20101203","LAC",1
"505","20101203","MIN",1
"506","20101203","NOR",1
"507","20101203","NYG",4
"508","20101203","PIT",2
"509","20101203","SFO",2
"510","20101203","WAS",2
"511","20101208","GNB",2
"512","20101208","IND",5
"513","20101210","BUF",2
"514","20101210","CAR",1
"515","20101210","CHI",1
"516","20101210","DAL",2
"517","20101210","DEN",3
"518","20101210","DET",2
"519","20101210","GNB",1
"520","20101210","JAX",1
"521","20101210","LAC",1
"522","20101210","LAR",1
"523","20101210","MIA",2
"524","20101210","MIN",2
"525","20101210","NYG",1
"526","20101210","NYJ",1
"527","20101210","PIT",3
"528","20101210","SFO",2
"529","20101215","GNB",1
"530","20101215","LAC",2
"531","20101215","NYG",1
"532","20101215","PHI",1
"533","20101215","SFO",2
"534","20101217","BAL",2
"535","20101217","BUF",1
"536","20101217","DAL",1
"537","20101217","DEN",3
"538","20101217","DET",1
"539","20101217","HOU",1
"540","20101217","JAX",2
"541","20101217","LAR",1
"542","20101217","NOR",2
"543","20101217","NYJ",3
"544","20101217","PHI",1
"545","20101217","PIT",1
"546","20101217","TEN",2
"547","20101217","WAS",1
"548","20101222","CAR",1
"549","20101222","GNB",1
"550","20101222","PHI",1
"551","20101222","PIT",3
"552","20101224","BAL",2
"553","20101224","CIN",1
"554","20101224","GNB",1
"555","20101224","HOU",1
"556","20101224","IND",1
"557","20101224","JAX",1
"558","20101224","KAN",1
"559","20101224","LAC",2
"560","20101224","LAR",1
"561","20101224","MIN",1
"562","20101224","NYG",2
"563","20101224","NYJ",2
"564","20101224","SFO",2
"565","20101224","WAS",3
"566","20101225","NOR",1
"567","20101229","GNB",2
"568","20101229","PHI",1
"569","20101229","TAM",1
"570","20101231","BAL",2
"571","20101231","BUF",2
"572","20101231","CAR",3
"573","20101231","CIN",1
"574","20101231","GNB",2
"575","20101231","HOU",1
"576","20101231","JAX",3
"577","20101231","MIA",2
"578","20101231","NYG",3
"579","20101231","NYJ",2
"580","20101231","PIT",2
"581","20101231","SFO",5
"582","20110107","GNB",3
"583","20110107","NOR",4
"584","20110114","GNB",1
"585","20110121","GNB",1
"586","20110204","PIT",2
"587","20110906","GNB",3
"588","20110907","NOR",2
"589","20110909","ARI",1
"590","20110909","ATL",2
"591","20110909","BUF",1
"592","20110909","CAR",2
"593","20110909","CHI",1
"594","20110909","CIN",2
"595","20110909","CLE",2
"596","20110909","DAL",3
"597","20110909","DET",3
"598","20110909","HOU",1
"599","20110909","IND",1
"600","20110909","KAN",1
"601","20110909","NYG",3
"602","20110909","NYJ",2
"603","20110909","PIT",1
"604","20110909","SEA",1
"605","20110909","TAM",1
"606","20110910","DEN",4
"607","20110910","MIA",1
"608","20110910","OAK",3
"609","20110914","GNB",1
"610","20110914","IND",3
"611","20110914","NYJ",2
"612","20110916","ARI",2
"613","20110916","ATL",2
"614","20110916","BAL",2
"615","20110916","BUF",3
"616","20110916","CIN",1
"617","20110916","CLE",3
"618","20110916","DAL",2
"619","20110916","DEN",4
"620","20110916","DET",3
"621","20110916","GNB",3
"622","20110916","HOU",1
"623","20110916","IND",2
"624","20110916","JAX",2
"625","20110916","KAN",1
"626","20110916","LAC",2
"627","20110916","MIA",1
"628","20110916","NOR",2
"629","20110916","NWE",2
"630","20110916","OAK",3
"631","20110916","PHI",1
"632","20110916","PIT",1
"633","20110916","SEA",5
"634","20110916","TAM",2
"635","20110917","LAR",1
"636","20110917","NYG",3
"637","20110921","GNB",3
"638","20110921","IND",2
"639","20110921","NYJ",2
"640","20110922","NYG",1
"641","20110922","SEA",1
"642","20110922","SFO",2
"643","20110923","ARI",1
"644","20110923","ATL",2
"645","20110923","BAL",3
"646","20110923","BUF",3
"647","20110923","CHI",2
"648","20110923","CIN",1
"649","20110923","CLE",2
"650","20110923","DEN",5
"651","20110923","DET",2
"652","20110923","GNB",3
"653","20110923","HOU",2
"654","20110923","IND",2
"655","20110923","JAX",2
"656","20110923","KAN",1
"657","20110923","LAC",1
"658","20110923","MIA",2
"659","20110923","NOR",2
"660","20110923","NWE",3
"661","20110923","NYG",2
"662","20110923","NYJ",3
"663","20110923","OAK",3
"664","20110923","PHI",2
"665","20110923","PIT",1
"666","20110923","SEA",3
"667","20110923","SFO",1
"668","20110923","TAM",2
"669","20110928","GNB",3
"670","20110928","NYJ",1
"671","20110929","IND",1
"672","20110929","SEA",1
"673","20110929","SFO",2
"674","20110930","ARI",1
"675","20110930","ATL",4
"676","20110930","BAL",4
"677","20110930","BUF",3
"678","20110930","CHI",2
"679","20110930","CIN",1
"680","20110930","DAL",5
"681","20110930","DEN",3
"682","20110930","DET",4
"683","20110930","GNB",2
"684","20110930","HOU",1
"685","20110930","JAX",2
"686","20110930","KAN",1
"687","20110930","LAC",2
"688","20110930","MIA",1
"689","20110930","NOR",5
"690","20110930","NWE",3
"691","20110930","NYG",2
"692","20110930","OAK",2
"693","20110930","PHI",2
"694","20110930","PIT",3
"695","20111002","TAM",2
"696","20111005","GNB",2
"697","20111005","IND",1
"698","20111005","NYJ",2
"699","20111005","TEN",1
"700","20111006","SEA",1
"701","20111006","SFO",3
"702","20111007","ARI",1
"703","20111007","ATL",2
"704","20111007","BUF",5
"705","20111007","DEN",3
"706","20111007","GNB",2
"707","20111007","HOU",1
"708","20111007","JAX",2
"709","20111007","LAC",2
"710","20111007","NOR",2
"711","20111007","NYG",2
"712","20111007","NYJ",1
"713","20111007","OAK",3
"714","20111007","PHI",2
"715","20111007","PIT",6
"716","20111007","SEA",1
"717","20111007","TAM",4
"718","20111012","GNB",2
"719","20111012","IND",1
"720","20111012","SFO",3
"721","20111013","NYJ",1
"722","20111014","ATL",2
"723","20111014","BAL",4
"724","20111014","BUF",4
"725","20111014","CAR",1
"726","20111014","CHI",2
"727","20111014","CIN",1
"728","20111014","DAL",4
"729","20111014","DET",3
"730","20111014","HOU",1
"731","20111014","JAX",3
"732","20111014","NOR",3
"733","20111014","NWE",1
"734","20111014","NYG",5
"735","20111014","OAK",4
"736","20111014","PHI",2
"737","20111014","PIT",7
"738","20111014","TAM",3
"739","20111015","NYJ",3
"740","20111019","GNB",3
"741","20111019","IND",1
"742","20111019","NYJ",1
"743","20111019","WAS",1
"744","20111020","BAL",2
"745","20111021","ARI",1
"746","20111021","ATL",1
"747","20111021","CHI",2
"748","20111021","CLE",1
"749","20111021","DAL",3
"750","20111021","DET",1
"751","20111021","GNB",1
"752","20111021","HOU",1
"753","20111021","LAC",1
"754","20111021","LAR",2
"755","20111021","NOR",3
"756","20111021","NYJ",1
"757","20111021","OAK",2
"758","20111021","PIT",4
"759","20111021","SEA",1
"760","20111021","TAM",2
"761","20111021","TEN",2
"762","20111021","WAS",2
"763","20111022","BAL",2
"764","20111022","JAX",1
"765","20111026","IND",2
"766","20111026","WAS",1
"767","20111028","ARI",1
"768","20111028","BAL",4
"769","20111028","BUF",5
"770","20111028","CIN",1
"771","20111028","CLE",2
"772","20111028","DAL",1
"773","20111028","DEN",1
"774","20111028","DET",1
"775","20111028","HOU",2
"776","20111028","JAX",4
"777","20111028","LAR",3
"778","20111028","MIN",1
"779","20111028","NOR",1
"780","20111028","NWE",1
"781","20111028","NYG",1
"782","20111028","PIT",4
"783","20111028","TEN",2
"784","20111028","WAS",2
"785","20111029","LAC",3
"786","20111102","GNB",2
"787","20111102","IND",2
"788","20111102","WAS",2
"789","20111104","ARI",4
"790","20111104","ATL",1
"791","20111104","BAL",2
"792","20111104","BUF",3
"793","20111104","CLE",3
"794","20111104","DAL",2
"795","20111104","DEN",2
"796","20111104","HOU",2
"797","20111104","LAC",2
"798","20111104","LAR",4
"799","20111104","NOR",1
"800","20111104","NWE",1
"801","20111104","NYG",1
"802","20111104","OAK",3
"803","20111104","PIT",3
"804","20111104","TAM",2
"805","20111104","TEN",1
"806","20111105","CHI",1
"807","20111109","IND",4
"808","20111109","LAC",2
"809","20111109","OAK",4
"810","20111109","WAS",2
"811","20111110","GNB",2
"812","20111111","ARI",2
"813","20111111","ATL",1
"814","20111111","BAL",1
"815","20111111","BUF",3
"816","20111111","CAR",1
"817","20111111","CHI",1
"818","20111111","CIN",1
"819","20111111","CLE",3
"820","20111111","DAL",3
"821","20111111","DET",1
"822","20111111","HOU",2
"823","20111111","JAX",3
"824","20111111","KAN",1
"825","20111111","LAR",4
"826","20111111","NOR",2
"827","20111111","NWE",2
"828","20111111","NYG",2
"829","20111111","PHI",2
"830","20111111","PIT",3
"831","20111111","SEA",1
"832","20111111","TEN",1
"833","20111111","WAS",1
"834","20111112","MIN",1
"835","20111116","GNB",1
"836","20111116","MIN",1
"837","20111116","NYJ",4
"838","20111116","WAS",1
"839","20111117","KAN",1
"840","20111118","ARI",2
"841","20111118","ATL",1
"842","20111118","BAL",2
"843","20111118","BUF",1
"844","20111118","CAR",1
"845","20111118","CLE",2
"846","20111118","DAL",3
"847","20111118","DET",2
"848","20111118","GNB",1
"849","20111118","JAX",1
"850","20111118","LAC",4
"851","20111118","LAR",2
"852","20111118","MIN",2
"853","20111118","NYG",1
"854","20111118","OAK",4
"855","20111118","PHI",2
"856","20111118","SEA",1
"857","20111118","TEN",1
"858","20111118","WAS",2
"859","20111119","KAN",1
"860","20111119","NWE",2
"861","20111123","BAL",1
"862","20111123","CHI",1
"863","20111123","DAL",4
"864","20111123","DET",2
"865","20111123","GNB",1
"866","20111123","IND",2
"867","20111123","MIA",1
"868","20111123","MIN",1
"869","20111125","ARI",2
"870","20111125","ATL",1
"871","20111125","BUF",3
"872","20111125","CLE",2
"873","20111125","JAX",2
"874","20111125","KAN",1
"875","20111125","LAC",3
"876","20111125","LAR",3
"877","20111125","MIN",2
"878","20111125","NWE",2
"879","20111125","OAK",4
"880","20111125","PHI",1
"881","20111125","TEN",1
"882","20111126","NOR",1
"883","20111126","NYG",3
"884","20111130","CHI",1
"885","20111130","GNB",2
"886","20111130","IND",2
"887","20111130","MIN",1
"888","20111130","PHI",4
"889","20111130","SEA",1
"890","20111202","ATL",1
"891","20111202","BAL",1
"892","20111202","BUF",1
"893","20111202","CAR",1
"894","20111202","CLE",2
"895","20111202","DAL",5
"896","20111202","DET",1
"897","20111202","GNB",2
"898","20111202","HOU",1
"899","20111202","LAR",2
"900","20111202","MIN",1
"901","20111202","NOR",1
"902","20111202","NWE",1
"903","20111202","NYG",2
"904","20111202","NYJ",1
"905","20111202","OAK",6
"906","20111202","PIT",2
"907","20111202","TAM",1
"908","20111202","TEN",1
"909","20111202","WAS",1
"910","20111203","LAC",1
"911","20111207","CHI",1
"912","20111207","CLE",2
"913","20111207","GNB",2
"914","20111207","IND",1
"915","20111207","MIN",1
"916","20111207","PIT",5
"917","20111209","ATL",1
"918","20111209","BAL",1
"919","20111209","BUF",1
"920","20111209","CAR",2
"921","20111209","CHI",2
"922","20111209","CIN",1
"923","20111209","DAL",2
"924","20111209","DET",1
"925","20111209","GNB",3
"926","20111209","HOU",1
"927","20111209","IND",1
"928","20111209","JAX",2
"929","20111209","NOR",3
"930","20111209","NWE",1
"931","20111209","NYG",4
"932","20111209","OAK",5
"933","20111209","TAM",1
"934","20111209","TEN",1
"935","20111209","WAS",2
"936","20111210","LAR",2
"937","20111214","GNB",2
"938","20111214","HOU",1
"939","20111214","IND",1
"940","20111214","JAX",3
"941","20111214","MIN",1
"942","20111214","TEN",1
"943","20111216","ARI",1
"944","20111216","BUF",1
"945","20111216","CAR",1
"946","20111216","CHI",2
"947","20111216","CIN",1
"948","20111216","CLE",3
"949","20111216","DAL",2
"950","20111216","GNB",2
"951","20111216","HOU",3
"952","20111216","IND",2
"953","20111216","LAR",1
"954","20111216","MIA",1
"955","20111216","NOR",2
"956","20111216","NYG",5
"957","20111216","NYJ",1
"958","20111216","OAK",3
"959","20111216","TAM",1
"960","20111216","TEN",1
"961","20111216","WAS",2
"962","20111217","PIT",3
"963","20111219","CHI",1
"964","20111221","GNB",2
"965","20111221","HOU",4
"966","20111221","IND",1
"967","20111221","MIN",1
"968","20111222","BAL",1
"969","20111223","ARI",1
"970","20111223","BUF",2
"971","20111223","CHI",2
"972","20111223","CLE",2
"973","20111223","DAL",2
"974","20111223","GNB",2
"975","20111223","JAX",2
"976","20111223","KAN",1
"977","20111223","LAC",1
"978","20111223","LAR",1
"979","20111223","MIA",1
"980","20111223","MIN",2
"981","20111223","NYG",3
"982","20111223","OAK",4
"983","20111223","PHI",1
"984","20111223","PIT",3
"985","20111223","TEN",1
"986","20111228","BAL",1
"987","20111228","GNB",1
"988","20111228","IND",1
"989","20111228","MIN",1
"990","20111230","ARI",1
"991","20111230","BUF",3
"992","20111230","CAR",2
"993","20111230","CLE",3
"994","20111230","GNB",2
"995","20111230","HOU",3
"996","20111230","IND",2
"997","20111230","JAX",1
"998","20111230","KAN",1
"999","20111230","LAC",1
"1000","20111230","MIA",1
"1001","20111230","NOR",3
"1002","20111230","NWE",2
"1003","20111230","NYG",2
"1004","20111230","OAK",2
"1005","20111230","PHI",1
"1006","20111230","PIT",2
"1007","20111230","SFO",1
"1008","20111230","TAM",1
"1009","20120106","DEN",1
"1010","20120106","NOR",3
"1011","20120106","NYG",1
"1012","20120106","PIT",2
"1013","20120113","DEN",1
"1014","20120113","NOR",2
"1015","20120113","NYG",1
"1016","20120820","NOR",1
"1017","20120905","DAL",2
"1018","20120905","GNB",1
"1019","20120905","NYG",3
"1020","20120905","NYJ",1
"1021","20120905","PHI",2
"1022","20120906","CIN",1
"1023","20120907","CAR",1
"1024","20120907","CLE",1
"1025","20120907","DEN",1
"1026","20120907","GNB",2
"1027","20120907","IND",2
"1028","20120907","JAX",3
"1029","20120907","LAR",3
"1030","20120907","MIN",3
"1031","20120907","NOR",1
"1032","20120907","NWE",1
"1033","20120907","NYJ",1
"1034","20120907","PIT",2
"1035","20120907","SEA",3
"1036","20120907","TEN",1
"1037","20120907","WAS",1
"1038","20120908","LAC",2
"1039","20120908","OAK",1
"1040","20120912","CIN",1
"1041","20120912","GNB",1
"1042","20120913","NYJ",1
"1043","20120913","SEA",1
"1044","20120914","BAL",1
"1045","20120914","BUF",1
"1046","20120914","CLE",2
"1047","20120914","DAL",3
"1048","20120914","DET",1
"1049","20120914","IND",3
"1050","20120914","JAX",5
"1051","20120914","KAN",4
"1052","20120914","LAC",2
"1053","20120914","LAR",3
"1054","20120914","MIA",2
"1055","20120914","NOR",3
"1056","20120914","NYG",1
"1057","20120914","NYJ",3
"1058","20120914","OAK",2
"1059","20120914","PHI",1
"1060","20120914","PIT",1
"1061","20120914","TEN",3
"1062","20120914","WAS",1
"1063","20120915","DEN",1
"1064","20120919","CAR",1
"1065","20120919","NYG",5
"1066","20120919","NYJ",1
"1067","20120921","ATL",2
"1068","20120921","BUF",2
"1069","20120921","CHI",1
"1070","20120921","CIN",1
"1071","20120921","CLE",2
"1072","20120921","DAL",5
"1073","20120921","DEN",1
"1074","20120921","IND",2
"1075","20120921","JAX",3
"1076","20120921","KAN",3
"1077","20120921","LAC",2
"1078","20120921","LAR",3
"1079","20120921","MIA",1
"1080","20120921","MIN",2
"1081","20120921","NOR",1
"1082","20120921","NWE",2
"1083","20120921","OAK",2
"1084","20120921","PHI",3
"1085","20120921","PIT",4
"1086","20120921","TAM",1
"1087","20120921","TEN",1
"1088","20120922","GNB",1
"1089","20120922","SEA",1
"1090","20120926","CLE",3
"1091","20120927","NYJ",1
"1092","20120928","ATL",4
"1093","20120928","BUF",1
"1094","20120928","CAR",1
"1095","20120928","CIN",1
"1096","20120928","DEN",1
"1097","20120928","DET",1
"1098","20120928","GNB",1
"1099","20120928","HOU",1
"1100","20120928","JAX",2
"1101","20120928","KAN",1
"1102","20120928","LAC",1
"1103","20120928","LAR",2
"1104","20120928","MIN",2
"1105","20120928","NOR",3
"1106","20120928","NWE",2
"1107","20120928","NYG",3
"1108","20120928","OAK",2
"1109","20120928","PHI",2
"1110","20120928","TAM",1
"1111","20120928","TEN",1
"1112","20120928","WAS",1
"1113","20120929","CHI",1
"1114","20120929","DAL",5
"1115","20121003","LAR",2
"1116","20121003","WAS",1
"1117","20121004","GNB",1
"1118","20121004","NYG",1
"1119","20121004","NYJ",1
"1120","20121004","SEA",1
"1121","20121005","ATL",1
"1122","20121005","BUF",3
"1123","20121005","CAR",1
"1124","20121005","CHI",1
"1125","20121005","CLE",2
"1126","20121005","GNB",1
"1127","20121005","IND",5
"1128","20121005","JAX",2
"1129","20121005","KAN",3
"1130","20121005","LAC",2
"1131","20121005","MIA",1
"1132","20121005","MIN",2
"1133","20121005","NOR",4
"1134","20121005","NWE",2
"1135","20121005","NYG",4
"1136","20121005","PHI",1
"1137","20121005","SEA",1
"1138","20121005","TEN",1
"1139","20121005","WAS",1
"1140","20121006","HOU",2
"1141","20121010","NYJ",1
"1142","20121010","PIT",2
"1143","20121010","TEN",3
"1144","20121010","WAS",1
"1145","20121011","KAN",1
"1146","20121011","SEA",1
"1147","20121012","ATL",2
"1148","20121012","BUF",4
"1149","20121012","CLE",4
"1150","20121012","DAL",1
"1151","20121012","DET",1
"1152","20121012","GNB",2
"1153","20121012","HOU",1
"1154","20121012","IND",6
"1155","20121012","KAN",3
"1156","20121012","LAR",3
"1157","20121012","MIA",2
"1158","20121012","MIN",1
"1159","20121012","NWE",2
"1160","20121012","NYG",3
"1161","20121012","OAK",3
"1162","20121012","SEA",1
"1163","20121012","WAS",1
"1164","20121017","SEA",1
"1165","20121017","WAS",1
"1166","20121018","CHI",1
"1167","20121019","ARI",2
"1168","20121019","BUF",3
"1169","20121019","CAR",1
"1170","20121019","CLE",3
"1171","20121019","DAL",3
"1172","20121019","GNB",4
"1173","20121019","HOU",1
"1174","20121019","IND",6
"1175","20121019","JAX",3
"1176","20121019","LAR",3
"1177","20121019","MIN",1
"1178","20121019","NOR",1
"1179","20121019","NWE",3
"1180","20121019","NYG",4
"1181","20121019","OAK",3
"1182","20121019","PIT",5
"1183","20121019","TEN",3
"1184","20121020","DET",1
"1185","20121024","CHI",1
"1186","20121024","GNB",1
"1187","20121024","MIN",2
"1188","20121026","ATL",1
"1189","20121026","CAR",1
"1190","20121026","CLE",2
"1191","20121026","DAL",4
"1192","20121026","DET",2
"1193","20121026","GNB",4
"1194","20121026","IND",2
"1195","20121026","JAX",2
"1196","20121026","LAR",2
"1197","20121026","MIA",1
"1198","20121026","NOR",1
"1199","20121026","NWE",6
"1200","20121026","NYG",1
"1201","20121026","OAK",2
"1202","20121026","PIT",4
"1203","20121026","SEA",2
"1204","20121026","TEN",3
"1205","20121026","WAS",2
"1206","20121027","ARI",1
"1207","20121031","KAN",2
"1208","20121101","CHI",1
"1209","20121101","GNB",2
"1210","20121101","PHI",1
"1211","20121102","ARI",2
"1212","20121102","ATL",3
"1213","20121102","BAL",1
"1214","20121102","BUF",1
"1215","20121102","CIN",1
"1216","20121102","CLE",1
"1217","20121102","DAL",5
"1218","20121102","DEN",1
"1219","20121102","DET",2
"1220","20121102","GNB",4
"1221","20121102","HOU",1
"1222","20121102","IND",2
"1223","20121102","JAX",4
"1224","20121102","MIA",1
"1225","20121102","MIN",1
"1226","20121102","NYG",2
"1227","20121102","OAK",2
"1228","20121102","PIT",3
"1229","20121102","SEA",2
"1230","20121102","TEN",2
"1231","20121102","WAS",2
"1232","20121103","NOR",2
"1233","20121107","IND",3
"1234","20121107","JAX",3
"1235","20121107","PHI",1
"1236","20121108","KAN",2
"1237","20121109","ATL",3
"1238","20121109","BAL",1
"1239","20121109","BUF",2
"1240","20121109","CIN",1
"1241","20121109","DAL",4
"1242","20121109","DEN",2
"1243","20121109","DET",2
"1244","20121109","HOU",2
"1245","20121109","MIN",1
"1246","20121109","NOR",4
"1247","20121109","NWE",2
"1248","20121109","NYG",3
"1249","20121109","NYJ",2
"1250","20121109","OAK",4
"1251","20121109","PHI",2
"1252","20121109","SEA",2
"1253","20121109","TEN",2
"1254","20121110","PIT",4
"1255","20121114","BUF",4
"1256","20121114","GNB",3
"1257","20121114","PHI",2
"1258","20121115","KAN",1
"1259","20121116","ARI",1
"1260","20121116","ATL",2
"1261","20121116","BAL",1
"1262","20121116","CAR",1
"1263","20121116","CLE",2
"1264","20121116","DAL",3
"1265","20121116","DEN",1
"1266","20121116","DET",2
"1267","20121116","GNB",1
"1268","20121116","HOU",1
"1269","20121116","IND",2
"1270","20121116","JAX",4
"1271","20121116","KAN",2
"1272","20121116","LAC",1
"1273","20121116","NOR",3
"1274","20121116","OAK",3
"1275","20121116","PHI",2
"1276","20121116","PIT",4
"1277","20121117","CHI",3
"1278","20121121","CHI",1
"1279","20121121","DAL",3
"1280","20121121","GNB",2
"1281","20121121","NWE",3
"1282","20121123","ATL",1
"1283","20121123","BAL",1
"1284","20121123","BUF",2
"1285","20121123","CLE",2
"1286","20121123","GNB",2
"1287","20121123","JAX",3
"1288","20121123","LAC",2
"1289","20121123","LAR",1
"1290","20121123","NOR",4
"1291","20121123","NYG",2
"1292","20121123","OAK",3
"1293","20121123","PIT",4
"1294","20121123","TAM",1
"1295","20121124","CAR",1
"1296","20121124","PHI",4
"1297","20121128","BAL",1
"1298","20121128","GNB",2
"1299","20121128","NOR",5
"1300","20121129","CHI",2
"1301","20121130","BUF",2
"1302","20121130","CIN",1
"1303","20121130","CLE",3
"1304","20121130","DAL",3
"1305","20121130","GNB",4
"1306","20121130","HOU",5
"1307","20121130","IND",1
"1308","20121130","JAX",3
"1309","20121130","LAC",3
"1310","20121130","LAR",1
"1311","20121130","NWE",3
"1312","20121130","OAK",2
"1313","20121130","PHI",3
"1314","20121130","PIT",4
"1315","20121130","TEN",1
"1316","20121205","CHI",1
"1317","20121205","OAK",1
"1318","20121206","IND",2
"1319","20121206","NOR",1
"1320","20121207","BAL",2
"1321","20121207","BUF",2
"1322","20121207","CHI",2
"1323","20121207","CIN",1
"1324","20121207","DAL",3
"1325","20121207","GNB",5
"1326","20121207","IND",1
"1327","20121207","JAX",6
"1328","20121207","LAC",3
"1329","20121207","LAR",1
"1330","20121207","NOR",1
"1331","20121207","NYG",2
"1332","20121207","NYJ",1
"1333","20121207","OAK",1
"1334","20121207","PHI",4
"1335","20121207","PIT",3
"1336","20121207","SEA",1
"1337","20121207","TAM",1
"1338","20121207","TEN",2
"1339","20121208","HOU",2
"1340","20121208","NWE",1
"1341","20121212","BAL",1
"1342","20121212","CIN",1
"1343","20121212","GNB",1
"1344","20121212","KAN",1
"1345","20121212","PHI",4
"1346","20121214","ARI",1
"1347","20121214","BUF",1
"1348","20121214","CAR",3
"1349","20121214","CHI",3
"1350","20121214","DAL",1
"1351","20121214","GNB",3
"1352","20121214","HOU",2
"1353","20121214","IND",5
"1354","20121214","JAX",5
"1355","20121214","LAC",1
"1356","20121214","MIA",2
"1357","20121214","NOR",5
"1358","20121214","NYG",4
"1359","20121214","PIT",3
"1360","20121214","SEA",2
"1361","20121215","TEN",3
"1362","20121221","ARI",2
"1363","20121221","BAL",1
"1364","20121221","BUF",3
"1365","20121221","CHI",1
"1366","20121221","CLE",3
"1367","20121221","DAL",1
"1368","20121221","GNB",5
"1369","20121221","HOU",1
"1370","20121221","IND",4
"1371","20121221","JAX",2
"1372","20121221","MIA",2
"1373","20121221","NOR",1
"1374","20121221","OAK",1
"1375","20121221","PHI",1
"1376","20121221","PIT",1
"1377","20121221","TEN",1
"1378","20121226","OAK",1
"1379","20121227","GNB",1
"1380","20121228","ARI",1
"1381","20121228","ATL",2
"1382","20121228","BUF",2
"1383","20121228","CHI",2
"1384","20121228","CLE",5
"1385","20121228","DAL",1
"1386","20121228","DEN",1
"1387","20121228","DET",1
"1388","20121228","GNB",1
"1389","20121228","HOU",1
"1390","20121228","IND",4
"1391","20121228","JAX",1
"1392","20121228","KAN",1
"1393","20121228","MIA",1
"1394","20121228","NOR",2
"1395","20121228","PHI",2
"1396","20121228","PIT",1
"1397","20121228","SEA",1
"1398","20121228","TEN",2
"1399","20130102","GNB",1
"1400","20130104","GNB",1
"1401","20130104","IND",1
"1402","20130104","MIN",1
"1403","20130109","GNB",1
"1404","20130111","ATL",1
"1405","20130111","DEN",1
"1406","20130111","GNB",1
"1407","20130118","BAL",1
"1408","20130720","SFO",1
"1409","20130722","SFO",1
"1410","20130727","BAL",2
"1411","20130903","BAL",2
"1412","20130905","CLE",1
"1413","20130905","DEN",3
"1414","20130905","GNB",1
"1415","20130905","NYG",1
"1416","20130906","ARI",1
"1417","20130906","BUF",3
"1418","20130906","CAR",2
"1419","20130906","CIN",2
"1420","20130906","CLE",1
"1421","20130906","DAL",2
"1422","20130906","IND",1
"1423","20130906","JAX",1
"1424","20130906","KAN",1
"1425","20130906","LAR",4
"1426","20130906","MIA",3
"1427","20130906","MIN",1
"1428","20130906","NOR",2
"1429","20130906","NWE",1
"1430","20130906","NYG",2
"1431","20130906","NYJ",2
"1432","20130906","OAK",3
"1433","20130906","PIT",1
"1434","20130906","SEA",3
"1435","20130906","TAM",2
"1436","20130906","TEN",1
"1437","20130907","HOU",2
"1438","20130907","LAC",1
"1439","20130907","PHI",1
"1440","20130911","BAL",1
"1441","20130911","GNB",1
"1442","20130911","NYJ",3
"1443","20130912","TAM",1
"1444","20130913","ARI",1
"1445","20130913","BUF",5
"1446","20130913","CAR",2
"1447","20130913","CLE",1
"1448","20130913","DAL",1
"1449","20130913","DEN",2
"1450","20130913","DET",1
"1451","20130913","IND",1
"1452","20130913","JAX",2
"1453","20130913","LAC",1
"1454","20130913","LAR",1
"1455","20130913","MIA",3
"1456","20130913","NOR",3
"1457","20130913","NYG",2
"1458","20130913","OAK",2
"1459","20130913","PHI",2
"1460","20130913","SEA",1
"1461","20130913","TAM",1
"1462","20130914","CIN",2
"1463","20130914","PIT",3
"1464","20130918","ATL",1
"1465","20130918","BAL",1
"1466","20130918","CLE",2
"1467","20130918","GNB",1
"1468","20130918","TAM",1
"1469","20130919","SEA",1
"1470","20130920","ARI",1
"1471","20130920","ATL",1
"1472","20130920","BAL",1
"1473","20130920","BUF",4
"1474","20130920","CAR",4
"1475","20130920","CIN",1
"1476","20130920","DAL",1
"1477","20130920","DET",1
"1478","20130920","GNB",2
"1479","20130920","IND",1
"1480","20130920","JAX",4
"1481","20130920","LAC",1
"1482","20130920","LAR",1
"1483","20130920","MIA",2
"1484","20130920","MIN",1
"1485","20130920","NOR",2
"1486","20130920","NWE",1
"1487","20130920","NYG",2
"1488","20130920","NYJ",1
"1489","20130920","PIT",1
"1490","20130920","SEA",1
"1491","20130920","TAM",2
"1492","20130920","TEN",2
"1493","20130921","OAK",3
"1494","20130925","BAL",1
"1495","20130925","CHI",1
"1496","20130925","LAR",2
"1497","20130925","TAM",1
"1498","20130927","ARI",1
"1499","20130927","ATL",1
"1500","20130927","BUF",4
"1501","20130927","CLE",3
"1502","20130927","DAL",1
"1503","20130927","DET",1
"1504","20130927","HOU",1
"1505","20130927","IND",3
"1506","20130927","JAX",4
"1507","20130927","KAN",1
"1508","20130927","LAC",1
"1509","20130927","MIN",4
"1510","20130927","NWE",1
"1511","20130927","NYG",4
"1512","20130927","NYJ",3
"1513","20130927","OAK",2
"1514","20130927","SEA",3
"1515","20130927","TAM",3
"1516","20130927","TEN",2
"1517","20130928","MIA",1
"1518","20130928","NOR",2
"1519","20130928","SFO",1
"1520","20130930","LAC",1
"1521","20130930","NWE",1
"1522","20131002","BUF",4
"1523","20131002","CLE",1
"1524","20131002","DET",1
"1525","20131002","GNB",3
"1526","20131002","TEN",1
"1527","20131003","ATL",2
"1528","20131003","SFO",1
"1529","20131004","CAR",3
"1530","20131004","CHI",1
"1531","20131004","HOU",2
"1532","20131004","IND",5
"1533","20131004","JAX",6
"1534","20131004","KAN",2
"1535","20131004","LAC",1
"1536","20131004","LAR",1
"1537","20131004","MIA",1
"1538","20131004","NOR",5
"1539","20131004","NWE",1
"1540","20131004","NYG",5
"1541","20131004","OAK",1
"1542","20131004","SEA",2
"1543","20131004","TEN",2
"1544","20131005","ATL",1
"1545","20131005","NYJ",3
"1546","20131009","CHI",1
"1547","20131009","CLE",1
"1548","20131009","DET",1
"1549","20131009","GNB",4
"1550","20131009","KAN",1
"1551","20131009","NYG",6
"1552","20131009","PIT",1
"1553","20131010","LAC",1
"1554","20131010","SFO",1
"1555","20131011","BUF",2
"1556","20131011","CAR",1
"1557","20131011","CLE",1
"1558","20131011","DAL",2
"1559","20131011","DET",2
"1560","20131011","GNB",1
"1561","20131011","HOU",1
"1562","20131011","JAX",5
"1563","20131011","NOR",2
"1564","20131011","NWE",2
"1565","20131011","NYJ",2
"1566","20131011","OAK",3
"1567","20131011","SEA",2
"1568","20131011","TAM",1
"1569","20131011","TEN",3
"1570","20131012","IND",2
"1571","20131012","LAC",1
"1572","20131016","ARI",1
"1573","20131016","CHI",1
"1574","20131016","DET",1
"1575","20131016","GNB",4
"1576","20131016","PIT",1
"1577","20131016","SEA",3
"1578","20131016","TAM",1
"1579","20131017","NYG",1
"1580","20131017","SFO",1
"1581","20131017","TAM",1
"1582","20131018","ATL",4
"1583","20131018","BAL",1
"1584","20131018","BUF",1
"1585","20131018","CAR",1
"1586","20131018","CLE",1
"1587","20131018","DAL",2
"1588","20131018","DET",1
"1589","20131018","GNB",1
"1590","20131018","HOU",2
"1591","20131018","IND",1
"1592","20131018","JAX",4
"1593","20131018","LAC",1
"1594","20131018","LAR",1
"1595","20131018","NWE",3
"1596","20131018","NYJ",2
"1597","20131018","PIT",1
"1598","20131018","TEN",2
"1599","20131023","CIN",2
"1600","20131023","DET",1
"1601","20131023","GNB",2
"1602","20131023","NYG",1
"1603","20131023","PIT",1
"1604","20131023","SFO",1
"1605","20131023","TAM",3
"1606","20131025","ATL",3
"1607","20131025","BUF",1
"1608","20131025","DAL",2
"1609","20131025","DEN",1
"1610","20131025","DET",1
"1611","20131025","GNB",1
"1612","20131025","MIN",4
"1613","20131025","NOR",3
"1614","20131025","NWE",2
"1615","20131025","NYJ",1
"1616","20131025","OAK",1
"1617","20131025","PHI",2
"1618","20131025","PIT",1
"1619","20131026","SEA",3
"1620","20131030","CIN",2
"1621","20131030","TAM",2
"1622","20131031","GNB",2
"1623","20131031","KAN",1
"1624","20131101","ATL",1
"1625","20131101","BAL",1
"1626","20131101","BUF",1
"1627","20131101","DAL",4
"1628","20131101","IND",3
"1629","20131101","LAC",1
"1630","20131101","LAR",1
"1631","20131101","MIN",5
"1632","20131101","NWE",1
"1633","20131101","NYJ",1
"1634","20131101","OAK",3
"1635","20131101","PHI",1
"1636","20131101","PIT",2
"1637","20131101","SEA",3
"1638","20131101","TAM",1
"1639","20131101","TEN",1
"1640","20131102","CHI",2
"1641","20131103","HOU",1
"1642","20131106","MIN",6
"1643","20131106","NYG",1
"1644","20131107","SFO",1
"1645","20131108","ARI",1
"1646","20131108","CAR",3
"1647","20131108","CHI",3
"1648","20131108","CIN",2
"1649","20131108","DAL",3
"1650","20131108","DEN",1
"1651","20131108","DET",1
"1652","20131108","GNB",1
"1653","20131108","HOU",2
"1654","20131108","IND",4
"1655","20131108","LAC",1
"1656","20131108","LAR",1
"1657","20131108","NYG",1
"1658","20131108","OAK",6
"1659","20131108","SEA",4
"1660","20131108","TEN",1
"1661","20131109","MIA",1
"1662","20131109","TAM",1
"1663","20131113","CHI",2
"1664","20131113","IND",3
"1665","20131113","MIA",1
"1666","20131113","PIT",1
"1667","20131113","TEN",4
"1668","20131114","SFO",1
"1669","20131115","ATL",1
"1670","20131115","BUF",2
"1671","20131115","CHI",1
"1672","20131115","CIN",2
"1673","20131115","CLE",1
"1674","20131115","DET",1
"1675","20131115","GNB",2
"1676","20131115","HOU",2
"1677","20131115","JAX",2
"1678","20131115","LAC",1
"1679","20131115","MIA",1
"1680","20131115","MIN",2
"1681","20131115","NOR",2
"1682","20131115","NYG",1
"1683","20131115","NYJ",2
"1684","20131115","OAK",4
"1685","20131115","PHI",2
"1686","20131115","SEA",1
"1687","20131115","SFO",1
"1688","20131115","TAM",1
"1689","20131116","CAR",3
"1690","20131116","NWE",2
"1691","20131120","ATL",1
"1692","20131120","CHI",2
"1693","20131121","MIA",1
"1694","20131122","CAR",4
"1695","20131122","CHI",2
"1696","20131122","CLE",1
"1697","20131122","DAL",3
"1698","20131122","GNB",5
"1699","20131122","HOU",3
"1700","20131122","IND",3
"1701","20131122","JAX",2
"1702","20131122","KAN",1
"1703","20131122","LAC",1
"1704","20131122","LAR",2
"1705","20131122","MIN",2
"1706","20131122","NWE",1
"1707","20131122","NYG",1
"1708","20131122","OAK",4
"1709","20131122","PIT",2
"1710","20131122","TAM",2
"1711","20131122","TEN",1
"1712","20131123","SFO",3
"1713","20131123","WAS",1
"1714","20131127","BAL",1
"1715","20131127","CHI",1
"1716","20131127","DAL",5
"1717","20131127","GNB",2
"1718","20131127","OAK",3
"1719","20131127","PIT",1
"1720","20131128","CHI",2
"1721","20131128","JAX",1
"1722","20131128","MIA",1
"1723","20131129","CAR",2
"1724","20131129","CHI",1
"1725","20131129","CIN",1
"1726","20131129","CLE",2
"1727","20131129","HOU",1
"1728","20131129","IND",2
"1729","20131129","JAX",2
"1730","20131129","KAN",2
"1731","20131129","MIA",3
"1732","20131129","MIN",2
"1733","20131129","NWE",3
"1734","20131129","NYG",4
"1735","20131129","PHI",1
"1736","20131129","TAM",1
"1737","20131129","TEN",2
"1738","20131130","SEA",1
"1739","20131204","JAX",3
"1740","20131204","PIT",1
"1741","20131206","BAL",1
"1742","20131206","CAR",1
"1743","20131206","CHI",1
"1744","20131206","CLE",1
"1745","20131206","DEN",1
"1746","20131206","GNB",1
"1747","20131206","IND",2
"1748","20131206","KAN",3
"1749","20131206","LAR",1
"1750","20131206","MIA",1
"1751","20131206","MIN",3
"1752","20131206","NWE",2
"1753","20131206","NYG",2
"1754","20131206","OAK",5
"1755","20131206","PHI",2
"1756","20131206","SEA",2
"1757","20131206","TAM",1
"1758","20131207","CHI",2
"1759","20131207","DAL",1
"1760","20131211","DEN",2
"1761","20131212","SEA",1
"1762","20131213","ATL",2
"1763","20131213","BUF",1
"1764","20131213","CAR",1
"1765","20131213","CHI",2
"1766","20131213","CIN",1
"1767","20131213","CLE",3
"1768","20131213","DAL",3
"1769","20131213","GNB",1
"1770","20131213","IND",5
"1771","20131213","KAN",3
"1772","20131213","MIN",2
"1773","20131213","NYG",3
"1774","20131213","OAK",2
"1775","20131213","PIT",1
"1776","20131213","SEA",2
"1777","20131213","TAM",1
"1778","20131219","GNB",1
"1779","20131219","IND",1
"1780","20131219","NYG",1
"1781","20131219","SEA",1
"1782","20131220","BUF",2
"1783","20131220","CAR",1
"1784","20131220","CLE",3
"1785","20131220","DAL",2
"1786","20131220","DET",1
"1787","20131220","GNB",2
"1788","20131220","HOU",2
"1789","20131220","MIN",1
"1790","20131220","NWE",1
"1791","20131220","NYG",3
"1792","20131220","OAK",1
"1793","20131220","PHI",2
"1794","20131220","SEA",2
"1795","20131220","TAM",2
"1796","20131221","ATL",2
"1797","20131225","GNB",1
"1798","20131225","SEA",1
"1799","20131225","TAM",1
"1800","20131226","NYG",1
"1801","20131227","ATL",2
"1802","20131227","CAR",3
"1803","20131227","CIN",2
"1804","20131227","CLE",3
"1805","20131227","DAL",1
"1806","20131227","DEN",3
"1807","20131227","DET",1
"1808","20131227","HOU",1
"1809","20131227","IND",1
"1810","20131227","JAX",2
"1811","20131227","KAN",2
"1812","20131227","MIN",1
"1813","20131227","NWE",1
"1814","20131227","NYG",3
"1815","20131227","PHI",2
"1816","20131227","PIT",1
"1817","20131227","SEA",1
"1818","20140101","GNB",1
"1819","20140103","KAN",1
"1820","20140103","NOR",1
"1821","20140103","PHI",1
"1822","20140110","DEN",1
"1823","20140110","IND",1
"1824","20140110","NWE",1
"1825","20140110","SEA",1
"1826","20140117","NWE",1
"1827","20140117","SEA",1
"1828","20140903","CHI",1
"1829","20140903","CIN",2
"1830","20140903","GNB",2
"1831","20140903","SEA",4
"1832","20140904","MIA",3
"1833","20140905","CLE",2
"1834","20140905","DAL",3
"1835","20140905","DEN",2
"1836","20140905","IND",1
"1837","20140905","JAX",3
"1838","20140905","LAR",2
"1839","20140905","MIA",1
"1840","20140905","MIN",3
"1841","20140905","NOR",2
"1842","20140905","NWE",1
"1843","20140905","NYJ",3
"1844","20140905","OAK",1
"1845","20140905","PHI",1
"1846","20140905","PIT",2
"1847","20140905","SFO",2
"1848","20140905","TAM",5
"1849","20140905","WAS",2
"1850","20140910","CIN",1
"1851","20140910","CLE",1
"1852","20140910","MIA",3
"1853","20140910","PIT",2
"1854","20140910","TEN",1
"1855","20140912","ARI",2
"1856","20140912","ATL",1
"1857","20140912","BUF",1
"1858","20140912","CHI",4
"1859","20140912","DAL",4
"1860","20140912","DEN",1
"1861","20140912","DET",2
"1862","20140912","GNB",1
"1863","20140912","HOU",3
"1864","20140912","JAX",4
"1865","20140912","KAN",1
"1866","20140912","LAC",2
"1867","20140912","LAR",2
"1868","20140912","MIN",1
"1869","20140912","NOR",2
"1870","20140912","NYG",4
"1871","20140912","NYJ",1
"1872","20140912","SEA",3
"1873","20140912","SFO",1
"1874","20140912","TAM",3
"1875","20140912","WAS",3
"1876","20140913","IND",2
"1877","20140913","PHI",2
"1878","20140917","CIN",1
"1879","20140917","GNB",1
"1880","20140917","TAM",2
"1881","20140917","WAS",1
"1882","20140919","ARI",2
"1883","20140919","BUF",1
"1884","20140919","CLE",1
"1885","20140919","DAL",3
"1886","20140919","DEN",1
"1887","20140919","DET",3
"1888","20140919","GNB",1
"1889","20140919","HOU",2
"1890","20140919","IND",2
"1891","20140919","JAX",1
"1892","20140919","KAN",2
"1893","20140919","LAC",2
"1894","20140919","LAR",3
"1895","20140919","MIA",3
"1896","20140919","NOR",4
"1897","20140919","NYG",3
"1898","20140919","OAK",1
"1899","20140919","PHI",1
"1900","20140919","SEA",1
"1901","20140919","SFO",1
"1902","20140919","WAS",3
"1903","20140920","CHI",5
"1904","20140924","MIA",1
"1905","20140924","NYG",2
"1906","20140924","PHI",1
"1907","20140924","PIT",2
"1908","20140924","WAS",3
"1909","20140926","BAL",2
"1910","20140926","BUF",2
"1911","20140926","CHI",5
"1912","20140926","DET",3
"1913","20140926","HOU",3
"1914","20140926","IND",3
"1915","20140926","JAX",2
"1916","20140926","LAC",3
"1917","20140926","MIA",1
"1918","20140926","MIN",2
"1919","20140926","NOR",3
"1920","20140926","OAK",2
"1921","20140926","PHI",1
"1922","20140926","SFO",1
"1923","20140926","TAM",2
"1924","20140927","KAN",2
"1925","20141001","GNB",1
"1926","20141001","MIN",2
"1927","20141001","PHI",1
"1928","20141002","KAN",1
"1929","20141002","WAS",1
"1930","20141003","ARI",2
"1931","20141003","ATL",2
"1932","20141003","BUF",2
"1933","20141003","CAR",2
"1934","20141003","CHI",4
"1935","20141003","CIN",1
"1936","20141003","DAL",1
"1937","20141003","DET",4
"1938","20141003","HOU",4
"1939","20141003","IND",2
"1940","20141003","JAX",4
"1941","20141003","KAN",1
"1942","20141003","LAC",6
"1943","20141003","LAR",3
"1944","20141003","NOR",2
"1945","20141003","NWE",2
"1946","20141003","PHI",1
"1947","20141003","PIT",2
"1948","20141003","TAM",3
"1949","20141004","SEA",3
"1950","20141004","WAS",1
"1951","20141008","CLE",1
"1952","20141008","HOU",2
"1953","20141008","IND",4
"1954","20141008","PHI",2
"1955","20141008","WAS",1
"1956","20141009","SEA",1
"1957","20141010","ARI",3
"1958","20141010","ATL",1
"1959","20141010","BAL",3
"1960","20141010","BUF",2
"1961","20141010","CAR",3
"1962","20141010","CHI",4
"1963","20141010","CLE",2
"1964","20141010","DAL",1
"1965","20141010","DEN",1
"1966","20141010","DET",2
"1967","20141010","GNB",1
"1968","20141010","JAX",1
"1969","20141010","LAC",4
"1970","20141010","MIN",1
"1971","20141010","NWE",2
"1972","20141010","NYG",2
"1973","20141010","OAK",2
"1974","20141010","PHI",2
"1975","20141010","PIT",3
"1976","20141010","SEA",1
"1977","20141010","TAM",2
"1978","20141010","TEN",2
"1979","20141010","WAS",1
"1980","20141011","LAR",2
"1981","20141011","SFO",1
"1982","20141012","CAR",1
"1983","20141015","CHI",1
"1984","20141015","CLE",2
"1985","20141015","KAN",1
"1986","20141015","NWE",4
"1987","20141015","NYG",1
"1988","20141015","NYJ",2
"1989","20141015","TEN",1
"1990","20141016","PIT",2
"1991","20141016","SEA",2
"1992","20141017","ARI",2
"1993","20141017","ATL",1
"1994","20141017","BAL",2
"1995","20141017","BUF",3
"1996","20141017","CHI",1
"1997","20141017","CIN",1
"1998","20141017","CLE",3
"1999","20141017","DAL",2
"2000","20141017","DEN",1
"2001","20141017","DET",2
"2002","20141017","GNB",2
"2003","20141017","IND",1
"2004","20141017","JAX",1
"2005","20141017","KAN",2
"2006","20141017","LAC",3
"2007","20141017","MIN",3
"2008","20141017","NOR",2
"2009","20141017","OAK",2
"2010","20141017","SEA",4
"2011","20141017","SFO",2
"2012","20141017","WAS",3
"2013","20141018","HOU",1
"2014","20141018","PIT",1
"2015","20141022","CIN",1
"2016","20141022","DEN",2
"2017","20141022","LAC",4
"2018","20141022","PHI",1
"2019","20141023","KAN",1
"2020","20141023","SEA",2
"2021","20141024","ARI",1
"2022","20141024","BAL",2
"2023","20141024","BUF",2
"2024","20141024","CAR",7
"2025","20141024","CHI",1
"2026","20141024","CLE",2
"2027","20141024","DET",2
"2028","20141024","GNB",1
"2029","20141024","HOU",2
"2030","20141024","IND",1
"2031","20141024","JAX",2
"2032","20141024","KAN",1
"2033","20141024","LAR",2
"2034","20141024","MIN",1
"2035","20141024","NOR",4
"2036","20141024","NWE",1
"2037","20141024","OAK",5
"2038","20141024","PIT",3
"2039","20141024","SEA",5
"2040","20141024","TAM",1
"2041","20141025","DAL",2
"2042","20141029","CAR",6
"2043","20141029","CIN",1
"2044","20141029","KAN",1
"2045","20141029","NOR",3
"2046","20141030","ARI",1
"2047","20141030","SEA",2
"2048","20141031","BAL",2
"2049","20141031","CIN",1
"2050","20141031","CLE",2
"2051","20141031","DAL",1
"2052","20141031","DEN",1
"2053","20141031","HOU",4
"2054","20141031","JAX",2
"2055","20141031","KAN",3
"2056","20141031","LAC",3
"2057","20141031","MIA",1
"2058","20141031","MIN",1
"2059","20141031","NWE",1
"2060","20141031","OAK",4
"2061","20141031","PIT",2
"2062","20141031","SEA",4
"2063","20141031","TAM",1
"2064","20141101","IND",3
"2065","20141101","NYG",2
"2066","20141105","CHI",1
"2067","20141105","CIN",2
"2068","20141105","CLE",2
"2069","20141106","PHI",1
"2070","20141106","SEA",2
"2071","20141107","ARI",2
"2072","20141107","ATL",1
"2073","20141107","BAL",2
"2074","20141107","CHI",2
"2075","20141107","DAL",1
"2076","20141107","DEN",1
"2077","20141107","DET",1
"2078","20141107","GNB",1
"2079","20141107","JAX",3
"2080","20141107","KAN",3
"2081","20141107","MIA",1
"2082","20141107","NOR",3
"2083","20141107","NYJ",1
"2084","20141107","OAK",4
"2085","20141107","PIT",5
"2086","20141107","TAM",1
"2087","20141108","CAR",2
"2088","20141112","BUF",1
"2089","20141112","MIA",1
"2090","20141113","PHI",1
"2091","20141113","SEA",1
"2092","20141114","ARI",1
"2093","20141114","ATL",1
"2094","20141114","CAR",1
"2095","20141114","CHI",3
"2096","20141114","CIN",2
"2097","20141114","CLE",2
"2098","20141114","DEN",1
"2099","20141114","DET",2
"2100","20141114","GNB",2
"2101","20141114","HOU",1
"2102","20141114","IND",1
"2103","20141114","KAN",3
"2104","20141114","LAC",1
"2105","20141114","LAR",1
"2106","20141114","NOR",3
"2107","20141114","NWE",1
"2108","20141114","NYG",3
"2109","20141114","OAK",4
"2110","20141114","SFO",2
"2111","20141114","TAM",1
"2112","20141115","PIT",5
"2113","20141119","KAN",3
"2114","20141119","MIA",1
"2115","20141119","OAK",4
"2116","20141119","PHI",1
"2117","20141121","ARI",1
"2118","20141121","ATL",2
"2119","20141121","CHI",3
"2120","20141121","CIN",2
"2121","20141121","CLE",2
"2122","20141121","DAL",1
"2123","20141121","DEN",2
"2124","20141121","DET",2
"2125","20141121","GNB",1
"2126","20141121","HOU",1
"2127","20141121","IND",3
"2128","20141121","JAX",2
"2129","20141121","LAC",1
"2130","20141121","LAR",4
"2131","20141121","MIN",1
"2132","20141121","NWE",2
"2133","20141121","NYG",3
"2134","20141121","SEA",3
"2135","20141121","SFO",2
"2136","20141121","WAS",2
"2137","20141122","BAL",2
"2138","20141122","BUF",1
"2139","20141122","NOR",2
"2140","20141126","CHI",2
"2141","20141126","DAL",2
"2142","20141126","DET",2
"2143","20141126","PHI",1
"2144","20141126","SEA",3
"2145","20141126","SFO",3
"2146","20141127","MIA",2
"2147","20141128","ARI",2
"2148","20141128","ATL",1
"2149","20141128","BUF",3
"2150","20141128","CIN",2
"2151","20141128","CLE",3
"2152","20141128","DEN",3
"2153","20141128","HOU",2
"2154","20141128","IND",4
"2155","20141128","KAN",1
"2156","20141128","LAC",1
"2157","20141128","NOR",2
"2158","20141128","NYG",3
"2159","20141128","OAK",4
"2160","20141128","PIT",2
"2161","20141128","TEN",1
"2162","20141129","NYJ",2
"2163","20141203","CHI",1
"2164","20141203","CLE",1
"2165","20141203","DAL",3
"2166","20141203","PHI",1
"2167","20141203","TAM",1
"2168","20141204","ARI",1
"2169","20141204","CHI",1
"2170","20141204","MIA",2
"2171","20141205","ARI",3
"2172","20141205","BAL",1
"2173","20141205","BUF",3
"2174","20141205","CAR",2
"2175","20141205","CIN",1
"2176","20141205","CLE",2
"2177","20141205","DEN",4
"2178","20141205","DET",1
"2179","20141205","HOU",1
"2180","20141205","IND",4
"2181","20141205","JAX",2
"2182","20141205","KAN",2
"2183","20141205","LAC",1
"2184","20141205","MIN",1
"2185","20141205","NYG",2
"2186","20141205","NYJ",2
"2187","20141205","OAK",3
"2188","20141205","PIT",1
"2189","20141205","SEA",1
"2190","20141205","SFO",3
"2191","20141205","TEN",1
"2192","20141205","WAS",2
"2193","20141210","ARI",2
"2194","20141210","PHI",1
"2195","20141210","TAM",1
"2196","20141212","ATL",1
"2197","20141212","BUF",2
"2198","20141212","CAR",2
"2199","20141212","CLE",4
"2200","20141212","DAL",1
"2201","20141212","DEN",3
"2202","20141212","DET",1
"2203","20141212","GNB",2
"2204","20141212","HOU",3
"2205","20141212","IND",2
"2206","20141212","JAX",3
"2207","20141212","KAN",1
"2208","20141212","LAC",1
"2209","20141212","MIA",2
"2210","20141212","MIN",4
"2211","20141212","NWE",1
"2212","20141212","NYG",2
"2213","20141212","OAK",4
"2214","20141212","SEA",1
"2215","20141212","SFO",4
"2216","20141212","TEN",1
"2217","20141212","WAS",3
"2218","20141215","CHI",1
"2219","20141217","JAX",1
"2220","20141217","PHI",2
"2221","20141217","TEN",1
"2222","20141219","ARI",1
"2223","20141219","CHI",2
"2224","20141219","CLE",2
"2225","20141219","DAL",2
"2226","20141219","DET",1
"2227","20141219","GNB",1
"2228","20141219","HOU",4
"2229","20141219","IND",3
"2230","20141219","LAC",3
"2231","20141219","MIA",1
"2232","20141219","MIN",2
"2233","20141219","NYG",1
"2234","20141219","NYJ",1
"2235","20141219","OAK",6
"2236","20141219","SEA",1
"2237","20141219","SFO",4
"2238","20141219","TAM",1
"2239","20141219","WAS",2
"2240","20141224","CHI",1
"2241","20141224","PHI",1
"2242","20141225","CIN",1
"2243","20141226","ARI",1
"2244","20141226","CHI",2
"2245","20141226","CLE",2
"2246","20141226","DAL",1
"2247","20141226","DET",1
"2248","20141226","GNB",1
"2249","20141226","HOU",4
"2250","20141226","IND",3
"2251","20141226","KAN",2
"2252","20141226","LAC",2
"2253","20141226","MIN",2
"2254","20141226","NOR",1
"2255","20141226","NWE",2
"2256","20141226","NYG",1
"2257","20141226","NYJ",1
"2258","20141226","OAK",3
"2259","20141226","SEA",2
"2260","20141226","SFO",3
"2261","20141231","BUF",1
"2262","20150102","ARI",1
"2263","20150102","BAL",2
"2264","20150102","CIN",1
"2265","20150102","DET",1
"2266","20150102","IND",1
"2267","20150102","PIT",1
"2268","20150109","CAR",1
"2269","20150109","DEN",1
"2270","20150109","SEA",1
"2271","20150116","NWE",1
"2272","20150123","NWE",1
"2273","20150505","CAR",1
"2274","20150508","JAX",1
"2275","20150715","KAN",1
"2276","20150819","CAR",1
"2277","20150910","PIT",1
"2278","20150911","ARI",1
"2279","20150911","BAL",2
"2280","20150911","BUF",2
"2281","20150911","CAR",3
"2282","20150911","CHI",2
"2283","20150911","CIN",1
"2284","20150911","DEN",1
"2285","20150911","DET",2
"2286","20150911","HOU",5
"2287","20150911","IND",2
"2288","20150911","JAX",3
"2289","20150911","LAC",2
"2290","20150911","LAR",1
"2291","20150911","NOR",5
"2292","20150911","NYG",2
"2293","20150911","OAK",1
"2294","20150911","SEA",1
"2295","20150911","TAM",1
"2296","20150911","TEN",1
"2297","20150912","ATL",2
"2298","20150916","DEN",1
"2299","20150917","CLE",2
"2300","20150917","SEA",1
"2301","20150918","ARI",2
"2302","20150918","ATL",3
"2303","20150918","BAL",2
"2304","20150918","BUF",2
"2305","20150918","CAR",1
"2306","20150918","CHI",2
"2307","20150918","CIN",1
"2308","20150918","CLE",1
"2309","20150918","DAL",2
"2310","20150918","DET",1
"2311","20150918","GNB",1
"2312","20150918","HOU",4
"2313","20150918","JAX",4
"2314","20150918","LAC",2
"2315","20150918","LAR",2
"2316","20150918","MIA",1
"2317","20150918","NOR",3
"2318","20150918","NWE",1
"2319","20150918","NYG",4
"2320","20150918","OAK",3
"2321","20150918","PHI",1
"2322","20150918","SFO",1
"2323","20150918","TAM",2
"2324","20150918","TEN",3
"2325","20150918","WAS",3
"2326","20150923","CLE",2
"2327","20150923","NYG",5
"2328","20150923","WAS",2
"2329","20150925","ATL",3
"2330","20150925","BAL",3
"2331","20150925","BUF",2
"2332","20150925","CAR",2
"2333","20150925","CHI",2
"2334","20150925","CIN",1
"2335","20150925","DAL",3
"2336","20150925","DET",1
"2337","20150925","HOU",4
"2338","20150925","IND",3
"2339","20150925","JAX",3
"2340","20150925","LAC",4
"2341","20150925","NOR",3
"2342","20150925","NWE",1
"2343","20150925","NYJ",2
"2344","20150925","OAK",2
"2345","20150925","PHI",4
"2346","20150925","PIT",2
"2347","20150925","SEA",2
"2348","20150925","TAM",1
"2349","20150925","TEN",3
"2350","20150926","ARI",1
"2351","20150926","CLE",1
"2352","20150930","BAL",4
"2353","20150930","PIT",4
"2354","20151001","NYG",1
"2355","20151001","WAS",1
"2356","20151002","ARI",1
"2357","20151002","ATL",4
"2358","20151002","BUF",5
"2359","20151002","CAR",4
"2360","20151002","CHI",1
"2361","20151002","CLE",5
"2362","20151002","DAL",2
"2363","20151002","DEN",1
"2364","20151002","GNB",1
"2365","20151002","HOU",3
"2366","20151002","IND",2
"2367","20151002","JAX",5
"2368","20151002","LAC",5
"2369","20151002","LAR",2
"2370","20151002","MIA",1
"2371","20151002","MIN",4
"2372","20151002","NOR",1
"2373","20151002","NYG",3
"2374","20151002","NYJ",5
"2375","20151002","OAK",3
"2376","20151002","PHI",3
"2377","20151002","WAS",2
"2378","20151003","DET",2
"2379","20151003","SEA",2
"2380","20151007","HOU",5
"2381","20151007","IND",3
"2382","20151009","ATL",1
"2383","20151009","BAL",3
"2384","20151009","BUF",3
"2385","20151009","CHI",1
"2386","20151009","CLE",2
"2387","20151009","DAL",3
"2388","20151009","DEN",2
"2389","20151009","DET",3
"2390","20151009","GNB",1
"2391","20151009","JAX",3
"2392","20151009","KAN",1
"2393","20151009","LAR",1
"2394","20151009","NOR",2
"2395","20151009","NYG",4
"2396","20151009","OAK",4
"2397","20151009","PHI",3
"2398","20151009","SEA",3
"2399","20151009","SFO",1
"2400","20151009","WAS",4
"2401","20151010","LAC",4
"2402","20151010","PIT",2
"2403","20151014","ARI",1
"2404","20151014","ATL",2
"2405","20151014","BUF",1
"2406","20151014","NOR",3
"2407","20151015","NYG",1
"2408","20151015","SEA",1
"2409","20151015","TEN",1
"2410","20151016","BAL",4
"2411","20151016","BUF",2
"2412","20151016","CAR",3
"2413","20151016","CLE",3
"2414","20151016","DEN",2
"2415","20151016","DET",3
"2416","20151016","HOU",3
"2417","20151016","JAX",2
"2418","20151016","KAN",2
"2419","20151016","LAC",5
"2420","20151016","MIN",1
"2421","20151016","NWE",1
"2422","20151016","PIT",3
"2423","20151016","WAS",5
"2424","20151017","NYG",2
"2425","20151017","PHI",4
"2426","20151021","NYG",1
"2427","20151021","SEA",5
"2428","20151023","BUF",5
"2429","20151023","CAR",3
"2430","20151023","CLE",2
"2431","20151023","DET",2
"2432","20151023","HOU",3
"2433","20151023","IND",1
"2434","20151023","JAX",1
"2435","20151023","KAN",1
"2436","20151023","LAC",3
"2437","20151023","LAR",2
"2438","20151023","MIN",2
"2439","20151023","NOR",3
"2440","20151023","NWE",3
"2441","20151023","NYG",1
"2442","20151023","NYJ",1
"2443","20151023","OAK",1
"2444","20151023","PHI",2
"2445","20151023","PIT",3
"2446","20151023","TAM",3
"2447","20151023","TEN",3
"2448","20151023","WAS",4
"2449","20151024","ARI",2
"2450","20151024","BAL",3
"2451","20151028","NWE",2
"2452","20151029","KAN",3
"2453","20151030","ARI",2
"2454","20151030","ATL",2
"2455","20151030","BAL",2
"2456","20151030","CLE",3
"2457","20151030","DAL",1
"2458","20151030","DEN",1
"2459","20151030","DET",1
"2460","20151030","HOU",4
"2461","20151030","LAC",4
"2462","20151030","LAR",1
"2463","20151030","MIN",4
"2464","20151030","NOR",2
"2465","20151030","NYG",4
"2466","20151030","NYJ",3
"2467","20151030","OAK",1
"2468","20151030","PIT",4
"2469","20151030","SFO",1
"2470","20151030","TAM",2
"2471","20151030","TEN",3
"2472","20151031","CAR",2
"2473","20151031","HOU",1
"2474","20151031","IND",3
"2475","20151104","CIN",1
"2476","20151104","CLE",6
"2477","20151104","MIA",1
"2478","20151106","ATL",4
"2479","20151106","BUF",2
"2480","20151106","CAR",2
"2481","20151106","DEN",2
"2482","20151106","IND",2
"2483","20151106","LAR",1
"2484","20151106","MIN",3
"2485","20151106","NOR",5
"2486","20151106","NWE",3
"2487","20151106","NYG",5
"2488","20151106","NYJ",1
"2489","20151106","OAK",1
"2490","20151106","PIT",2
"2491","20151106","SFO",3
"2492","20151106","TAM",3
"2493","20151106","TEN",2
"2494","20151107","CHI",2
"2495","20151107","LAC",4
"2496","20151111","BUF",1
"2497","20151111","CLE",1
"2498","20151111","NYJ",2
"2499","20151112","SEA",1
"2500","20151113","BAL",1
"2501","20151113","CAR",1
"2502","20151113","CHI",1
"2503","20151113","CLE",2
"2504","20151113","DAL",2
"2505","20151113","DEN",1
"2506","20151113","DET",1
"2507","20151113","JAX",1
"2508","20151113","KAN",3
"2509","20151113","MIA",1
"2510","20151113","MIN",1
"2511","20151113","NOR",4
"2512","20151113","NWE",4
"2513","20151113","NYG",5
"2514","20151113","OAK",1
"2515","20151113","PHI",2
"2516","20151113","PIT",4
"2517","20151113","TAM",3
"2518","20151113","TEN",2
"2519","20151114","CIN",1
"2520","20151114","HOU",2
"2521","20151118","TEN",2
"2522","20151119","KAN",1
"2523","20151119","SEA",1
"2524","20151120","ARI",1
"2525","20151120","ATL",1
"2526","20151120","CAR",1
"2527","20151120","CHI",1
"2528","20151120","DAL",3
"2529","20151120","DEN",2
"2530","20151120","DET",1
"2531","20151120","GNB",1
"2532","20151120","HOU",2
"2533","20151120","IND",3
"2534","20151120","KAN",1
"2535","20151120","LAC",1
"2536","20151120","MIA",1
"2537","20151120","NYJ",1
"2538","20151120","OAK",1
"2539","20151120","PHI",2
"2540","20151120","SEA",1
"2541","20151120","SFO",1
"2542","20151120","TAM",1
"2543","20151120","WAS",1
"2544","20151121","BUF",1
"2545","20151125","CHI",3
"2546","20151125","CIN",1
"2547","20151125","DAL",2
"2548","20151125","GNB",2
"2549","20151125","PHI",2
"2550","20151126","BAL",1
"2551","20151126","KAN",1
"2552","20151126","SEA",1
"2553","20151127","ARI",2
"2554","20151127","ATL",3
"2555","20151127","BUF",4
"2556","20151127","DEN",2
"2557","20151127","IND",3
"2558","20151127","JAX",1
"2559","20151127","KAN",3
"2560","20151127","LAC",1
"2561","20151127","LAR",1
"2562","20151127","MIA",1
"2563","20151127","NOR",3
"2564","20151127","NWE",2
"2565","20151127","NYG",3
"2566","20151127","NYJ",1
"2567","20151127","OAK",2
"2568","20151127","SEA",1
"2569","20151127","SFO",1
"2570","20151127","TAM",2
"2571","20151127","TEN",2
"2572","20151127","WAS",1
"2573","20151128","CLE",4
"2574","20151202","DET",1
"2575","20151202","GNB",1
"2576","20151203","DAL",1
"2577","20151203","SEA",1
"2578","20151204","ARI",3
"2579","20151204","ATL",2
"2580","20151204","BAL",1
"2581","20151204","BUF",3
"2582","20151204","CAR",2
"2583","20151204","CHI",1
"2584","20151204","CLE",4
"2585","20151204","DEN",4
"2586","20151204","IND",5
"2587","20151204","JAX",3
"2588","20151204","KAN",4
"2589","20151204","LAC",2
"2590","20151204","LAR",1
"2591","20151204","MIA",3
"2592","20151204","MIN",2
"2593","20151204","NOR",1
"2594","20151204","NWE",2
"2595","20151204","NYG",3
"2596","20151204","NYJ",1
"2597","20151204","OAK",2
"2598","20151204","PHI",1
"2599","20151204","PIT",1
"2600","20151204","SEA",3
"2601","20151204","SFO",2
"2602","20151204","TAM",2
"2603","20151204","TEN",2
"2604","20151209","MIN",1
"2605","20151209","WAS",1
"2606","20151210","DAL",1
"2607","20151210","SEA",1
"2608","20151211","ATL",1
"2609","20151211","BAL",1
"2610","20151211","BUF",4
"2611","20151211","CHI",1
"2612","20151211","CLE",3
"2613","20151211","DEN",3
"2614","20151211","IND",3
"2615","20151211","JAX",1
"2616","20151211","KAN",4
"2617","20151211","LAC",4
"2618","20151211","LAR",2
"2619","20151211","NOR",2
"2620","20151211","NWE",1
"2621","20151211","OAK",2
"2622","20151211","SEA",1
"2623","20151211","SFO",3
"2624","20151211","TAM",1
"2625","20151211","TEN",4
"2626","20151211","WAS",2
"2627","20151212","MIA",3
"2628","20151212","NYG",1
"2629","20151216","CIN",1
"2630","20151216","DAL",1
"2631","20151216","LAR",2
"2632","20151216","TAM",2
"2633","20151216","WAS",1
"2634","20151217","SEA",1
"2635","20151218","ATL",1
"2636","20151218","BAL",1
"2637","20151218","BUF",4
"2638","20151218","CAR",1
"2639","20151218","CIN",3
"2640","20151218","CLE",2
"2641","20151218","DAL",2
"2642","20151218","DEN",4
"2643","20151218","GNB",2
"2644","20151218","HOU",2
"2645","20151218","IND",3
"2646","20151218","KAN",3
"2647","20151218","LAC",1
"2648","20151218","MIA",2
"2649","20151218","MIN",4
"2650","20151218","NWE",2
"2651","20151218","NYG",3
"2652","20151218","OAK",2
"2653","20151218","SEA",2
"2654","20151218","SFO",2
"2655","20151218","TEN",3
"2656","20151218","WAS",1
"2657","20151223","DAL",2
"2658","20151223","LAC",3
"2659","20151223","OAK",1
"2660","20151225","ARI",1
"2661","20151225","ATL",2
"2662","20151225","CAR",1
"2663","20151225","CLE",1
"2664","20151225","DAL",1
"2665","20151225","GNB",1
"2666","20151225","HOU",2
"2667","20151225","IND",2
"2668","20151225","KAN",2
"2669","20151225","LAR",1
"2670","20151225","NWE",1
"2671","20151225","SEA",1
"2672","20151225","TAM",2
"2673","20151225","TEN",1
"2674","20151225","WAS",1
"2675","20151226","BAL",1
"2676","20151226","BUF",3
"2677","20151226","CIN",2
"2678","20151226","DEN",2
"2679","20151226","NOR",1
"2680","20151226","NYG",2
"2681","20151226","SFO",3
"2682","20151230","CIN",1
"2683","20151231","SEA",1
"2684","20160101","ARI",2
"2685","20160101","ATL",1
"2686","20160101","BUF",2
"2687","20160101","CAR",1
"2688","20160101","CLE",4
"2689","20160101","DAL",1
"2690","20160101","DET",1
"2691","20160101","GNB",2
"2692","20160101","HOU",2
"2693","20160101","IND",3
"2694","20160101","JAX",2
"2695","20160101","LAC",1
"2696","20160101","NOR",3
"2697","20160101","NWE",6
"2698","20160101","NYG",3
"2699","20160101","PHI",3
"2700","20160101","SEA",2
"2701","20160101","SFO",2
"2702","20160101","TEN",3
"2703","20160101","WAS",2
"2704","20160108","CIN",1
"2705","20160108","KAN",1
"2706","20160108","MIN",1
"2707","20160108","PIT",1
"2708","20160115","CAR",1
"2709","20160115","GNB",1
"2710","20160115","KAN",1
"2711","20160115","NWE",1
"2712","20160115","PIT",1
"2713","20160118","DEN",1
"2714","20160122","CAR",1
"2715","20160515","DEN",1
"2716","20160516","BUF",1
"2717","20160516","NWE",1
"2718","20160516","TEN",1
"2719","20160517","BUF",1
"2720","20160520","BUF",1
"2721","20160907","DEN",1
"2722","20160909","ARI",1
"2723","20160909","ATL",1
"2724","20160909","BAL",3
"2725","20160909","BUF",2
"2726","20160909","CIN",1
"2727","20160909","CLE",1
"2728","20160909","DAL",3
"2729","20160909","GNB",1
"2730","20160909","HOU",1
"2731","20160909","IND",4
"2732","20160909","MIA",1
"2733","20160909","MIN",2
"2734","20160909","NOR",1
"2735","20160909","NYG",1
"2736","20160909","NYJ",2
"2737","20160909","OAK",1
"2738","20160909","PHI",1
"2739","20160909","SEA",1
"2740","20160909","TAM",1
"2741","20160909","TEN",1
"2742","20160910","LAR",3
"2743","20160910","PIT",4
"2744","20160914","BUF",2
"2745","20160914","NYJ",1
"2746","20160916","ARI",2
"2747","20160916","ATL",2
"2748","20160916","BAL",2
"2749","20160916","CIN",1
"2750","20160916","DAL",3
"2751","20160916","DEN",1
"2752","20160916","GNB",1
"2753","20160916","HOU",2
"2754","20160916","IND",4
"2755","20160916","JAX",1
"2756","20160916","KAN",3
"2757","20160916","LAC",1
"2758","20160916","LAR",2
"2759","20160916","MIA",1
"2760","20160916","MIN",3
"2761","20160916","NOR",3
"2762","20160916","NWE",1
"2763","20160916","NYG",1
"2764","20160916","PIT",3
"2765","20160916","SEA",2
"2766","20160916","TEN",2
"2767","20160916","WAS",1
"2768","20160917","PHI",2
"2769","20160917","SFO",1
"2770","20160917","WAS",1
"2771","20160921","HOU",3
"2772","20160923","ARI",1
"2773","20160923","BAL",1
"2774","20160923","BUF",2
"2775","20160923","CAR",1
"2776","20160923","CHI",1
"2777","20160923","CLE",5
"2778","20160923","DAL",2
"2779","20160923","DEN",3
"2780","20160923","DET",1
"2781","20160923","GNB",1
"2782","20160923","IND",4
"2783","20160923","JAX",2
"2784","20160923","KAN",3
"2785","20160923","LAC",2
"2786","20160923","MIA",2
"2787","20160923","MIN",1
"2788","20160923","NYG",3
"2789","20160923","NYJ",1
"2790","20160923","OAK",2
"2791","20160923","PHI",3
"2792","20160923","PIT",2
"2793","20160923","SFO",1
"2794","20160923","TAM",4
"2795","20160923","WAS",1
"2796","20160924","ATL",2
"2797","20160924","NOR",2
"2798","20160928","MIA",4
"2799","20160930","ARI",2
"2800","20160930","ATL",2
"2801","20160930","BUF",3
"2802","20160930","CAR",2
"2803","20160930","CLE",6
"2804","20160930","DAL",2
"2805","20160930","DEN",3
"2806","20160930","DET",2
"2807","20160930","HOU",4
"2808","20160930","IND",3
"2809","20160930","JAX",2
"2810","20160930","KAN",2
"2811","20160930","LAC",3
"2812","20160930","NOR",4
"2813","20160930","NYJ",3
"2814","20160930","OAK",3
"2815","20160930","PIT",7
"2816","20160930","SEA",1
"2817","20160930","SFO",1
"2818","20160930","TAM",4
"2819","20160930","TEN",2
"2820","20160930","WAS",4
"2821","20161001","CAR",1
"2822","20161001","NYG",4
"2823","20161004","SFO",1
"2824","20161005","ARI",3
"2825","20161005","SFO",3
"2826","20161007","ATL",3
"2827","20161007","BUF",3
"2828","20161007","CIN",1
"2829","20161007","CLE",6
"2830","20161007","DAL",2
"2831","20161007","DEN",2
"2832","20161007","DET",3
"2833","20161007","GNB",2
"2834","20161007","HOU",2
"2835","20161007","IND",2
"2836","20161007","LAC",3
"2837","20161007","MIA",3
"2838","20161007","MIN",3
"2839","20161007","NWE",2
"2840","20161007","NYG",4
"2841","20161007","NYJ",4
"2842","20161007","OAK",3
"2843","20161007","PIT",9
"2844","20161007","TEN",3
"2845","20161007","WAS",4
"2846","20161008","CAR",5
"2847","20161008","TAM",1
"2848","20161012","DEN",1
"2849","20161012","LAC",2
"2850","20161014","ATL",1
"2851","20161014","BAL",1
"2852","20161014","CAR",5
"2853","20161014","CHI",1
"2854","20161014","CIN",1
"2855","20161014","CLE",4
"2856","20161014","DAL",3
"2857","20161014","DET",4
"2858","20161014","GNB",3
"2859","20161014","HOU",5
"2860","20161014","IND",3
"2861","20161014","LAR",1
"2862","20161014","MIA",2
"2863","20161014","NOR",3
"2864","20161014","NWE",2
"2865","20161014","NYG",3
"2866","20161014","OAK",3
"2867","20161014","PIT",6
"2868","20161014","SEA",2
"2869","20161014","SFO",1
"2870","20161014","TEN",1
"2871","20161014","WAS",1
"2872","20161015","ARI",1
"2873","20161016","ARI",1
"2874","20161017","GNB",1
"2875","20161019","CHI",2
"2876","20161019","GNB",7
"2877","20161021","ATL",2
"2878","20161021","BAL",2
"2879","20161021","BUF",1
"2880","20161021","CLE",4
"2881","20161021","DET",5
"2882","20161021","IND",7
"2883","20161021","LAC",3
"2884","20161021","LAR",2
"2885","20161021","MIA",3
"2886","20161021","MIN",2
"2887","20161021","NOR",5
"2888","20161021","NYG",3
"2889","20161021","NYJ",4
"2890","20161021","PIT",7
"2891","20161021","SEA",4
"2892","20161021","SFO",1
"2893","20161021","TAM",3
"2894","20161021","WAS",1
"2895","20161022","ARI",1
"2896","20161022","DEN",1
"2897","20161022","HOU",3
"2898","20161022","NOR",1
"2899","20161026","TEN",3
"2900","20161028","ARI",3
"2901","20161028","ATL",1
"2902","20161028","BUF",2
"2903","20161028","CAR",2
"2904","20161028","CLE",2
"2905","20161028","DAL",2
"2906","20161028","DET",2
"2907","20161028","GNB",4
"2908","20161028","HOU",1
"2909","20161028","IND",6
"2910","20161028","KAN",3
"2911","20161028","LAC",2
"2912","20161028","NOR",4
"2913","20161028","NYJ",2
"2914","20161028","OAK",1
"2915","20161028","PHI",2
"2916","20161028","SEA",7
"2917","20161028","TAM",2
"2918","20161028","WAS",1
"2919","20161029","CHI",1
"2920","20161029","MIN",4
"2921","20161102","ATL",3
"2922","20161102","TAM",3
"2923","20161104","BAL",3
"2924","20161104","CAR",3
"2925","20161104","DAL",5
"2926","20161104","DEN",1
"2927","20161104","DET",1
"2928","20161104","GNB",4
"2929","20161104","IND",5
"2930","20161104","JAX",1
"2931","20161104","KAN",4
"2932","20161104","LAC",3
"2933","20161104","LAR",1
"2934","20161104","MIA",3
"2935","20161104","MIN",4
"2936","20161104","NOR",3
"2937","20161104","NYG",2
"2938","20161104","NYJ",3
"2939","20161104","OAK",1
"2940","20161104","PHI",2
"2941","20161104","PIT",1
"2942","20161104","SFO",2
"2943","20161104","TEN",1
"2944","20161105","BUF",3
"2945","20161105","SEA",5
"2946","20161109","BAL",4
"2947","20161111","ARI",2
"2948","20161111","ATL",3
"2949","20161111","CAR",2
"2950","20161111","CHI",1
"2951","20161111","DAL",2
"2952","20161111","DEN",2
"2953","20161111","GNB",3
"2954","20161111","HOU",2
"2955","20161111","JAX",1
"2956","20161111","KAN",3
"2957","20161111","LAC",3
"2958","20161111","LAR",1
"2959","20161111","MIA",1
"2960","20161111","MIN",2
"2961","20161111","NOR",2
"2962","20161111","NYJ",5
"2963","20161111","PHI",2
"2964","20161111","PIT",4
"2965","20161111","SEA",2
"2966","20161111","SFO",1
"2967","20161111","TAM",3
"2968","20161112","CIN",1
"2969","20161112","NYG",1
"2970","20161116","CAR",3
"2971","20161116","NOR",2
"2972","20161118","BAL",2
"2973","20161118","BUF",1
"2974","20161118","DAL",2
"2975","20161118","GNB",4
"2976","20161118","IND",1
"2977","20161118","JAX",1
"2978","20161118","KAN",1
"2979","20161118","MIA",2
"2980","20161118","MIN",1
"2981","20161118","NWE",2
"2982","20161118","NYG",2
"2983","20161118","PHI",1
"2984","20161118","PIT",5
"2985","20161118","SEA",2
"2986","20161118","SFO",1
"2987","20161118","TAM",3
"2988","20161119","HOU",3
"2989","20161123","DAL",2
"2990","20161123","IND",2
"2991","20161123","MIN",2
"2992","20161123","PIT",4
"2993","20161123","WAS",1
"2994","20161125","BAL",2
"2995","20161125","BUF",3
"2996","20161125","CAR",3
"2997","20161125","CHI",1
"2998","20161125","CIN",1
"2999","20161125","CLE",1
"3000","20161125","DEN",1
"3001","20161125","HOU",4
"3002","20161125","JAX",4
"3003","20161125","KAN",3
"3004","20161125","LAC",3
"3005","20161125","MIA",1
"3006","20161125","NOR",1
"3007","20161125","NWE",1
"3008","20161125","NYG",3
"3009","20161125","NYJ",2
"3010","20161125","OAK",1
"3011","20161125","SEA",4
"3012","20161125","TAM",1
"3013","20161125","TEN",1
"3014","20161126","GNB",5
"3015","20161126","PHI",2
"3016","20161130","DAL",4
"3017","20161130","MIN",3
"3018","20161202","ATL",1
"3019","20161202","BAL",3
"3020","20161202","BUF",3
"3021","20161202","CAR",4
"3022","20161202","CIN",3
"3023","20161202","DEN",3
"3024","20161202","GNB",2
"3025","20161202","HOU",3
"3026","20161202","JAX",4
"3027","20161202","LAC",3
"3028","20161202","MIA",1
"3029","20161202","NOR",2
"3030","20161202","NWE",2
"3031","20161202","NYG",4
"3032","20161202","OAK",3
"3033","20161202","PHI",2
"3034","20161202","PIT",2
"3035","20161202","SEA",4
"3036","20161202","TAM",2
"3037","20161202","WAS",2
"3038","20161203","IND",3
"3039","20161203","NYJ",3
"3040","20161207","OAK",3
"3041","20161209","ARI",1
"3042","20161209","ATL",2
"3043","20161209","BUF",1
"3044","20161209","CAR",3
"3045","20161209","CIN",5
"3046","20161209","DAL",3
"3047","20161209","DEN",2
"3048","20161209","DET",1
"3049","20161209","GNB",1
"3050","20161209","HOU",5
"3051","20161209","IND",5
"3052","20161209","JAX",5
"3053","20161209","LAC",1
"3054","20161209","MIA",1
"3055","20161209","MIN",3
"3056","20161209","NYG",3
"3057","20161209","NYJ",6
"3058","20161209","PHI",1
"3059","20161209","PIT",2
"3060","20161209","SEA",4
"3061","20161209","TAM",4
"3062","20161209","WAS",3
"3063","20161210","BAL",2
"3064","20161210","NWE",1
"3065","20161214","LAR",2
"3066","20161214","SEA",2
"3067","20161216","ARI",1
"3068","20161216","ATL",5
"3069","20161216","BUF",1
"3070","20161216","CHI",2
"3071","20161216","DAL",3
"3072","20161216","DEN",1
"3073","20161216","DET",1
"3074","20161216","HOU",4
"3075","20161216","IND",4
"3076","20161216","JAX",2
"3077","20161216","KAN",2
"3078","20161216","LAC",1
"3079","20161216","MIA",1
"3080","20161216","MIN",4
"3081","20161216","NOR",2
"3082","20161216","NWE",1
"3083","20161216","NYG",1
"3084","20161216","NYJ",4
"3085","20161216","OAK",3
"3086","20161216","PHI",2
"3087","20161216","PIT",2
"3088","20161216","SFO",1
"3089","20161216","TAM",1
"3090","20161216","TEN",1
"3091","20161217","CAR",2
"3092","20161217","WAS",1
"3093","20161221","NYG",2
"3094","20161223","ARI",2
"3095","20161223","ATL",2
"3096","20161223","BAL",1
"3097","20161223","BUF",1
"3098","20161223","CAR",1
"3099","20161223","CHI",1
"3100","20161223","CIN",4
"3101","20161223","DEN",4
"3102","20161223","GNB",2
"3103","20161223","IND",1
"3104","20161223","JAX",6
"3105","20161223","KAN",1
"3106","20161223","LAC",1
"3107","20161223","MIA",1
"3108","20161223","MIN",4
"3109","20161223","NWE",1
"3110","20161223","NYJ",2
"3111","20161223","OAK",2
"3112","20161223","PIT",1
"3113","20161223","SEA",1
"3114","20161223","TAM",3
"3115","20161223","TEN",1
"3116","20161223","WAS",2
"3117","20161224","DAL",4
"3118","20161224","DET",1
"3119","20161230","BAL",1
"3120","20161230","BUF",2
"3121","20161230","CAR",2
"3122","20161230","CIN",1
"3123","20161230","CLE",1
"3124","20161230","DAL",7
"3125","20161230","DEN",3
"3126","20161230","GNB",1
"3127","20161230","JAX",1
"3128","20161230","KAN",1
"3129","20161230","MIA",1
"3130","20161230","MIN",2
"3131","20161230","NYG",2
"3132","20161230","NYJ",3
"3133","20161230","PIT",3
"3134","20161230","TAM",1
"3135","20161230","WAS",3
"3136","20161231","ARI",1
"3137","20161231","ATL",2
"3138","20161231","HOU",4
"3139","20161231","IND",1
"3140","20161231","LAC",1
"3141","20161231","NWE",2
"3142","20161231","OAK",2
"3143","20161231","SEA",1
"3144","20161231","SFO",1
"3145","20170106","GNB",2
"3146","20170106","HOU",2
"3147","20170106","MIA",1
"3148","20170106","OAK",3
"3149","20170106","PIT",2
"3150","20170107","SEA",2
"3151","20170113","GNB",3
"3152","20170113","PIT",1
"3153","20170120","GNB",2
"3154","20170908","ARI",1
"3155","20170908","BUF",1
"3156","20170908","CAR",1
"3157","20170908","CIN",2
"3158","20170908","DAL",1
"3159","20170908","HOU",2
"3160","20170908","IND",5
"3161","20170908","NYG",1
"3162","20170908","NYJ",1
"3163","20170908","OAK",2
"3164","20170908","PIT",1
"3165","20170908","TEN",1
"3166","20170909","DEN",4
"3167","20170909","NOR",2
"3168","20170913","CIN",2
"3169","20170913","HOU",5
"3170","20170915","ARI",3
"3171","20170915","BAL",2
"3172","20170915","BUF",1
"3173","20170915","CLE",1
"3174","20170915","DAL",2
"3175","20170915","DEN",2
"3176","20170915","GNB",1
"3177","20170915","IND",5
"3178","20170915","JAX",1
"3179","20170915","LAC",1
"3180","20170915","MIA",1
"3181","20170915","NOR",2
"3182","20170915","NWE",4
"3183","20170915","NYJ",5
"3184","20170915","PHI",2
"3185","20170915","PIT",1
"3186","20170915","TAM",1
"3187","20170915","TEN",2
"3188","20170916","BAL",1
"3189","20170916","CLE",1
"3190","20170916","DEN",1
"3191","20170916","IND",1
"3192","20170916","LAC",2
"3193","20170916","NYG",1
"3194","20170916","NYJ",1
"3195","20170916","SFO",1
"3196","20170920","SFO",2
"3197","20170922","ATL",4
"3198","20170922","BAL",3
"3199","20170922","BUF",3
"3200","20170922","CAR",2
"3201","20170922","CHI",1
"3202","20170922","CIN",3
"3203","20170922","CLE",1
"3204","20170922","DEN",2
"3205","20170922","DET",3
"3206","20170922","HOU",3
"3207","20170922","IND",6
"3208","20170922","JAX",2
"3209","20170922","KAN",1
"3210","20170922","LAC",2
"3211","20170922","MIA",1
"3212","20170922","MIN",1
"3213","20170922","NOR",4
"3214","20170922","NWE",1
"3215","20170922","NYG",3
"3216","20170922","NYJ",2
"3217","20170922","PHI",4
"3218","20170922","PIT",2
"3219","20170922","SEA",1
"3220","20170922","TAM",1
"3221","20170922","TEN",2
"3222","20170923","ARI",2
"3223","20170923","DAL",3
"3224","20170927","GNB",1
"3225","20170929","ARI",3
"3226","20170929","ATL",5
"3227","20170929","BAL",3
"3228","20170929","BUF",1
"3229","20170929","CAR",5
"3230","20170929","CIN",3
"3231","20170929","CLE",1
"3232","20170929","DEN",1
"3233","20170929","DET",2
"3234","20170929","HOU",2
"3235","20170929","IND",6
"3236","20170929","JAX",2
"3237","20170929","LAC",1
"3238","20170929","LAR",1
"3239","20170929","MIA",1
"3240","20170929","MIN",1
"3241","20170929","NYJ",2
"3242","20170929","PHI",5
"3243","20170929","SFO",2
"3244","20170929","TAM",1
"3245","20170929","TEN",2
"3246","20170930","NOR",1
"3247","20170930","WAS",1
"3248","20171004","NWE",2
"3249","20171004","TAM",1
"3250","20171006","ARI",2
"3251","20171006","BAL",2
"3252","20171006","BUF",2
"3253","20171006","CAR",3
"3254","20171006","CIN",4
"3255","20171006","DET",3
"3256","20171006","GNB",1
"3257","20171006","HOU",3
"3258","20171006","IND",3
"3259","20171006","JAX",1
"3260","20171006","KAN",3
"3261","20171006","LAC",2
"3262","20171006","NYG",2
"3263","20171006","NYJ",4
"3264","20171006","PHI",2
"3265","20171006","SEA",2
"3266","20171006","SFO",4
"3267","20171006","TEN",2
"3268","20171007","MIN",1
"3269","20171007","WAS",1
"3270","20171011","CAR",3
"3271","20171011","PHI",2
"3272","20171013","ARI",1
"3273","20171013","ATL",2
"3274","20171013","BAL",2
"3275","20171013","CHI",2
"3276","20171013","DEN",2
"3277","20171013","DET",1
"3278","20171013","GNB",2
"3279","20171013","HOU",4
"3280","20171013","JAX",1
"3281","20171013","KAN",4
"3282","20171013","MIN",3
"3283","20171013","NWE",1
"3284","20171013","NYG",6
"3285","20171013","OAK",4
"3286","20171013","SFO",1
"3287","20171013","TAM",4
"3288","20171013","WAS",2
"3289","20171015","GNB",1
"3290","20171018","KAN",3
"3291","20171018","OAK",2
"3292","20171020","ATL",1
"3293","20171020","BAL",5
"3294","20171020","BUF",2
"3295","20171020","CAR",4
"3296","20171020","CHI",1
"3297","20171020","CIN",2
"3298","20171020","CLE",1
"3299","20171020","DAL",1
"3300","20171020","DEN",5
"3301","20171020","GNB",3
"3302","20171020","IND",2
"3303","20171020","JAX",1
"3304","20171020","MIN",3
"3305","20171020","NWE",3
"3306","20171020","NYG",5
"3307","20171020","NYJ",1
"3308","20171020","PIT",1
"3309","20171020","SEA",1
"3310","20171020","SFO",2
"3311","20171020","TAM",2
"3312","20171020","TEN",2
"3313","20171021","DEN",1
"3314","20171021","WAS",3
"3315","20171025","BAL",2
"3316","20171025","MIA",2
"3317","20171027","ATL",2
"3318","20171027","BUF",3
"3319","20171027","CAR",3
"3320","20171027","CIN",4
"3321","20171027","CLE",1
"3322","20171027","DAL",2
"3323","20171027","DET",3
"3324","20171027","HOU",3
"3325","20171027","IND",3
"3326","20171027","MIN",3
"3327","20171027","NOR",1
"3328","20171027","NWE",3
"3329","20171027","NYJ",3
"3330","20171027","OAK",2
"3331","20171027","PHI",1
"3332","20171027","PIT",3
"3333","20171027","SEA",1
"3334","20171027","SFO",2
"3335","20171027","TAM",3
"3336","20171027","WAS",3
"3337","20171028","DEN",1
"3338","20171101","BUF",2
"3339","20171101","NYJ",1
"3340","20171103","ARI",1
"3341","20171103","ATL",1
"3342","20171103","BAL",3
"3343","20171103","BUF",2
"3344","20171103","CAR",2
"3345","20171103","CIN",2
"3346","20171103","DAL",2
"3347","20171103","DEN",1
"3348","20171103","HOU",1
"3349","20171103","IND",3
"3350","20171103","KAN",2
"3351","20171103","NOR",1
"3352","20171103","NYG",6
"3353","20171103","NYJ",1
"3354","20171103","OAK",3
"3355","20171103","SEA",2
"3356","20171103","SFO",6
"3357","20171103","TAM",1
"3358","20171103","TEN",1
"3359","20171103","WAS",4
"3360","20171104","DET",1
"3361","20171104","GNB",1
"3362","20171108","SEA",3
"3363","20171110","ATL",1
"3364","20171110","BUF",2
"3365","20171110","CIN",3
"3366","20171110","DAL",1
"3367","20171110","DET",2
"3368","20171110","GNB",3
"3369","20171110","HOU",2
"3370","20171110","IND",2
"3371","20171110","LAR",1
"3372","20171110","MIN",2
"3373","20171110","NOR",1
"3374","20171110","NWE",3
"3375","20171110","NYG",3
"3376","20171110","NYJ",2
"3377","20171110","PIT",1
"3378","20171110","SFO",4
"3379","20171110","TAM",2
"3380","20171110","TEN",1
"3381","20171110","WAS",2
"3382","20171111","CAR",1
"3383","20171115","PIT",1
"3384","20171117","ARI",1
"3385","20171117","BUF",3
"3386","20171117","CIN",3
"3387","20171117","DAL",2
"3388","20171117","DEN",2
"3389","20171117","DET",2
"3390","20171117","GNB",4
"3391","20171117","HOU",3
"3392","20171117","JAX",2
"3393","20171117","KAN",4
"3394","20171117","LAC",1
"3395","20171117","LAR",1
"3396","20171117","MIN",2
"3397","20171117","NWE",4
"3398","20171117","NYG",2
"3399","20171117","TAM",3
"3400","20171117","WAS",3
"3401","20171118","ATL",1
"3402","20171118","SEA",3
"3403","20171122","DAL",1
"3404","20171122","DET",2
"3405","20171122","NYG",3
"3406","20171122","WAS",4
"3407","20171124","ARI",2
"3408","20171124","ATL",2
"3409","20171124","BUF",3
"3410","20171124","CIN",2
"3411","20171124","CLE",1
"3412","20171124","GNB",1
"3413","20171124","IND",2
"3414","20171124","JAX",1
"3415","20171124","KAN",2
"3416","20171124","LAR",2
"3417","20171124","MIA",3
"3418","20171124","NOR",2
"3419","20171124","NWE",3
"3420","20171124","OAK",1
"3421","20171124","PIT",3
"3422","20171124","SEA",3
"3423","20171124","SFO",1
"3424","20171124","TAM",4
"3425","20171125","BAL",1
"3426","20171125","HOU",3
"3427","20171129","DAL",2
"3428","20171129","WAS",4
"3429","20171201","ARI",4
"3430","20171201","ATL",1
"3431","20171201","BAL",1
"3432","20171201","BUF",4
"3433","20171201","CAR",1
"3434","20171201","CHI",1
"3435","20171201","CLE",1
"3436","20171201","DEN",4
"3437","20171201","DET",2
"3438","20171201","GNB",1
"3439","20171201","HOU",3
"3440","20171201","IND",4
"3441","20171201","JAX",2
"3442","20171201","KAN",2
"3443","20171201","LAC",1
"3444","20171201","LAR",2
"3445","20171201","MIA",4
"3446","20171201","MIN",1
"3447","20171201","NOR",2
"3448","20171201","NWE",2
"3449","20171201","NYG",1
"3450","20171201","NYJ",1
"3451","20171201","OAK",1
"3452","20171201","SEA",3
"3453","20171201","TAM",6
"3454","20171202","CIN",3
"3455","20171202","JAX",1
"3456","20171202","PIT",2
"3457","20171206","ATL",2
"3458","20171206","NOR",1
"3459","20171208","ARI",2
"3460","20171208","BUF",1
"3461","20171208","CAR",1
"3462","20171208","CIN",6
"3463","20171208","DEN",2
"3464","20171208","DET",1
"3465","20171208","GNB",1
"3466","20171208","HOU",4
"3467","20171208","IND",4
"3468","20171208","JAX",1
"3469","20171208","KAN",2
"3470","20171208","MIN",2
"3471","20171208","NYG",2
"3472","20171208","NYJ",1
"3473","20171208","OAK",1
"3474","20171208","PIT",3
"3475","20171208","SEA",3
"3476","20171208","TAM",4
"3477","20171208","TEN",1
"3478","20171208","WAS",3
"3479","20171209","MIA",3
"3480","20171209","NWE",2
"3481","20171213","DEN",1
"3482","20171213","IND",5
"3483","20171214","DET",2
"3484","20171214","KAN",1
"3485","20171215","ARI",3
"3486","20171215","BUF",2
"3487","20171215","CAR",2
"3488","20171215","CIN",3
"3489","20171215","DAL",3
"3490","20171215","GNB",1
"3491","20171215","HOU",4
"3492","20171215","JAX",2
"3493","20171215","MIA",1
"3494","20171215","MIN",1
"3495","20171215","NOR",2
"3496","20171215","NWE",1
"3497","20171215","NYG",1
"3498","20171215","PIT",1
"3499","20171215","SEA",1
"3500","20171215","TEN",1
"3501","20171215","WAS",2
"3502","20171216","ATL",2
"3503","20171216","OAK",3
"3504","20171216","TAM",3
"3505","20171221","GNB",2
"3506","20171221","IND",5
"3507","20171221","MIN",1
"3508","20171222","ARI",3
"3509","20171222","BUF",1
"3510","20171222","CAR",1
"3511","20171222","CIN",1
"3512","20171222","DAL",1
"3513","20171222","DET",1
"3514","20171222","JAX",2
"3515","20171222","LAC",2
"3516","20171222","LAR",1
"3517","20171222","NOR",3
"3518","20171222","NWE",2
"3519","20171222","NYG",2
"3520","20171222","NYJ",1
"3521","20171222","SEA",1
"3522","20171222","TAM",2
"3523","20171222","WAS",2
"3524","20171223","HOU",3
"3525","20171223","OAK",2
"3526","20171223","PIT",1
"3527","20171229","ATL",1
"3528","20171229","BUF",1
"3529","20171229","CIN",1
"3530","20171229","CLE",1
"3531","20171229","DAL",2
"3532","20171229","DEN",3
"3533","20171229","DET",1
"3534","20171229","GNB",6
"3535","20171229","HOU",3
"3536","20171229","IND",3
"3537","20171229","JAX",1
"3538","20171229","LAC",1
"3539","20171229","MIN",4
"3540","20171229","NOR",3
"3541","20171229","NWE",3
"3542","20171229","NYG",3
"3543","20171229","NYJ",1
"3544","20171229","OAK",1
"3545","20171229","PHI",1
"3546","20171229","PIT",1
"3547","20171229","SEA",2
"3548","20171229","TEN",1
"3549","20171229","WAS",3
"3550","20180104","TEN",1
"3551","20180105","BUF",1
"3552","20180111","TEN",1
"3553","20180112","NOR",1
"3554","20180119","MIN",1
