Key,Datetime,Home,Away,Spread,APts,HPts,AFD,HFD,AFum,HFum,AFumL,HFumL,APY,HPY,APA,HPA,API,HPI,APS,HPS,APSY,HPSY,ARA,HRA,ARY,HRY
20140904SEA,2014-09-04 20:42:00,SEA,GNB,20,0.0,0.0,0.0,0.0,0.0,0.0,0.0,0.0,0.0,0.0,0.0,0.0,0.0,0.0,0.0,0.0,0.0,0.0,0.0,0.0,0.0,0.0
20140907CHI,2014-09-07 13:00:00,CHI,BUF,-3,0.0,0.0,0.0,0.0,0.0,0.0,0.0,0.0,0.0,0.0,0.0,0.0,0.0,0.0,0.0,0.0,0.0,0.0,0.0,0.0,0.0,0.0
20140907BAL,2014-09-07 13:02:00,BAL,CIN,-7,0.0,0.0,0.0,0.0,0.0,0.0,0.0,0.0,0.0,0.0,0.0,0.0,0.0,0.0,0.0,0.0,0.0,0.0,0.0,0.0,0.0,0.0
20140907TAM,2014-09-07 16:25:00,TAM,CAR,-6,0.0,0.0,0.0,0.0,0.0,0.0,0.0,0.0,0.0,0.0,0.0,0.0,0.0,0.0,0.0,0.0,0.0,0.0,0.0,0.0,0.0,0.0
20140907STL,2014-09-07 13:00:00,STL,MIN,-28,0.0,0.0,0.0,0.0,0.0,0.0,0.0,0.0,0.0,0.0,0.0,0.0,0.0,0.0,0.0,0.0,0.0,0.0,0.0,0.0,0.0,0.0
20140907DAL,2014-09-07 16:25:00,DAL,SFO,-11,0.0,0.0,0.0,0.0,0.0,0.0,0.0,0.0,0.0,0.0,0.0,0.0,0.0,0.0,0.0,0.0,0.0,0.0,0.0,0.0,0.0,0.0
20140907KAN,2014-09-07 13:02:00,KAN,TEN,-16,0.0,0.0,0.0,0.0,0.0,0.0,0.0,0.0,0.0,0.0,0.0,0.0,0.0,0.0,0.0,0.0,0.0,0.0,0.0,0.0,0.0,0.0
20140907DEN,2014-09-07 20:30:00,DEN,IND,7,0.0,0.0,0.0,0.0,0.0,0.0,0.0,0.0,0.0,0.0,0.0,0.0,0.0,0.0,0.0,0.0,0.0,0.0,0.0,0.0,0.0,0.0
20140907PHI,2014-09-07 13:02:00,PHI,JAX,17,0.0,0.0,0.0,0.0,0.0,0.0,0.0,0.0,0.0,0.0,0.0,0.0,0.0,0.0,0.0,0.0,0.0,0.0,0.0,0.0,0.0,0.0
20140907MIA,2014-09-07 13:03:00,MIA,NWE,13,0.0,0.0,0.0,0.0,0.0,0.0,0.0,0.0,0.0,0.0,0.0,0.0,0.0,0.0,0.0,0.0,0.0,0.0,0.0,0.0,0.0,0.0
20140907NYJ,2014-09-07 13:02:00,NYJ,OAK,5,0.0,0.0,0.0,0.0,0.0,0.0,0.0,0.0,0.0,0.0,0.0,0.0,0.0,0.0,0.0,0.0,0.0,0.0,0.0,0.0,0.0,0.0
20140907HOU,2014-09-07 13:03:00,HOU,WAS,11,0.0,0.0,0.0,0.0,0.0,0.0,0.0,0.0,0.0,0.0,0.0,0.0,0.0,0.0,0.0,0.0,0.0,0.0,0.0,0.0,0.0,0.0
20140907PIT,2014-09-07 13:02:00,PIT,CLE,3,0.0,0.0,0.0,0.0,0.0,0.0,0.0,0.0,0.0,0.0,0.0,0.0,0.0,0.0,0.0,0.0,0.0,0.0,0.0,0.0,0.0,0.0
20140907ATL,2014-09-07 13:03:00,ATL,NOR,3,0.0,0.0,0.0,0.0,0.0,0.0,0.0,0.0,0.0,0.0,0.0,0.0,0.0,0.0,0.0,0.0,0.0,0.0,0.0,0.0,0.0,0.0
20140908DET,2014-09-08 19:11:00,DET,NYG,21,0.0,0.0,0.0,0.0,0.0,0.0,0.0,0.0,0.0,0.0,0.0,0.0,0.0,0.0,0.0,0.0,0.0,0.0,0.0,0.0,0.0,0.0
20140908ARI,2014-09-08 21:20:00,ARI,SDG,1,0.0,0.0,0.0,0.0,0.0,0.0,0.0,0.0,0.0,0.0,0.0,0.0,0.0,0.0,0.0,0.0,0.0,0.0,0.0,0.0,0.0,0.0
20140911BAL,2014-09-11 20:28:00,BAL,PIT,20,7.5,4.0,6.0,6.5,0.25,0.5,0.0,0.25,94.0,82.25,8.75,15.5,0.25,0.25,0.75,0.75,3.5,4.0,7.25,5.0,31.75,23.5
20140914WAS,2014-09-14 13:05:00,WAS,JAX,31,4.25,1.5,4.5,5.0,0.25,0.75,0.25,0.5,60.5,60.25,10.75,9.25,0.0,0.0,0.75,0.75,6.0,6.5,6.0,5.75,16.0,32.75
20140914MIN,2014-09-14 13:05:00,MIN,NWE,-23,5.0,8.5,5.0,4.5,0.75,0.5,0.5,0.0,56.5,42.5,14.0,6.25,0.0,0.0,1.0,0.0,5.75,0.0,5.0,8.0,22.25,46.25
20140914TAM,2014-09-14 16:05:00,TAM,STL,-2,1.5,3.5,3.75,4.25,1.0,0.75,0.0,0.25,61.5,40.5,9.0,8.75,0.5,0.5,1.25,0.75,6.75,5.25,5.5,4.25,18.0,25.5
20140914NYG,2014-09-14 13:04:00,NYG,ARI,-11,4.5,3.5,5.5,4.0,0.5,0.0,0.5,0.0,73.5,36.0,9.25,8.25,0.0,0.5,0.5,0.5,2.5,4.75,6.5,5.5,27.25,13.25
20140914TEN,2014-09-14 13:03:00,TEN,DAL,-16,4.25,6.5,6.5,6.0,0.75,0.25,0.25,0.0,63.75,60.75,9.25,8.25,0.75,0.0,0.75,1.0,6.5,5.75,5.75,9.5,31.75,40.5
20140914BUF,2014-09-14 13:02:00,BUF,MIA,19,8.25,5.75,6.25,3.75,0.75,0.25,0.5,0.0,42.25,41.75,8.0,5.5,0.25,0.25,0.25,0.25,2.25,1.5,9.5,8.25,47.75,48.25
20140914CLE,2014-09-14 13:03:00,CLE,NOR,2,8.5,6.75,7.5,5.75,0.25,0.0,0.25,0.0,83.25,49.5,10.5,7.5,0.25,0.0,0.0,0.75,0.0,6.0,7.0,7.75,34.75,47.75
20140914OAK,2014-09-14 16:25:00,OAK,HOU,-16,4.25,3.5,4.0,2.75,0.5,0.25,0.25,0.0,51.5,33.25,5.5,8.0,0.0,0.0,0.0,0.5,0.0,4.5,8.5,3.75,28.75,6.25
20140914GNB,2014-09-14 16:25:00,GNB,NYJ,7,4.75,4.0,5.0,4.75,0.5,0.25,0.25,0.0,47.5,43.75,7.25,8.25,0.25,0.25,0.5,0.75,7.75,3.5,8.5,5.25,53.0,20.0
20140914SDG,2014-09-14 16:05:00,SDG,SEA,9,9.0,4.25,6.25,3.75,0.5,0.25,0.25,0.0,47.75,59.5,7.0,9.0,0.0,0.25,0.25,0.0,0.0,0.0,9.25,6.0,51.75,13.0
20140914CIN,2014-09-14 13:05:00,CIN,ATL,14,9.25,5.75,7.0,4.0,0.25,0.0,0.25,0.0,111.25,75.25,10.75,9.5,0.0,0.0,0.25,0.0,0.75,0.0,6.25,6.5,30.75,19.75
20140914DEN,2014-09-14 16:25:00,DEN,KAN,7,2.5,7.75,3.75,6.0,0.0,0.5,0.0,0.0,44.5,64.75,8.75,9.0,0.75,0.0,1.0,0.25,6.0,2.5,4.25,8.0,16.75,25.5
20140914SFO,2014-09-14 20:31:00,SFO,CHI,-8,5.0,7.0,7.25,4.75,0.25,0.0,0.25,0.0,85.25,48.0,12.25,5.75,0.5,0.0,0.5,0.25,2.0,2.25,4.5,7.5,21.5,31.75
20140914CAR,2014-09-14 13:04:00,CAR,DET,17,8.75,5.0,5.0,4.75,0.25,0.25,0.0,0.0,85.25,55.25,8.0,8.5,0.0,0.0,0.25,0.25,1.25,2.25,7.5,8.25,19.0,28.25
20140915IND,2014-09-15 20:31:00,IND,PHI,-3,8.5,6.0,6.0,6.0,0.75,0.25,0.5,0.0,68.75,88.5,11.25,13.25,0.25,0.5,1.25,0.75,11.75,4.0,8.0,3.5,36.25,13.5
20140918ATL,2014-09-18 20:26:00,ATL,TAM,42,6.200000000000001,9.4,7.0,9.4,0.8,0.2,0.2,0.2,67.4,131.4,11.2,17.4,0.6000000000000001,0.6000000000000001,0.8,0.6000000000000001,5.0,4.4,9.4,8.8,51.800000000000004,44.0
20140921NWE,2014-09-21 13:02:00,NWE,OAK,7,5.6000000000000005,10.0,6.6000000000000005,7.2,1.0,0.8,0.4,0.4,79.2,73.60000000000001,14.8,15.400000000000002,0.4,0.0,0.4,1.0,3.6,6.000000000000001,6.4,11.4,25.200000000000003,47.8
20140921DET,2014-09-21 13:02:00,DET,GNB,12,9.4,8.4,8.8,8.2,0.8,0.8,0.2,0.4,97.0,118.80000000000001,15.0,16.0,0.2,0.2,1.4000000000000001,1.0,10.0,8.600000000000001,8.600000000000001,9.6,32.0,29.200000000000003
20140921PHI,2014-09-21 13:02:00,PHI,WAS,3,9.400000000000002,12.8,10.4,9.600000000000001,0.6000000000000001,0.6000000000000001,0.4,0.4,99.80000000000001,121.2,14.600000000000001,16.4,0.0,0.4,1.2000000000000002,1.0,11.2,9.4,13.0,11.8,64.4,54.400000000000006
20140921MIA,2014-09-21 16:25:00,MIA,KAN,-19,5.4,8.600000000000001,8.600000000000001,9.600000000000001,0.2,0.8,0.0,0.6000000000000001,85.0,75.80000000000001,15.4,16.200000000000003,0.6000000000000001,0.4,1.2000000000000002,1.0,6.4,8.0,9.600000000000001,11.8,40.0,54.2
20140921STL,2014-09-21 13:00:00,STL,DAL,-3,8.600000000000001,5.0,10.4,7.0,0.8,1.2000000000000002,0.4,0.2,80.6,93.2,13.200000000000001,13.0,0.6000000000000001,0.4,1.4000000000000001,1.4,10.8,8.4,13.2,10.200000000000001,69.4,38.2
20140921CAR,2014-09-21 20:31:00,CAR,PIT,-18,7.2,8.8,8.200000000000001,7.800000000000001,0.6000000000000001,0.2,0.4,0.0,115.60000000000001,94.4,14.4,13.600000000000001,0.4,0.0,1.0,1.0,5.800000000000001,7.8,9.4,11.400000000000002,45.2,35.0
20140921BUF,2014-09-21 13:02:00,BUF,SDG,-12,9.4,10.400000000000002,8.2,5.6,1.0,0.2,0.0,0.0,102.80000000000001,73.80000000000001,14.600000000000001,9.600000000000001,0.2,0.2,0.2,0.2,1.6,1.2000000000000002,12.200000000000001,13.200000000000001,30.6,61.2
20140921NYG,2014-09-21 13:02:00,NYG,HOU,13,9.4,5.6000000000000005,7.2,8.0,0.6000000000000001,0.4,0.2,0.4,69.0,80.8,8.200000000000001,14.400000000000002,0.0,0.8,0.0,0.8,0.0,7.200000000000001,16.0,9.8,60.6,26.8
20140921SEA,2014-09-21 16:25:00,SEA,DEN,6,11.0,11.4,8.600000000000001,7.800000000000001,0.4,0.8,0.0,0.4,99.20000000000002,74.2,12.4,10.600000000000001,0.0,0.0,0.4,0.6000000000000001,3.0,4.4,10.200000000000001,10.0,38.0,63.00000000000001
20140921NOR,2014-09-21 13:03:00,NOR,MIN,11,8.200000000000001,11.600000000000001,7.0,11.2,0.6000000000000001,0.4,0.0,0.4,66.6,111.20000000000002,12.2,16.4,0.8,0.4,1.2000000000000002,0.4,7.800000000000001,2.8000000000000003,10.200000000000001,11.0,47.8,62.60000000000001
20140921ARI,2014-09-21 16:05:00,ARI,SFO,9,9.600000000000001,8.6,7.6000000000000005,8.600000000000001,0.4,0.4,0.2,0.4,84.80000000000001,87.2,11.400000000000002,13.200000000000001,0.6000000000000001,0.0,1.0,1.2000000000000002,5.0,7.0,11.4,10.8,50.800000000000004,46.6
20140921CIN,2014-09-21 13:02:00,CIN,TEN,26,7.2,9.400000000000002,7.4,7.4,0.4,0.0,0.0,0.0,95.0,120.60000000000001,13.400000000000002,12.400000000000002,0.4,0.0,1.2000000000000002,0.0,5.000000000000001,0.0,10.200000000000001,14.2,48.8,49.8
20140921CLE,2014-09-21 13:02:00,CLE,BAL,-2,8.4,10.600000000000001,10.2,9.200000000000001,0.4,0.0,0.2,0.0,99.0,80.0,18.200000000000003,14.200000000000001,0.2,0.0,0.6000000000000001,0.8,3.2,5.200000000000001,11.2,12.2,50.2,62.60000000000001
20140921JAX,2014-09-21 13:02:00,JAX,IND,-27,10.200000000000001,5.4,9.8,5.2,0.6000000000000001,0.2,0.2,0.2,105.19999999999999,73.0,17.400000000000002,14.2,0.6000000000000001,0.2,0.6000000000000001,2.6,3.2,18.8,10.4,6.800000000000001,44.60000000000001,17.8
20140922NYJ,2014-09-22 20:30:00,NYJ,CHI,-8,9.600000000000001,8.600000000000001,9.600000000000001,7.800000000000001,0.4,0.6000000000000001,0.2,0.2,102.2,71.2,16.6,12.200000000000001,0.4,0.4,0.6000000000000001,0.8,2.8000000000000003,8.2,7.0,14.200000000000001,26.4,71.80000000000001
20140925WAS,2014-09-25 20:26:00,WAS,NYG,-31,9.666666666666668,13.500000000000002,11.0,13.166666666666668,0.6666666666666667,0.6666666666666667,0.5,0.33333333333333337,105.0,154.33333333333334,16.666666666666668,20.166666666666668,0.6666666666666667,0.16666666666666666,0.8333333333333334,1.0000000000000002,7.333333333333334,9.333333333333334,15.166666666666668,15.5,54.5,67.66666666666667
20140928MIN,2014-09-28 16:25:00,MIN,ATL,13,17.166666666666664,8.333333333333336,12.166666666666668,8.0,0.8333333333333333,0.5000000000000001,0.6666666666666667,0.0,166.83333333333334,86.83333333333333,19.166666666666664,15.166666666666666,0.6666666666666667,0.6666666666666667,0.6666666666666667,1.3333333333333335,4.666666666666667,9.0,13.333333333333334,12.166666666666668,60.66666666666667,49.66666666666667
20140928SFO,2014-09-28 16:25:00,SFO,PHI,5,16.833333333333336,10.333333333333336,11.666666666666668,9.666666666666668,0.8333333333333335,0.33333333333333337,0.5,0.16666666666666669,155.16666666666666,110.00000000000001,20.5,15.666666666666668,0.33333333333333337,0.5000000000000001,0.8333333333333334,1.0,7.833333333333334,5.666666666666667,14.0,13.333333333333332,54.33333333333334,56.0
20140928IND,2014-09-28 13:03:00,IND,TEN,24,7.166666666666666,15.833333333333336,9.833333333333334,12.666666666666668,0.6666666666666667,0.5000000000000001,0.0,0.16666666666666669,108.66666666666667,151.83333333333331,16.833333333333336,21.666666666666668,0.6666666666666667,0.5000000000000001,1.3333333333333335,0.8333333333333335,5.500000000000001,3.5,13.166666666666668,13.5,65.5,61.16666666666668
20140928NYJ,2014-09-28 13:02:00,NYJ,DET,-7,10.166666666666668,10.333333333333334,10.333333333333332,10.0,0.8333333333333334,1.3333333333333335,0.5,0.33333333333333337,138.66666666666669,109.33333333333334,19.0,17.333333333333336,0.5,0.6666666666666667,1.1666666666666667,1.1666666666666667,8.500000000000002,9.5,14.333333333333332,16.166666666666668,43.5,78.83333333333334
20140928HOU,2014-09-28 13:02:00,HOU,BUF,6,10.333333333333336,10.666666666666668,7.666666666666667,9.333333333333332,0.33333333333333337,0.6666666666666667,0.0,0.16666666666666669,95.66666666666669,106.16666666666666,14.666666666666668,12.666666666666668,0.16666666666666669,0.5,0.6666666666666667,0.3333333333333333,6.5,1.1666666666666665,14.666666666666668,17.5,65.5,70.33333333333333
20140928SDG,2014-09-28 16:05:00,SDG,JAX,19,7.333333333333334,11.5,7.333333333333334,10.166666666666666,0.33333333333333337,0.8333333333333334,0.33333333333333337,0.0,100.66666666666666,127.33333333333334,17.0,16.333333333333336,0.5,0.16666666666666669,2.8333333333333335,0.5,18.5,2.3333333333333335,9.0,16.166666666666668,32.333333333333336,39.333333333333336
20140928CHI,2014-09-28 13:02:00,CHI,GNB,-21,9.0,12.500000000000002,9.666666666666668,10.833333333333336,0.8333333333333334,0.5,0.33333333333333337,0.33333333333333337,105.33333333333334,118.0,17.0,20.166666666666668,0.16666666666666669,0.33333333333333337,1.5,1.1666666666666667,10.833333333333334,7.0,10.833333333333334,9.333333333333334,39.333333333333336,32.0
20140928OAK,2014-09-28 13:06:00,OAK,MIA,-24,9.666666666666668,6.166666666666667,11.000000000000002,7.833333333333334,0.8333333333333334,0.8333333333333334,0.5000000000000001,0.33333333333333337,95.00000000000001,95.0,20.66666666666667,18.0,0.33333333333333337,0.5,1.5,0.33333333333333337,9.0,3.0,13.166666666666668,9.0,68.66666666666667,32.16666666666667
20140928BAL,2014-09-28 13:02:00,BAL,CAR,28,10.5,10.833333333333334,9.833333333333334,12.333333333333332,0.6666666666666667,0.33333333333333337,0.3333333333333333,0.16666666666666669,129.83333333333334,118.66666666666666,18.166666666666668,20.333333333333336,0.0,0.33333333333333337,1.3333333333333335,0.5000000000000001,10.333333333333332,2.666666666666667,11.166666666666668,14.833333333333334,36.16666666666667,68.5
20140928DAL,2014-09-28 20:31:00,DAL,NOR,21,13.0,12.833333333333334,13.833333333333334,11.833333333333334,0.5,0.8333333333333334,0.33333333333333337,0.5,140.66666666666669,103.33333333333334,19.5,14.833333333333336,0.33333333333333337,0.6666666666666667,0.5,1.1666666666666667,3.166666666666667,9.000000000000002,14.5,15.833333333333332,70.16666666666669,78.33333333333334
20140928PIT,2014-09-28 13:03:00,PIT,TAM,-3,7.500000000000001,12.166666666666666,7.5,10.833333333333336,1.5,0.5000000000000001,0.8333333333333333,0.33333333333333337,81.66666666666667,128.0,15.333333333333334,17.0,0.6666666666666667,0.33333333333333337,1.1666666666666667,1.0,8.5,5.833333333333334,10.833333333333334,13.5,53.833333333333336,81.66666666666667
20140929KAN,2014-09-29 20:31:00,KAN,NWE,27,11.0,10.166666666666668,9.5,11.0,0.8333333333333334,0.8333333333333333,0.33333333333333337,0.3333333333333333,98.16666666666667,98.83333333333334,19.0,17.0,0.0,0.5000000000000001,1.1666666666666667,1.8333333333333335,7.166666666666668,8.333333333333334,14.833333333333332,14.833333333333336,52.5,62.333333333333336
20141002GNB,2014-10-02 20:26:00,GNB,MIN,32,13.000000000000002,13.142857142857142,10.571428571428571,11.285714285714286,0.4285714285714287,0.7142857142857144,0.0,0.28571428571428575,119.71428571428572,133.42857142857144,17.285714285714285,18.571428571428573,0.5714285714285715,0.14285714285714288,1.142857142857143,1.4285714285714286,7.714285714285715,9.285714285714286,16.714285714285715,11.857142857142858,77.0,41.714285714285715
20141005NOR,2014-10-05 13:03:00,NOR,TAM,6,10.285714285714286,13.571428571428573,9.428571428571429,14.714285714285715,1.2857142857142858,0.7142857142857143,0.7142857142857143,0.5714285714285714,111.00000000000001,168.2857142857143,19.285714285714285,23.0,0.7142857142857144,0.4285714285714286,1.142857142857143,0.7142857142857143,9.428571428571429,3.571428571428572,12.0,14.285714285714286,55.142857142857146,75.00000000000001
20141005DAL,2014-10-05 13:03:00,DAL,HOU,3,12.42857142857143,16.42857142857143,10.714285714285714,13.571428571428573,0.8571428571428572,1.0,0.2857142857142857,0.4285714285714286,128.71428571428572,125.0,16.142857142857146,16.85714285714286,0.7142857142857143,0.5714285714285715,0.7142857142857142,1.142857142857143,1.5714285714285714,8.714285714285715,18.28571428571429,18.57142857142857,65.57142857142857,94.28571428571429
20141005TEN,2014-10-05 13:02:00,TEN,CLE,-1,12.333333333333336,8.571428571428571,10.833333333333334,10.714285714285715,0.16666666666666666,0.8571428571428572,0.0,0.14285714285714285,115.0,118.28571428571429,16.0,18.42857142857143,0.0,0.8571428571428572,0.6666666666666667,1.5714285714285716,4.333333333333335,7.2857142857142865,15.166666666666666,13.571428571428573,66.33333333333334,68.28571428571429
20141005IND,2014-10-05 13:03:00,IND,BAL,7,14.714285714285715,19.42857142857143,14.142857142857142,15.285714285714288,0.4285714285714286,0.4285714285714287,0.14285714285714288,0.14285714285714288,148.42857142857142,186.28571428571428,21.857142857142858,24.42857142857143,0.28571428571428575,0.5714285714285716,0.4285714285714287,0.7142857142857144,2.285714285714286,3.0,17.0,17.42857142857143,76.85714285714286,67.42857142857144
20141005PHI,2014-10-05 13:02:00,PHI,STL,6,9.333333333333332,17.42857142857143,10.166666666666668,11.571428571428573,1.166666666666667,1.0,0.33333333333333337,0.7142857142857143,132.16666666666669,160.28571428571428,17.833333333333336,23.714285714285715,0.6666666666666667,0.5714285714285714,1.1666666666666667,0.8571428571428572,7.000000000000001,7.2857142857142865,13.500000000000002,13.714285714285714,52.0,49.71428571428573
20141005DEN,2014-10-05 16:05:00,DEN,ARI,21,11.0,12.5,11.166666666666668,10.5,0.5,0.5,0.5,0.16666666666666666,115.0,132.0,16.666666666666668,18.5,0.0,0.16666666666666666,1.0000000000000002,0.5,5.833333333333334,3.6666666666666665,13.500000000000002,11.833333333333336,52.833333333333336,37.66666666666667
20141005NYG,2014-10-05 13:03:00,NYG,ATL,10,18.714285714285715,14.714285714285715,13.714285714285715,13.857142857142858,0.7142857142857143,0.5714285714285715,0.5714285714285715,0.4285714285714286,184.14285714285717,132.14285714285714,22.285714285714285,19.85714285714286,0.8571428571428572,0.7142857142857144,0.7142857142857144,0.8571428571428572,5.428571428571429,7.000000000000001,14.571428571428573,18.42857142857143,69.57142857142858,68.71428571428572
20141005NWE,2014-10-05 20:43:00,NWE,CIN,26,13.333333333333336,11.428571428571429,10.333333333333332,10.000000000000002,0.0,1.0,0.0,0.4285714285714286,131.16666666666669,114.85714285714286,14.666666666666668,20.571428571428573,0.16666666666666666,0.2857142857142857,0.0,1.4285714285714288,0.0,8.142857142857144,17.0,15.0,60.83333333333333,55.714285714285715
20141005SFO,2014-10-05 16:25:00,SFO,KAN,5,14.571428571428573,12.571428571428573,13.142857142857142,11.142857142857142,0.7142857142857143,0.28571428571428575,0.2857142857142857,0.14285714285714288,118.42857142857144,121.2857142857143,18.28571428571429,17.714285714285715,0.4285714285714287,0.5714285714285716,1.8571428571428572,1.4285714285714286,8.857142857142858,9.0,18.142857142857146,17.42857142857143,83.0,79.14285714285714
20141005CAR,2014-10-05 13:03:00,CAR,CHI,7,13.142857142857146,10.428571428571429,14.000000000000004,11.285714285714285,0.8571428571428572,0.8571428571428572,0.28571428571428575,0.42857142857142855,138.42857142857144,146.71428571428572,22.28571428571429,20.42857142857143,0.5714285714285714,0.0,1.142857142857143,1.4285714285714288,6.571428571428571,11.714285714285715,13.857142857142858,13.285714285714286,61.0,40.57142857142858
20141005SDG,2014-10-05 16:25:00,SDG,NYJ,31,11.285714285714286,14.571428571428573,11.000000000000002,11.428571428571429,1.4285714285714288,0.8571428571428572,0.4285714285714286,0.0,122.85714285714286,161.28571428571428,19.571428571428573,19.571428571428577,0.7142857142857144,0.14285714285714288,1.285714285714286,0.7142857142857143,8.857142857142858,3.7142857142857144,17.714285714285715,16.714285714285715,86.42857142857144,39.714285714285715
20141005DET,2014-10-05 13:03:00,DET,BUF,-3,11.285714285714288,12.142857142857144,9.0,11.285714285714286,0.4285714285714286,0.7142857142857144,0.0,0.4285714285714286,113.42857142857146,157.71428571428572,18.857142857142858,21.142857142857146,0.4285714285714286,0.4285714285714286,0.8571428571428572,1.5714285714285716,6.2857142857142865,10.285714285714288,15.857142857142858,16.142857142857142,69.85714285714286,49.85714285714286
20141005JAX,2014-10-05 13:02:00,JAX,PIT,-8,13.857142857142858,8.285714285714286,13.142857142857146,9.285714285714286,0.7142857142857144,0.4285714285714286,0.4285714285714286,0.4285714285714286,153.28571428571428,119.85714285714285,20.42857142857143,19.857142857142858,0.28571428571428575,0.7142857142857143,1.5714285714285714,2.857142857142857,8.714285714285715,18.571428571428573,15.42857142857143,11.285714285714286,82.14285714285715,39.85714285714286
20141006WAS,2014-10-06 20:30:00,WAS,SEA,-10,13.833333333333332,13.571428571428573,10.833333333333334,13.714285714285717,0.8333333333333334,0.8571428571428572,0.33333333333333337,0.5714285714285714,104.33333333333334,167.00000000000003,14.666666666666668,22.000000000000004,0.16666666666666666,0.7142857142857142,1.0,1.1428571428571432,7.0,10.000000000000002,14.5,15.714285714285715,74.0,70.28571428571429
20141009HOU,2014-10-09 20:26:00,HOU,IND,-5,19.5,13.000000000000002,16.625,11.25,0.8750000000000001,0.75,0.375,0.25,201.125,131.875,27.5,17.250000000000004,0.7500000000000002,0.75,0.7500000000000001,0.6249999999999999,3.5,1.375,19.0,19.875000000000004,74.87500000000001,79.375
20141012CIN,2014-10-12 13:03:00,CIN,CAR,0,13.0,13.85714285714286,12.625,11.285714285714286,1.125,0.42857142857142855,0.625,0.42857142857142855,157.25,146.8571428571429,22.25,16.714285714285715,0.125,0.14285714285714285,1.5000000000000002,0.14285714285714285,13.25,1.1428571428571428,14.875,17.142857142857146,46.87500000000001,63.42857142857143
20141012OAK,2014-10-12 16:05:00,OAK,SDG,-3,16.625,7.2857142857142865,12.625,9.142857142857144,0.75,0.8571428571428572,0.0,0.4285714285714286,175.75,119.14285714285714,20.625000000000004,21.714285714285715,0.25,0.8571428571428572,1.0,0.5714285714285714,4.625,4.142857142857143,19.625,10.285714285714286,55.0,35.142857142857146
20141012ATL,2014-10-12 16:25:00,ATL,CHI,-14,14.500000000000004,18.875,14.375000000000004,14.5,1.125,0.75,0.5,0.5000000000000001,153.875,199.50000000000003,24.000000000000004,25.125,0.75,0.875,1.5000000000000002,0.7500000000000001,9.125,5.875,14.875,15.375000000000002,64.0,72.12500000000001
20141012NYJ,2014-10-12 13:02:00,NYJ,DEN,-14,16.571428571428573,9.875,12.428571428571429,11.000000000000002,0.4285714285714286,1.3750000000000002,0.14285714285714285,0.5,181.14285714285717,115.0,22.57142857142857,21.0,0.42857142857142855,0.7500000000000001,0.5714285714285714,1.3750000000000002,3.571428571428571,9.5,14.142857142857146,18.125,45.42857142857143,87.00000000000001
20141012CLE,2014-10-12 13:02:00,CLE,PIT,21,14.25,14.714285714285717,14.000000000000004,13.142857142857142,0.7500000000000001,0.14285714285714285,0.5,0.0,166.75,139.14285714285717,22.375,19.0,0.25000000000000006,0.14285714285714285,1.875,0.7142857142857144,9.125,4.714285714285715,17.0,18.142857142857142,85.75000000000001,82.00000000000001
20141012ARI,2014-10-12 16:25:00,ARI,WAS,10,14.000000000000002,12.285714285714285,13.750000000000002,10.857142857142858,0.875,0.5714285714285714,0.5,0.4285714285714286,180.50000000000003,124.00000000000001,23.750000000000004,19.142857142857146,0.6249999999999999,0.0,1.1250000000000004,1.285714285714286,9.750000000000002,8.0,15.875,14.285714285714286,65.5,50.57142857142858
20141012TAM,2014-10-12 13:02:00,TAM,BAL,-31,14.5,12.875,14.25,10.75,0.625,1.375,0.375,0.625,154.5,128.125,23.875,20.875,0.37500000000000006,0.7500000000000001,0.8750000000000001,1.1250000000000002,6.75,8.375,16.75,13.125,78.5,56.5
20141012MIN,2014-10-12 13:02:00,MIN,DET,-14,12.375000000000002,12.625000000000002,11.5,11.75,1.0,0.5000000000000001,0.5,0.125,163.5,128.25,22.375000000000004,20.625,0.5,0.7500000000000001,2.125,1.7500000000000002,12.375000000000002,11.0,16.625,17.75,52.25,81.25
20141012TEN,2014-10-12 13:02:00,TEN,JAX,2,8.375,11.0,9.625,12.125,0.75,0.75,0.375,0.125,128.25,136.125,21.875,20.125,0.875,0.75,2.625,1.7500000000000002,16.75,7.875000000000001,11.75,15.625000000000002,41.875,78.375
20141012BUF,2014-10-12 13:02:00,BUF,NWE,-15,15.375,12.000000000000002,12.500000000000002,10.25,1.0,0.75,0.375,0.0,136.125,136.00000000000003,22.375,21.875,0.25,0.5,1.3750000000000002,1.0,8.0,7.250000000000001,18.875,16.625,76.25,67.25
20141012MIA,2014-10-12 13:02:00,MIA,GNB,-3,16.75,13.714285714285715,11.75,12.85714285714286,0.6250000000000001,1.142857142857143,0.25000000000000006,0.7142857142857144,137.25,121.14285714285717,19.0,22.142857142857146,0.25,0.4285714285714286,1.5,1.2857142857142858,9.875,7.714285714285715,13.875,16.28571428571429,56.0,81.28571428571429
20141012SEA,2014-10-12 16:26:00,SEA,DAL,-7,16.875,15.714285714285715,14.875000000000002,12.142857142857142,1.125,1.0,0.625,0.28571428571428575,148.875,114.85714285714288,19.875000000000004,16.0,0.6250000000000001,0.14285714285714285,1.1250000000000002,1.2857142857142858,8.625,9.285714285714285,20.375,17.57142857142857,100.0,95.57142857142857
20141012PHI,2014-10-12 20:41:00,PHI,NYG,27,16.625,19.5,14.875,12.875000000000002,0.7500000000000001,1.125,0.625,0.875,139.75,166.125,21.125000000000004,25.375,0.6250000000000001,0.625,0.875,0.75,7.000000000000001,6.375000000000001,20.375,16.125,75.625,61.625000000000014
20141013STL,2014-10-13 20:30:00,STL,SFO,-14,13.750000000000002,12.0,12.5,12.857142857142858,0.37500000000000006,1.4285714285714288,0.12500000000000003,0.7142857142857143,129.375,162.0,18.875,22.28571428571429,0.5000000000000002,0.5714285714285715,1.625,1.5714285714285716,9.75,10.857142857142858,20.25,14.857142857142858,90.625,62.42857142857143
20141016NWE,2014-10-16 20:25:00,NWE,NYJ,2,10.666666666666666,17.77777777777778,11.444444444444445,13.555555555555557,1.4444444444444446,0.8888888888888888,0.5555555555555556,0.3333333333333333,121.44444444444443,159.44444444444446,23.444444444444443,24.0,0.7777777777777779,0.2222222222222222,1.6666666666666667,1.4444444444444446,10.333333333333334,8.777777777777777,17.77777777777778,19.77777777777778,80.77777777777779,73.33333333333333
20141019SDG,2014-10-19 16:05:00,SDG,KAN,-3,14.875000000000002,18.22222222222222,13.25,13.888888888888888,0.75,0.7777777777777777,0.25,0.0,123.37500000000001,190.33333333333331,19.750000000000004,22.222222222222225,0.5000000000000001,0.2222222222222222,1.625,1.0,7.75,4.777777777777778,18.375000000000004,21.11111111111111,86.0,61.77777777777777
20141019DET,2014-10-19 13:02:00,DET,NOR,1,16.5,12.888888888888891,17.125,12.222222222222221,0.625,0.8888888888888888,0.5,0.4444444444444444,193.62500000000003,162.55555555555554,27.25,23.555555555555557,0.75,0.4444444444444444,0.625,2.333333333333333,3.1250000000000004,14.333333333333336,16.125,17.888888888888886,83.12500000000001,57.55555555555556
20141019DAL,2014-10-19 16:25:00,DAL,NYG,10,14.777777777777777,18.333333333333332,14.555555555555555,15.777777777777779,1.0,1.2222222222222223,0.6666666666666667,0.7777777777777778,142.88888888888889,158.88888888888886,21.88888888888889,21.22222222222222,0.5555555555555556,0.5555555555555556,1.6666666666666665,1.1111111111111114,11.0,8.888888888888888,20.77777777777778,22.11111111111111,76.77777777777777,106.88888888888889
20141019STL,2014-10-19 13:00:00,STL,SEA,2,16.625,12.625,11.75,13.625,1.0,1.3750000000000002,0.25000000000000006,0.625,116.25000000000001,168.75,17.5,24.750000000000004,0.25,0.6250000000000001,1.375,2.0,8.125,12.0,17.625,16.0,93.625,66.25
20141019GNB,2014-10-19 13:02:00,GNB,CAR,21,15.666666666666666,17.888888888888886,14.444444444444443,13.444444444444445,1.0,0.6666666666666667,0.5555555555555556,0.22222222222222227,171.33333333333331,149.55555555555554,24.888888888888886,21.555555555555557,0.2222222222222222,0.2222222222222222,1.3333333333333335,1.6666666666666665,11.777777777777777,10.555555555555554,17.0,16.11111111111111,58.0,63.222222222222214
20141019BUF,2014-10-19 13:02:00,BUF,MIN,1,11.555555555555557,13.111111111111112,12.11111111111111,11.222222222222221,0.5555555555555556,0.8888888888888888,0.1111111111111111,0.2222222222222222,129.88888888888889,150.66666666666669,22.444444444444443,23.666666666666664,1.0,0.5555555555555556,2.4444444444444446,1.4444444444444444,14.777777777777777,9.88888888888889,17.77777777777778,17.333333333333332,79.88888888888889,67.33333333333333
20141019DEN,2014-10-19 20:30:00,DEN,SFO,25,15.666666666666668,18.375,13.0,13.5,0.4444444444444445,0.625,0.22222222222222224,0.125,153.11111111111111,186.12500000000003,20.666666666666668,23.875,0.44444444444444464,0.375,1.4444444444444444,0.75,8.666666666666666,5.125,21.333333333333332,16.500000000000004,90.44444444444444,57.0
20141019JAX,2014-10-19 13:02:00,JAX,CLE,18,16.75,9.0,13.875,11.555555555555555,0.5,0.7777777777777777,0.125,0.4444444444444444,148.00000000000003,147.0,18.75,24.555555555555554,0.125,0.8888888888888888,0.7500000000000001,2.9999999999999996,5.000000000000001,19.22222222222222,20.625,13.0,91.50000000000001,46.33333333333333
20141019WAS,2014-10-19 13:02:00,WAS,TEN,2,11.555555555555554,14.666666666666668,12.333333333333332,14.555555555555557,0.7777777777777777,0.8888888888888888,0.1111111111111111,0.5555555555555556,145.44444444444446,197.66666666666669,21.0,25.333333333333336,0.6666666666666666,0.8888888888888888,1.8888888888888888,1.2222222222222228,8.444444444444445,10.777777777777779,16.555555555555557,16.0,77.44444444444443,66.22222222222223
20141019OAK,2014-10-19 16:25:00,OAK,ARI,-11,14.5,9.875,11.875,10.125000000000002,0.75,0.875,0.375,0.375,138.875,139.5,22.250000000000004,23.25,0.0,0.875,1.2500000000000002,0.5,7.875,3.6250000000000004,15.375,11.5,53.50000000000001,45.0
20141019BAL,2014-10-19 13:02:00,BAL,ATL,22,18.22222222222222,18.22222222222222,14.222222222222221,15.222222222222221,0.7777777777777777,0.6666666666666667,0.44444444444444453,0.4444444444444444,204.55555555555557,171.33333333333331,26.444444444444443,24.333333333333332,0.8888888888888888,0.33333333333333337,1.1111111111111112,0.7777777777777778,8.11111111111111,6.0,15.111111111111112,18.777777777777775,68.77777777777779,88.55555555555554
20141019CHI,2014-10-19 13:00:00,CHI,MIA,-13,15.0,15.888888888888891,13.625000000000002,15.333333333333336,1.1250000000000002,1.0,0.7500000000000001,0.4444444444444444,135.62500000000003,178.44444444444443,23.250000000000004,25.555555555555557,0.625,0.6666666666666666,1.25,1.5555555555555558,7.625000000000001,8.777777777777777,17.125,16.444444444444443,85.125,68.33333333333333
20141019IND,2014-10-19 13:02:00,IND,CIN,27,16.75,21.0,13.5,17.77777777777778,0.375,0.8888888888888888,0.375,0.4444444444444444,168.50000000000003,219.1111111111111,20.0,29.333333333333332,0.375,0.7777777777777779,0.25,1.0,1.375,3.8888888888888884,18.875000000000004,20.77777777777778,79.625,76.8888888888889
20141020PIT,2014-10-20 20:30:00,PIT,HOU,7,14.666666666666668,13.777777777777777,12.0,14.888888888888891,0.8888888888888888,0.7777777777777779,0.4444444444444444,0.4444444444444444,139.0,172.77777777777774,17.888888888888893,24.555555555555557,0.6666666666666666,0.33333333333333337,1.1111111111111112,1.8888888888888888,3.0,8.88888888888889,20.333333333333336,18.666666666666664,85.66666666666667,91.55555555555556
20141023DEN,2014-10-23 20:26:00,DEN,SDG,14,18.4,21.0,14.399999999999999,14.555555555555555,0.7999999999999999,0.6666666666666667,0.0,0.1111111111111111,189.49999999999997,199.22222222222223,23.100000000000005,24.22222222222222,0.3,0.3333333333333333,1.1,0.8888888888888888,6.6,6.111111111111111,20.6,17.66666666666667,62.49999999999999,63.44444444444444
20141026CIN,2014-10-26 13:02:00,CIN,BAL,3,19.299999999999997,14.888888888888888,16.0,12.88888888888889,0.7000000000000001,0.4444444444444444,0.5,0.3333333333333333,179.0,161.22222222222226,24.4,22.0,0.5,0.3333333333333333,0.8,0.6666666666666666,6.4,3.7777777777777777,20.5,18.11111111111111,91.99999999999999,74.33333333333333
20141026ATL,2014-10-26 09:37:00,ATL,DET,-1,14.000000000000002,17.099999999999998,13.1,14.399999999999999,0.7999999999999999,0.7999999999999999,0.39999999999999997,0.5000000000000001,174.79999999999998,202.70000000000002,25.200000000000003,28.200000000000003,0.6,0.7999999999999999,2.3999999999999995,1.5,14.300000000000002,11.5,18.5,15.200000000000001,57.7,68.7
20141026NYJ,2014-10-26 13:02:00,NYJ,BUF,-20,13.5,12.1,12.3,13.100000000000001,1.2,1.4000000000000004,0.5,0.5,161.10000000000002,129.79999999999998,25.599999999999998,24.5,0.6,0.7000000000000002,1.9000000000000001,1.8,11.700000000000001,11.4,17.5,20.3,72.39999999999999,94.5
20141026NOR,2014-10-26 20:30:00,NOR,GNB,21,19.9,17.22222222222222,14.3,18.0,0.7000000000000001,0.6666666666666667,0.20000000000000004,0.5555555555555556,158.7,209.33333333333334,21.800000000000004,29.22222222222222,0.19999999999999998,0.7777777777777777,1.7,0.6666666666666667,10.899999999999999,3.555555555555556,17.5,16.666666666666664,69.1,82.00000000000001
20141026JAX,2014-10-26 13:02:00,JAX,MIA,-14,16.333333333333332,10.5,14.777777777777779,12.4,1.1111111111111114,0.7,0.6666666666666667,0.39999999999999997,149.0,147.4,24.22222222222222,25.2,0.5555555555555556,1.1,1.5555555555555556,2.9,9.11111111111111,18.1,18.88888888888889,15.200000000000001,90.88888888888889,60.199999999999996
20141026CLE,2014-10-26 16:25:00,CLE,OAK,10,10.222222222222221,15.555555555555554,10.444444444444446,13.777777777777777,0.7777777777777777,0.6666666666666666,0.3333333333333333,0.3333333333333333,142.22222222222223,153.44444444444446,23.777777777777775,21.22222222222222,0.7777777777777777,0.2222222222222222,0.5555555555555556,1.0,4.222222222222222,6.444444444444445,12.333333333333332,21.666666666666664,46.22222222222222,89.00000000000001
20141026NWE,2014-10-26 13:02:00,NWE,CHI,28,15.700000000000003,18.7,15.200000000000003,13.8,1.3,0.7999999999999999,0.6,0.3,177.79999999999998,169.50000000000003,26.400000000000006,25.3,0.7,0.19999999999999998,1.7000000000000004,1.4000000000000004,9.7,7.999999999999999,16.2,19.3,66.7,72.3
20141026ARI,2014-10-26 16:05:00,ARI,PHI,4,20.333333333333332,15.555555555555554,14.11111111111111,13.333333333333332,1.1111111111111112,0.7777777777777777,0.7777777777777777,0.3333333333333333,174.88888888888889,150.33333333333331,26.333333333333332,23.22222222222222,0.7777777777777778,0.1111111111111111,0.7777777777777777,1.2222222222222223,6.0,8.222222222222221,18.333333333333332,17.77777777777778,77.33333333333334,61.22222222222222
20141026PIT,2014-10-26 16:25:00,PIT,IND,17,21.6,15.399999999999999,18.7,15.200000000000003,1.0,0.8000000000000002,0.6,0.5,230.7,180.7,30.599999999999998,25.5,0.7000000000000002,0.30000000000000004,1.1,2.0,4.3999999999999995,9.6,22.1,19.299999999999997,86.30000000000001,90.0
20141026CAR,2014-10-26 13:04:00,CAR,SEA,-4,17.666666666666664,15.8,13.222222222222221,15.299999999999999,0.8888888888888888,0.9,0.22222222222222227,0.5,135.77777777777777,176.5,19.555555555555557,26.299999999999997,0.2222222222222222,0.3,1.5555555555555554,1.5000000000000002,9.555555555555554,13.1,18.88888888888889,17.8,102.22222222222221,63.0
20141026KAN,2014-10-26 13:04:00,KAN,STL,27,14.333333333333332,15.777777777777779,14.11111111111111,14.222222222222221,1.3333333333333335,0.6666666666666666,0.5555555555555556,0.2222222222222222,169.22222222222223,133.11111111111111,24.333333333333336,20.666666666666668,0.5555555555555556,0.44444444444444453,1.7777777777777777,1.7777777777777777,10.666666666666666,8.0,17.22222222222222,20.666666666666668,70.22222222222221,93.55555555555556
20141026TEN,2014-10-26 13:03:00,TEN,HOU,-14,15.500000000000002,12.099999999999998,12.8,12.5,1.1,0.7999999999999999,0.6,0.2,151.20000000000002,146.9,19.300000000000004,21.500000000000004,0.7,0.7,1.1,1.8,2.8000000000000003,7.6000000000000005,21.300000000000004,17.1,90.30000000000001,77.29999999999998
20141026TAM,2014-10-26 13:03:00,TAM,MIN,-6,12.000000000000002,13.333333333333334,12.5,12.0,0.5,1.3333333333333333,0.09999999999999999,0.5555555555555556,128.70000000000002,144.66666666666666,22.8,23.444444444444443,1.1,0.7777777777777779,2.7,1.5555555555555558,17.2,11.555555555555554,18.9,13.666666666666666,87.7,59.888888888888886
20141027DAL,2014-10-27 20:30:00,DAL,WAS,-3,15.100000000000001,19.6,14.700000000000001,16.200000000000003,0.8999999999999999,1.1,0.6,0.7000000000000001,203.00000000000003,169.7,25.600000000000005,21.400000000000002,0.8999999999999999,0.6,1.4000000000000006,1.2000000000000002,11.3,9.2,17.0,23.4,69.60000000000001,111.80000000000001
20141030CAR,2014-10-30 20:30:00,CAR,NOR,-18,19.9,15.181818181818182,19.0,15.454545454545453,0.7000000000000001,1.1818181818181817,0.6,0.5454545454545454,218.60000000000002,174.27272727272725,29.5,25.909090909090907,0.7,0.36363636363636365,0.8,1.6363636363636365,4.1000000000000005,13.636363636363635,18.099999999999998,19.0,93.10000000000001,67.63636363636364
20141102HOU,2014-11-02 13:03:00,HOU,PHI,-10,20.3,16.81818181818182,15.399999999999999,13.818181818181818,1.1,1.0,0.7999999999999999,0.5454545454545454,198.5,155.0,29.9,20.727272727272734,0.9000000000000001,0.6363636363636364,0.7,1.4545454545454546,5.4,5.636363636363637,19.0,23.000000000000004,80.60000000000001,101.36363636363637
20141102CIN,2014-11-02 13:02:00,CIN,JAX,10,10.727272727272727,16.099999999999998,13.0,13.500000000000002,0.7272727272727273,0.6,0.4545454545454545,0.4,152.27272727272728,169.00000000000003,25.999999999999996,22.6,1.1818181818181819,0.4,3.0,0.8,18.272727272727273,6.1,16.545454545454547,19.700000000000003,70.72727272727272,78.0
20141102SFO,2014-11-02 16:05:00,SFO,STL,-3,13.599999999999998,15.8,14.0,13.900000000000002,1.2000000000000002,0.4,0.5,0.2,163.9,162.60000000000002,24.400000000000002,23.200000000000003,0.6,0.5000000000000002,2.3,1.9000000000000001,14.0,13.100000000000001,17.4,21.0,71.6,87.60000000000001
20141102DAL,2014-11-02 13:04:00,DAL,ARI,-11,16.4,19.363636363636367,13.7,16.545454545454547,0.7999999999999999,1.3636363636363638,0.4,0.8181818181818181,168.2,174.63636363636363,25.099999999999998,22.545454545454547,0.09999999999999999,0.5454545454545454,1.1,1.5454545454545456,7.3999999999999995,13.272727272727273,18.3,23.545454545454543,62.2,117.18181818181819
20141102MIN,2014-11-02 13:03:00,MIN,WAS,3,15.545454545454547,12.636363636363637,15.09090909090909,13.363636363636363,0.8181818181818181,0.45454545454545453,0.5454545454545454,0.0909090909090909,210.54545454545456,138.36363636363637,26.000000000000004,24.545454545454547,0.9090909090909091,1.0,1.5454545454545459,2.5454545454545454,11.454545454545455,16.18181818181818,18.272727272727273,19.18181818181818,74.45454545454547,88.54545454545455
20141102CLE,2014-11-02 13:02:00,CLE,TAM,5,13.3,16.299999999999997,12.3,13.899999999999999,1.4,0.7,0.6,0.3,146.1,164.8,23.9,21.900000000000002,0.8000000000000002,0.19999999999999998,1.9000000000000004,1.0,11.599999999999998,6.6000000000000005,14.6,22.0,60.5,84.00000000000001
20141102NWE,2014-11-02 16:25:00,NWE,DEN,22,22.400000000000002,21.636363636363637,15.8,15.454545454545453,0.8,0.8181818181818181,0.09999999999999999,0.2727272727272727,207.9,187.2727272727273,25.3,26.454545454545453,0.3,0.1818181818181818,0.7999999999999999,1.3636363636363638,5.5,8.272727272727272,18.900000000000006,20.454545454545457,71.0,76.81818181818181
20141102PIT,2014-11-02 20:30:00,PIT,BAL,20,19.727272727272727,18.636363636363633,16.18181818181818,16.90909090909091,0.7272727272727273,0.9090909090909092,0.45454545454545453,0.6363636363636364,179.72727272727272,211.7272727272727,25.27272727272727,27.636363636363633,0.6363636363636364,0.27272727272727276,0.8181818181818182,1.8181818181818181,6.545454545454546,8.727272727272727,21.0,20.454545454545453,93.36363636363636,92.45454545454545
20141102KAN,2014-11-02 13:03:00,KAN,NYJ,14,13.09090909090909,17.6,13.90909090909091,15.1,1.6363636363636367,0.8,0.6363636363636364,0.3,130.45454545454544,141.3,26.272727272727273,21.5,1.0,0.4000000000000001,2.0,1.7999999999999998,12.272727272727273,8.0,21.454545454545453,21.900000000000002,101.81818181818181,98.2
20141102SEA,2014-11-02 16:26:00,SEA,OAK,6,10.5,17.2,11.300000000000002,13.8,1.1,1.0,0.5,0.30000000000000004,159.1,141.3,27.0,20.8,0.7999999999999999,0.3,0.9,1.5,5.5,9.399999999999999,13.2,19.6,49.2,103.9
20141102MIA,2014-11-02 13:02:00,MIA,SDG,37,18.636363636363637,17.4,15.09090909090909,15.0,0.7272727272727272,1.0000000000000002,0.0,0.6000000000000001,194.54545454545453,151.9,24.72727272727273,24.700000000000003,0.45454545454545453,0.6,1.1818181818181819,1.7000000000000002,6.636363636363636,10.0,20.09090909090909,19.4,62.36363636363636,96.6
20141103NYG,2014-11-03 20:31:00,NYG,IND,-16,22.727272727272727,15.399999999999999,19.363636363636363,15.1,1.0,1.1,0.5454545454545454,0.8,244.72727272727272,153.4,31.909090909090907,23.0,0.8181818181818183,0.5,1.1818181818181819,1.5,5.363636363636363,9.9,21.0,21.300000000000004,84.1818181818182,79.5
20141106CIN,2014-11-06 20:29:00,CIN,CLE,-21,16.818181818181813,17.636363636363633,14.363636363636362,14.363636363636363,0.6363636363636364,0.6363636363636364,0.2727272727272727,0.36363636363636365,174.72727272727272,174.72727272727275,23.0,23.363636363636367,0.36363636363636365,0.5454545454545454,1.2727272727272727,0.9090909090909092,8.363636363636363,5.636363636363636,22.454545454545453,21.0,81.45454545454547,88.27272727272727
20141109BAL,2014-11-09 13:03:00,BAL,TEN,14,12.454545454545453,20.0,12.545454545454545,16.666666666666664,0.8181818181818181,0.75,0.2727272727272727,0.49999999999999994,159.9090909090909,187.16666666666666,23.272727272727273,26.916666666666664,0.7272727272727273,0.6666666666666666,1.8181818181818181,1.0833333333333333,7.7272727272727275,8.833333333333332,16.72727272727273,20.75,73.54545454545452,90.83333333333333
20141109JAX,2014-11-09 13:06:00,JAX,DAL,-14,19.16666666666667,11.749999999999998,16.666666666666668,13.5,1.25,0.6666666666666666,0.7499999999999999,0.4166666666666666,174.58333333333331,159.0,23.416666666666668,26.58333333333333,0.6666666666666666,1.1666666666666665,1.5,2.9166666666666665,12.916666666666666,17.916666666666668,23.666666666666664,17.25,115.08333333333334,75.83333333333333
20141109TAM,2014-11-09 13:04:00,TAM,ATL,-10,17.454545454545453,13.636363636363637,15.09090909090909,13.0,0.9999999999999999,1.2727272727272727,0.45454545454545464,0.5454545454545454,203.63636363636365,155.72727272727272,28.09090909090909,24.727272727272727,0.8181818181818181,0.9090909090909092,1.5454545454545454,1.9090909090909094,11.818181818181818,11.27272727272727,16.181818181818183,15.636363636363635,69.54545454545455,65.27272727272728
20141109BUF,2014-11-09 13:02:00,BUF,KAN,-4,18.18181818181818,16.18181818181818,15.818181818181817,12.272727272727273,0.8181818181818182,1.1818181818181817,0.2727272727272727,0.45454545454545453,146.27272727272728,165.81818181818184,22.36363636363636,24.818181818181817,0.3636363636363637,0.5454545454545454,1.727272727272727,2.090909090909091,7.545454545454545,12.90909090909091,22.090909090909093,18.818181818181817,99.54545454545453,71.9090909090909
20141109ARI,2014-11-09 16:25:00,ARI,STL,17,13.545454545454543,17.454545454545453,13.909090909090908,14.454545454545453,1.090909090909091,0.8181818181818181,0.45454545454545453,0.36363636363636365,158.27272727272728,174.45454545454544,24.363636363636367,25.909090909090907,0.7272727272727273,0.18181818181818182,2.1818181818181817,1.1818181818181819,13.0,7.8181818181818175,18.27272727272727,19.272727272727273,73.36363636363635,65.81818181818181
20141109DET,2014-11-09 13:02:00,DET,MIA,4,19.18181818181818,14.727272727272728,16.181818181818183,13.909090909090908,1.0000000000000002,0.909090909090909,0.5454545454545455,0.3636363636363636,166.1818181818182,188.45454545454544,26.000000000000004,27.181818181818183,0.5454545454545454,0.6363636363636364,1.5454545454545456,2.181818181818181,9.09090909090909,13.000000000000002,20.818181818181817,18.909090909090907,99.81818181818181,57.90909090909091
20141109SEA,2014-11-09 16:26:00,SEA,NYG,21,16.18181818181818,18.363636363636363,15.727272727272727,14.454545454545453,1.2727272727272727,0.9090909090909091,0.8181818181818182,0.27272727272727276,171.1818181818182,144.54545454545456,25.636363636363637,22.090909090909093,0.45454545454545453,0.2727272727272727,1.6363636363636362,1.4545454545454544,9.90909090909091,8.727272727272725,21.181818181818187,21.272727272727273,80.36363636363636,108.0
20141109NYJ,2014-11-09 13:02:00,NYJ,PIT,7,20.66666666666666,12.833333333333332,17.333333333333332,14.583333333333334,0.9166666666666667,1.5833333333333335,0.6666666666666666,0.5833333333333333,220.8333333333333,138.33333333333331,28.41666666666666,27.083333333333332,0.25,0.9166666666666666,1.9166666666666665,2.083333333333333,9.583333333333332,12.083333333333334,20.83333333333333,22.166666666666664,89.33333333333333,104.91666666666666
20141109GNB,2014-11-09 20:30:00,GNB,CHI,41,16.363636363636367,20.18181818181818,16.272727272727273,15.09090909090909,1.2727272727272727,0.7272727272727273,0.6363636363636364,0.27272727272727276,182.63636363636363,180.8181818181818,27.181818181818187,23.454545454545457,0.7272727272727273,0.36363636363636365,1.8181818181818186,1.9090909090909092,10.454545454545453,12.09090909090909,17.09090909090909,17.636363636363637,74.54545454545455,70.9090909090909
20141109OAK,2014-11-09 16:05:00,OAK,DEN,-24,22.272727272727273,11.727272727272727,16.727272727272727,11.81818181818182,0.8181818181818182,1.3636363636363638,0.0909090909090909,0.5454545454545454,228.0,161.8181818181818,28.18181818181818,28.27272727272727,0.45454545454545453,0.909090909090909,0.8181818181818181,0.9090909090909091,5.818181818181818,5.454545454545455,18.727272727272734,13.636363636363635,68.45454545454545,48.09090909090909
20141109NOR,2014-11-09 13:03:00,NOR,SFO,-3,15.272727272727273,20.636363636363637,14.454545454545457,19.727272727272727,0.6363636363636364,0.9090909090909091,0.36363636363636365,0.6363636363636364,164.45454545454547,223.2727272727273,24.090909090909093,29.909090909090907,0.45454545454545475,0.7272727272727273,2.4545454545454546,1.0909090909090908,16.81818181818182,6.181818181818182,21.0,19.818181818181817,86.9090909090909,94.18181818181819
20141110PHI,2014-11-10 20:32:00,PHI,CAR,24,14.75,21.272727272727273,15.416666666666664,16.727272727272727,1.1666666666666663,1.0909090909090908,0.5833333333333333,0.8181818181818181,169.91666666666663,207.09090909090907,26.08333333333333,30.27272727272727,0.41666666666666663,1.0909090909090908,1.8333333333333333,1.0,14.916666666666664,7.909090909090909,19.249999999999996,21.0,71.08333333333333,90.54545454545456
20141113MIA,2014-11-13 20:26:00,MIA,BUF,13,15.916666666666664,18.916666666666664,13.0,16.5,1.333333333333333,1.166666666666667,0.6666666666666666,0.5833333333333334,173.08333333333337,167.16666666666669,26.749999999999996,27.000000000000004,0.49999999999999994,0.5833333333333333,1.9999999999999998,1.6666666666666667,12.333333333333334,10.749999999999998,19.08333333333333,20.666666666666664,75.16666666666666,95.66666666666666
20141116IND,2014-11-16 20:31:00,IND,NWE,-22,23.416666666666664,24.166666666666664,16.583333333333332,19.583333333333332,0.8333333333333333,1.1666666666666665,0.24999999999999997,0.49999999999999994,199.33333333333334,253.08333333333331,28.666666666666664,33.08333333333333,0.24999999999999994,0.7500000000000001,1.3333333333333333,1.1666666666666665,7.666666666666665,5.666666666666666,20.833333333333332,21.25,75.91666666666666,85.33333333333336
20141116SDG,2014-11-16 16:05:00,SDG,OAK,7,12.166666666666664,17.083333333333332,11.666666666666668,14.666666666666666,1.4166666666666667,0.7499999999999999,0.5833333333333333,0.08333333333333333,164.33333333333331,188.99999999999997,29.833333333333332,24.833333333333336,0.9999999999999998,0.6666666666666666,0.8333333333333333,1.4166666666666665,5.0,7.749999999999998,13.749999999999998,19.999999999999996,46.583333333333336,61.33333333333333
20141116KAN,2014-11-16 13:04:00,KAN,SEA,4,20.0,18.083333333333332,15.499999999999998,15.833333333333332,1.0833333333333333,0.9166666666666666,0.3333333333333333,0.3333333333333333,145.83333333333334,146.66666666666669,21.666666666666668,22.916666666666664,0.41666666666666663,0.33333333333333337,1.4999999999999998,2.083333333333333,8.999999999999996,9.083333333333332,23.25,22.25,128.16666666666666,101.83333333333331
20141116CLE,2014-11-16 13:03:00,CLE,HOU,-16,17.166666666666668,17.41666666666666,13.916666666666666,14.916666666666664,1.0,0.6666666666666666,0.49999999999999994,0.3333333333333333,157.24999999999997,176.66666666666666,21.250000000000004,23.0,0.6666666666666666,0.3333333333333333,1.6666666666666665,1.1666666666666665,6.916666666666667,7.666666666666666,23.416666666666668,24.916666666666664,102.75,88.83333333333334
20141116STL,2014-11-16 13:00:00,STL,DEN,15,23.833333333333336,13.58333333333333,17.416666666666664,14.083333333333332,0.8333333333333334,1.0833333333333333,0.08333333333333331,0.49999999999999994,238.41666666666666,159.58333333333334,29.916666666666664,24.833333333333336,0.5833333333333333,0.8333333333333333,0.7499999999999999,2.5,5.333333333333333,15.416666666666666,19.41666666666667,18.58333333333333,72.58333333333333,73.08333333333331
20141116NOR,2014-11-16 13:02:00,NOR,CIN,-17,16.416666666666664,20.916666666666668,14.083333333333332,20.0,0.6666666666666666,0.9999999999999999,0.41666666666666663,0.6666666666666666,166.75000000000003,228.58333333333334,24.666666666666668,31.333333333333332,0.75,0.8333333333333333,1.0,1.1666666666666665,6.333333333333332,6.083333333333333,21.083333333333332,20.749999999999996,88.08333333333333,97.66666666666666
20141116CHI,2014-11-16 13:02:00,CHI,MIN,8,14.0,16.166666666666668,14.25,16.666666666666664,0.41666666666666663,1.3333333333333333,0.08333333333333331,0.6666666666666666,147.83333333333334,188.75,26.0,28.250000000000004,0.9166666666666666,0.8333333333333333,2.4999999999999996,2.0000000000000004,16.166666666666664,11.833333333333332,19.833333333333332,17.666666666666664,89.5,72.91666666666666
20141116NYG,2014-11-16 13:03:00,NYG,SFO,-6,16.25,16.249999999999996,15.000000000000002,16.083333333333332,0.6666666666666666,1.2499999999999998,0.41666666666666663,0.8333333333333334,166.25,179.41666666666666,24.750000000000004,27.166666666666668,0.41666666666666685,0.49999999999999994,2.5833333333333335,1.6666666666666665,17.416666666666668,10.166666666666668,21.916666666666668,20.83333333333334,91.66666666666666,78.16666666666666
20141116GNB,2014-11-16 16:25:00,GNB,PHI,33,23.25,23.08333333333333,16.75,15.583333333333332,1.1666666666666665,0.75,0.7499999999999999,0.3333333333333333,217.16666666666666,192.33333333333334,30.916666666666664,24.166666666666668,0.9999999999999999,0.3333333333333333,1.0,1.75,7.583333333333333,11.083333333333332,21.166666666666668,18.833333333333336,86.08333333333334,76.0
20141116ARI,2014-11-16 16:25:00,ARI,DET,8,15.166666666666666,18.583333333333332,14.333333333333332,14.999999999999998,0.8333333333333331,0.8333333333333333,0.33333333333333326,0.3333333333333333,196.74999999999997,185.5,28.416666666666668,27.166666666666664,0.6666666666666666,0.25,2.249999999999999,1.3333333333333333,13.500000000000002,8.75,18.91666666666666,19.5,58.33333333333333,62.666666666666664
20141116CAR,2014-11-16 13:03:00,CAR,ATL,-2,18.25,15.230769230769232,15.416666666666666,15.846153846153845,0.9166666666666665,1.3076923076923075,0.41666666666666674,0.6923076923076923,204.33333333333334,173.38461538461536,28.33333333333333,27.15384615384615,0.7499999999999999,0.6153846153846154,1.4999999999999998,2.3846153846153846,11.416666666666668,20.769230769230766,17.166666666666668,20.230769230769226,72.91666666666667,73.46153846153845
20141116WAS,2014-11-16 13:03:00,WAS,TAM,-20,13.916666666666666,16.416666666666668,13.833333333333332,15.583333333333332,1.2499999999999998,0.8333333333333333,0.5833333333333333,0.49999999999999994,166.16666666666666,211.75,26.249999999999996,26.166666666666668,1.0,0.9166666666666666,2.0833333333333335,1.8333333333333335,11.999999999999996,12.666666666666666,16.25,19.166666666666668,67.5,78.41666666666669
20141117TEN,2014-11-17 20:30:00,TEN,PIT,-3,20.076923076923073,11.999999999999998,17.692307692307693,12.666666666666664,1.076923076923077,0.9166666666666665,0.7692307692307693,0.3333333333333333,228.92307692307688,158.49999999999997,29.538461538461533,23.583333333333332,0.38461538461538464,0.75,1.923076923076923,2.083333333333333,10.153846153846153,10.083333333333332,20.538461538461533,17.166666666666668,85.23076923076924,72.99999999999997
20141120OAK,2014-11-20 20:26:00,OAK,KAN,4,18.53846153846154,11.692307692307692,16.153846153846153,11.461538461538462,1.0769230769230769,1.4615384615384617,0.46153846153846156,0.6153846153846154,143.69230769230774,164.15384615384613,22.384615384615383,30.153846153846157,0.30769230769230776,0.9230769230769229,1.923076923076923,0.923076923076923,8.384615384615383,5.384615384615385,22.846153846153847,14.153846153846153,108.6153846153846,48.46153846153847
20141123NWE,2014-11-23 13:02:00,NWE,DET,25,14.461538461538462,24.846153846153843,14.076923076923077,17.846153846153847,0.9230769230769229,0.7692307692307692,0.30769230769230765,0.23076923076923075,194.23076923076923,203.7692307692308,28.53846153846154,28.769230769230766,0.6923076923076923,0.3846153846153846,2.384615384615384,1.2307692307692308,13.923076923076925,7.076923076923076,18.92307692307692,22.615384615384613,61.38461538461539,88.99999999999999
20141123SDG,2014-11-23 16:05:00,SDG,STL,3,14.23076923076923,16.769230769230766,14.23076923076923,14.923076923076923,1.0769230769230769,0.6923076923076923,0.4615384615384615,0.07692307692307693,163.15384615384616,188.3076923076923,25.153846153846157,25.538461538461544,0.7692307692307692,0.6153846153846154,2.5384615384615388,1.4615384615384617,15.307692307692308,8.153846153846153,19.69230769230769,20.92307692307692,77.53846153846153,65.84615384615384
20141123DEN,2014-11-23 16:25:00,DEN,MIA,3,19.153846153846153,22.538461538461544,17.076923076923077,17.692307692307693,1.2307692307692313,0.7692307692307693,0.6923076923076924,0.07692307692307691,170.0769230769231,248.46153846153848,27.538461538461544,31.769230769230766,0.5384615384615384,0.6923076923076923,1.9230769230769231,0.8461538461538461,12.615384615384613,6.461538461538462,20.923076923076923,18.692307692307697,97.92307692307692,69.15384615384616
20141123CHI,2014-11-23 13:02:00,CHI,TAM,8,14.923076923076923,16.53846153846154,13.692307692307692,17.23076923076923,1.3076923076923075,1.2307692307692308,0.6153846153846154,0.6153846153846154,175.0,199.6153846153846,26.0,29.384615384615387,0.9230769230769231,0.923076923076923,2.076923076923077,1.8461538461538467,11.615384615384613,10.923076923076923,16.615384615384617,18.69230769230769,66.0,77.92307692307692
20141123ATL,2014-11-23 13:02:00,ATL,CLE,-2,16.615384615384613,18.307692307692307,15.615384615384615,15.923076923076923,0.8461538461538463,0.9230769230769229,0.38461538461538464,0.4615384615384616,186.9230769230769,208.61538461538464,25.07692307692308,29.615384615384613,0.38461538461538464,0.6923076923076923,1.3076923076923077,1.5384615384615383,8.615384615384615,11.153846153846155,24.76923076923077,17.923076923076927,87.00000000000001,73.92307692307693
20141123PHI,2014-11-23 13:02:00,PHI,TEN,19,12.923076923076923,23.000000000000004,12.769230769230768,17.153846153846153,0.846153846153846,1.3846153846153846,0.3076923076923077,0.8461538461538461,166.53846153846152,225.07692307692307,23.615384615384617,31.92307692307692,0.7692307692307692,1.0769230769230769,1.923076923076923,1.153846153846154,9.307692307692307,9.0,17.000000000000004,21.923076923076923,71.15384615384613,87.84615384615387
20141123IND,2014-11-23 13:02:00,IND,JAX,20,12.153846153846153,23.846153846153847,14.0,19.384615384615383,0.8461538461538463,1.1538461538461537,0.5384615384615383,0.4615384615384615,166.92307692307693,256.9230769230769,27.384615384615383,33.53846153846153,1.1538461538461537,0.7692307692307694,3.0,1.1538461538461537,18.692307692307693,5.230769230769231,17.76923076923077,20.846153846153847,75.46153846153847,80.23076923076927
20141123SEA,2014-11-23 16:06:00,SEA,ARI,16,18.23076923076923,20.000000000000004,15.23076923076923,16.23076923076923,0.7692307692307692,1.0769230769230769,0.3076923076923077,0.3076923076923077,194.76923076923077,147.53846153846158,27.53846153846154,22.461538461538467,0.38461538461538464,0.3846153846153846,1.2307692307692308,1.5384615384615383,8.076923076923077,9.076923076923075,20.0,24.30769230769231,61.38461538461539,134.0
20141123MIN,2014-11-23 13:03:00,MIN,GNB,-3,25.38461538461538,13.923076923076923,16.307692307692307,13.923076923076925,0.8461538461538461,0.3846153846153846,0.3076923076923077,0.07692307692307691,205.61538461538464,147.7692307692308,25.230769230769234,26.153846153846153,0.3076923076923077,0.9230769230769231,1.6923076923076923,2.4615384615384612,10.384615384615383,15.769230769230768,19.30769230769231,19.538461538461537,78.61538461538463,90.0
20141123NYG,2014-11-23 20:30:00,NYG,DAL,-3,20.07692307692308,15.769230769230768,16.615384615384617,16.153846153846153,1.2307692307692308,1.2307692307692306,0.7692307692307692,0.7692307692307693,180.2307692307692,186.0,23.76923076923077,28.53846153846154,0.6153846153846154,0.8461538461538461,1.4615384615384615,1.692307692307692,12.384615384615385,10.53846153846154,24.153846153846153,20.846153846153854,117.84615384615385,77.15384615384615
20141123HOU,2014-11-23 13:02:00,HOU,CIN,-9,17.23076923076923,17.615384615384617,14.692307692307693,15.076923076923077,0.7692307692307693,1.0,0.3846153846153846,0.4615384615384615,170.7692307692308,161.38461538461536,24.461538461538463,21.923076923076927,0.6923076923076923,0.6923076923076923,1.0,1.5384615384615383,5.9230769230769225,6.384615384615385,22.23076923076923,25.76923076923077,95.61538461538461,111.23076923076924
20141123SFO,2014-11-23 16:25:00,SFO,WAS,4,15.692307692307693,16.23076923076923,15.923076923076923,15.384615384615387,1.0769230769230769,0.8461538461538463,0.5384615384615384,0.4615384615384615,208.30769230769232,167.6923076923077,26.61538461538462,25.153846153846157,1.0,0.3846153846153848,2.153846153846154,2.461538461538462,14.769230769230768,16.692307692307697,20.076923076923077,23.07692307692308,84.30769230769232,96.0
20141124NOR,2014-11-24 20:30:00,NOR,BAL,-7,20.07692307692308,20.07692307692308,16.769230769230766,20.30769230769231,0.7692307692307692,1.0769230769230769,0.4615384615384615,0.6923076923076923,185.15384615384616,230.61538461538464,26.923076923076923,32.07692307692308,0.6153846153846154,0.7692307692307692,1.0769230769230769,1.0769230769230769,8.769230769230768,5.615384615384616,21.76923076923077,21.153846153846153,95.46153846153845,95.92307692307692
20141124BUF,2014-11-24 19:05:00,BUF,NYJ,35,13.384615384615383,15.384615384615383,14.615384615384617,13.0,1.4615384615384617,1.2307692307692306,0.5384615384615384,0.6153846153846154,137.3076923076923,173.84615384615387,26.384615384615383,27.69230769230769,0.8461538461538461,0.4615384615384615,2.230769230769231,2.0,11.692307692307693,12.153846153846155,23.23076923076923,19.076923076923073,108.38461538461537,73.53846153846155
20141127DET,2014-11-27 12:39:00,DET,CHI,17,16.85714285714286,14.071428571428571,16.857142857142858,14.571428571428571,1.2142857142857144,0.857142857142857,0.6428571428571429,0.2857142857142857,193.35714285714286,197.78571428571428,29.214285714285715,29.78571428571429,0.8571428571428571,0.7142857142857143,1.928571428571429,2.3571428571428568,11.42857142857143,14.35714285714286,19.21428571428571,19.357142857142854,78.92857142857143,63.50000000000001
20141127SFO,2014-11-27 20:31:00,SFO,SEA,-16,19.928571428571434,16.285714285714285,16.214285714285715,15.42857142857143,1.0,1.0,0.28571428571428575,0.5714285714285714,149.0714285714286,173.28571428571428,22.428571428571434,25.42857142857143,0.35714285714285715,0.4285714285714287,1.9285714285714286,2.4285714285714293,11.428571428571427,16.21428571428572,24.642857142857146,23.5,133.28571428571428,93.85714285714285
20141127DAL,2014-11-27 16:36:00,DAL,PHI,-23,24.42857142857143,20.85714285714286,17.785714285714285,16.714285714285715,1.2857142857142858,1.2142857142857144,0.7857142857142857,0.7857142857142857,230.28571428571428,186.35714285714283,32.714285714285715,23.92857142857143,1.1428571428571428,0.5714285714285715,1.2142857142857144,1.5,9.0,12.142857142857142,23.071428571428573,24.214285714285715,93.2857142857143,117.92857142857144
20141130ATL,2014-11-30 16:05:00,ATL,ARI,11,17.142857142857142,18.714285714285715,15.0,16.285714285714285,0.8571428571428572,0.9285714285714284,0.28571428571428575,0.5000000000000001,190.85714285714286,211.71428571428575,27.42857142857143,30.57142857142857,0.4285714285714286,0.7142857142857143,1.3571428571428572,1.6428571428571428,8.142857142857142,11.85714285714286,20.0,18.28571428571429,61.57142857142858,73.14285714285715
20141130JAX,2014-11-30 13:03:00,JAX,NYG,1,16.642857142857142,11.5,16.928571428571427,13.785714285714286,1.1428571428571428,0.9285714285714286,0.7142857142857143,0.5714285714285713,196.14285714285714,163.14285714285717,29.35714285714286,27.357142857142854,0.8571428571428571,1.1428571428571428,1.714285714285714,3.071428571428571,10.500000000000002,19.642857142857142,21.64285714285715,18.142857142857142,78.0,75.78571428571429
20141130TAM,2014-11-30 13:02:00,TAM,CIN,-1,17.571428571428573,14.785714285714286,15.357142857142858,13.928571428571427,0.7857142857142857,1.5,0.35714285714285715,0.7142857142857144,175.21428571428575,184.0,25.214285714285715,27.57142857142857,0.7142857142857143,1.0,0.9285714285714286,2.285714285714286,5.5,13.642857142857142,23.714285714285715,17.000000000000004,98.71428571428572,66.0
20141130IND,2014-11-30 13:02:00,IND,WAS,22,15.500000000000002,23.785714285714285,15.642857142857144,19.714285714285715,1.0714285714285714,1.5,0.5714285714285714,0.6428571428571428,198.92857142857144,253.85714285714283,26.142857142857146,33.42857142857142,0.9285714285714286,0.7142857142857144,2.3571428571428577,1.4285714285714284,15.785714285714285,7.642857142857143,20.57142857142857,21.857142857142858,88.00000000000001,87.00000000000004
20141130MIN,2014-11-30 13:02:00,MIN,CAR,18,15.357142857142858,14.428571428571429,16.285714285714285,14.35714285714286,1.2142857142857142,0.35714285714285715,0.6428571428571429,0.07142857142857142,181.35714285714283,151.21428571428575,27.857142857142854,26.928571428571427,0.7142857142857144,0.9285714285714286,2.357142857142857,2.4285714285714284,19.785714285714285,15.642857142857142,20.571428571428566,19.928571428571427,75.78571428571428,91.57142857142857
20141130BAL,2014-11-30 13:02:00,BAL,SDG,-1,17.499999999999996,21.071428571428573,15.214285714285715,17.21428571428571,0.8571428571428572,0.7857142857142857,0.2142857142857143,0.5,195.0,188.64285714285717,26.21428571428572,26.714285714285715,0.6428571428571429,0.5714285714285715,1.5714285714285714,1.0714285714285714,8.214285714285714,8.785714285714285,21.0,22.5,70.28571428571428,104.0
20141130GNB,2014-11-30 16:25:00,GNB,NWE,5,25.499999999999996,25.285714285714285,18.642857142857146,16.857142857142858,0.7857142857142857,0.8571428571428571,0.21428571428571427,0.28571428571428575,214.14285714285717,205.71428571428575,30.499999999999996,25.5,0.4285714285714286,0.28571428571428575,1.142857142857143,1.6428571428571428,6.57142857142857,9.785714285714285,22.428571428571427,20.214285714285715,89.07142857142857,84.07142857142858
20141130STL,2014-11-30 13:00:00,STL,OAK,52,12.571428571428571,14.928571428571427,11.92857142857143,14.357142857142856,1.5,1.1428571428571428,0.6428571428571429,0.5,164.7142857142857,166.5,30.500000000000004,25.92857142857143,0.857142857142857,0.8571428571428572,0.9285714285714285,2.4285714285714293,5.142857142857144,14.714285714285715,15.285714285714285,20.0,57.78571428571429,79.64285714285714
20141130KAN,2014-11-30 20:32:00,KAN,DEN,-13,23.71428571428572,18.642857142857142,18.5,16.142857142857142,0.7857142857142857,1.1428571428571428,0.14285714285714285,0.4285714285714286,248.50000000000003,148.92857142857147,32.0,23.357142857142854,0.6428571428571429,0.2857142857142858,0.8571428571428571,1.9285714285714284,6.571428571428571,8.999999999999998,19.85714285714286,22.92857142857143,78.57142857142858,107.71428571428571
20141130BUF,2014-11-30 13:02:00,BUF,CLE,16,17.285714285714285,17.0,16.57142857142857,13.571428571428571,0.9285714285714286,1.1428571428571428,0.35714285714285715,0.5714285714285715,195.92857142857142,177.14285714285717,26.214285714285715,27.999999999999996,0.5714285714285714,0.42857142857142855,1.2857142857142858,1.9285714285714286,8.642857142857142,12.0,25.07142857142857,19.785714285714285,92.35714285714288,76.57142857142858
20141130PIT,2014-11-30 13:02:00,PIT,NOR,-3,20.571428571428573,20.571428571428566,20.71428571428572,18.5,1.0714285714285714,1.0000000000000002,0.6428571428571429,0.7142857142857143,242.64285714285717,225.4285714285714,33.0,29.714285714285708,0.7857142857142857,0.4285714285714286,1.2857142857142856,2.142857142857143,6.714285714285715,11.357142857142858,21.142857142857142,21.64285714285714,98.07142857142857,93.85714285714286
20141130HOU,2014-11-30 13:02:00,HOU,TEN,24,13.714285714285714,17.285714285714285,12.999999999999998,15.285714285714285,0.9999999999999999,0.9285714285714286,0.4285714285714286,0.42857142857142855,176.0,162.99999999999997,24.714285714285715,23.571428571428577,0.7857142857142857,0.7142857142857143,2.142857142857143,1.5,11.928571428571427,6.285714285714286,17.142857142857146,25.28571428571429,69.78571428571426,107.85714285714286
20141201NYJ,2014-12-01 20:30:00,NYJ,MIA,-3,20.357142857142854,12.64285714285714,17.642857142857142,14.35714285714286,1.3571428571428577,1.3571428571428572,0.642857142857143,0.5,173.35714285714286,136.5,28.142857142857146,26.714285714285715,0.5714285714285714,0.8571428571428571,1.8571428571428572,2.5714285714285716,12.571428571428571,13.642857142857142,20.92857142857143,22.92857142857143,97.85714285714286,107.21428571428571
20141204CHI,2014-12-04 20:26:00,CHI,DAL,-13,20.13333333333334,16.86666666666667,16.666666666666668,16.933333333333334,1.2000000000000002,1.1333333333333335,0.7999999999999999,0.6000000000000001,185.5333333333333,197.53333333333333,24.26666666666667,30.46666666666667,0.6666666666666667,0.9333333333333332,1.6666666666666665,2.0000000000000004,13.0,12.266666666666667,24.26666666666667,18.466666666666665,116.26666666666668,74.53333333333333
20141207DEN,2014-12-07 16:05:00,DEN,BUF,7,17.6,24.06666666666667,13.666666666666666,18.666666666666664,1.1333333333333333,0.7999999999999999,0.5333333333333334,0.2,177.40000000000003,243.53333333333336,28.199999999999996,32.13333333333333,0.5333333333333333,0.6000000000000001,1.8666666666666667,0.8666666666666666,11.799999999999999,6.466666666666666,20.466666666666665,21.53333333333334,78.53333333333335,87.60000000000001
20141207SDG,2014-12-07 20:30:00,SDG,NWE,-9,25.199999999999996,18.599999999999994,18.733333333333334,16.266666666666666,0.7333333333333333,0.8666666666666667,0.19999999999999998,0.26666666666666666,215.60000000000002,207.06666666666666,30.799999999999997,27.466666666666672,0.4,0.6666666666666667,1.1333333333333335,1.5999999999999999,6.733333333333332,8.133333333333333,22.133333333333333,20.8,88.73333333333332,69.86666666666666
20141207PHI,2014-12-07 16:25:00,PHI,SEA,-10,19.86666666666667,25.0,16.200000000000003,18.333333333333332,1.1333333333333333,1.3333333333333335,0.2666666666666667,0.7999999999999999,153.9333333333334,228.8,22.400000000000002,32.46666666666667,0.33333333333333337,1.0666666666666667,2.066666666666667,1.2000000000000002,11.6,9.0,25.26666666666667,24.533333333333335,134.86666666666665,104.13333333333335
20141207ARI,2014-12-07 16:05:00,ARI,KAN,3,18.466666666666665,17.2,15.799999999999999,15.2,1.2,0.8666666666666667,0.5333333333333333,0.33333333333333337,146.3333333333334,197.73333333333332,23.33333333333333,28.200000000000003,0.3333333333333334,0.5333333333333333,2.1999999999999997,1.2666666666666668,11.266666666666666,7.6,22.400000000000002,19.400000000000002,103.26666666666667,59.80000000000001
20141207MIA,2014-12-07 13:02:00,MIA,BAL,-15,21.866666666666667,20.066666666666663,17.666666666666664,17.53333333333333,0.7999999999999999,1.266666666666667,0.4666666666666667,0.6000000000000002,191.0666666666667,176.26666666666668,27.0,28.6,0.5333333333333334,0.6,1.0,1.8666666666666667,8.2,12.933333333333332,23.133333333333333,20.733333333333334,105.39999999999999,96.26666666666668
20141207MIN,2014-12-07 13:02:00,MIN,NYJ,6,12.666666666666666,15.533333333333333,14.600000000000001,14.200000000000003,1.3333333333333335,0.5333333333333334,0.4666666666666667,0.06666666666666667,130.66666666666669,149.00000000000006,25.8,26.53333333333333,0.8666666666666666,0.8666666666666667,2.5333333333333337,2.466666666666667,13.799999999999999,15.933333333333334,24.666666666666668,20.2,118.53333333333333,91.6
20141207WAS,2014-12-07 13:03:00,WAS,STL,-24,17.4,16.26666666666667,14.533333333333331,16.200000000000003,1.2,1.3333333333333333,0.4666666666666667,0.6,167.13333333333333,208.40000000000003,25.666666666666668,27.533333333333335,0.8,0.8666666666666667,2.3333333333333344,2.6000000000000005,14.200000000000001,18.133333333333333,20.400000000000002,20.599999999999998,85.8,87.73333333333335
20141207TEN,2014-12-07 13:03:00,TEN,NYG,-29,17.133333333333333,14.2,17.266666666666666,13.399999999999999,1.2666666666666666,0.9999999999999999,0.8666666666666667,0.4666666666666667,197.26666666666665,180.0666666666667,29.66666666666667,25.133333333333333,0.7999999999999999,0.9333333333333333,1.8666666666666663,2.2,12.06666666666667,13.666666666666666,22.53333333333334,17.46666666666667,80.53333333333333,70.66666666666664
20141207CIN,2014-12-07 13:02:00,CIN,PIT,-21,21.33333333333333,17.333333333333336,19.666666666666664,15.600000000000001,0.9333333333333336,0.7333333333333333,0.6666666666666667,0.33333333333333337,239.39999999999998,175.26666666666668,31.599999999999994,25.400000000000002,0.5333333333333333,0.8666666666666667,2.066666666666667,1.0,10.600000000000001,5.866666666666667,21.733333333333327,24.0,94.46666666666667,99.60000000000001
20141207CLE,2014-12-07 13:03:00,CLE,IND,-1,25.466666666666665,16.8,19.666666666666668,16.73333333333333,1.5999999999999999,1.0,0.7333333333333333,0.4,261.0,198.9333333333333,32.99999999999999,27.0,0.7333333333333334,0.6666666666666666,1.4,1.3333333333333335,7.733333333333333,9.0,21.8,25.133333333333333,89.60000000000005,91.13333333333335
20141207NOR,2014-12-07 13:03:00,NOR,CAR,-31,15.200000000000001,21.533333333333335,16.733333333333334,20.66666666666667,1.1333333333333333,1.0,0.6000000000000001,0.6000000000000001,180.6,243.13333333333335,28.33333333333333,32.6,0.7333333333333334,0.7333333333333333,2.466666666666667,1.2666666666666666,20.066666666666666,6.733333333333334,21.399999999999995,21.46666666666667,82.6,101.06666666666666
20141207DET,2014-12-07 13:02:00,DET,TAM,17,14.666666666666668,15.399999999999999,13.933333333333332,15.466666666666667,1.5333333333333332,0.9333333333333331,0.6666666666666667,0.3333333333333333,184.26666666666668,210.13333333333333,27.666666666666664,30.800000000000004,1.0,0.6666666666666667,2.2000000000000006,2.333333333333333,12.866666666666665,13.866666666666669,17.53333333333334,19.599999999999994,66.6,65.33333333333334
20141207JAX,2014-12-07 13:03:00,JAX,HOU,-14,19.133333333333333,12.4,15.866666666666665,14.066666666666666,0.9333333333333333,0.8666666666666667,0.4666666666666666,0.5333333333333332,175.99999999999997,161.60000000000002,24.200000000000003,27.866666666666664,0.6666666666666667,1.0666666666666667,1.4,3.3333333333333335,5.866666666666666,21.933333333333334,26.0,18.4,107.26666666666667,78.6
20141207OAK,2014-12-07 16:25:00,OAK,SFO,11,15.399999999999999,11.733333333333333,15.466666666666669,12.266666666666667,1.0,1.5999999999999999,0.6,0.7333333333333334,168.39999999999998,165.9333333333333,25.666666666666668,31.66666666666667,0.5333333333333334,0.9999999999999998,2.533333333333334,1.2666666666666666,16.53333333333334,7.933333333333335,23.133333333333333,15.666666666666666,91.86666666666666,58.0
20141208GNB,2014-12-08 20:30:00,GNB,ATL,6,19.400000000000002,25.333333333333332,16.666666666666664,17.333333333333336,0.8666666666666665,0.8666666666666666,0.4666666666666668,0.2666666666666667,221.46666666666673,215.20000000000002,31.266666666666666,26.333333333333336,0.7333333333333334,0.2666666666666667,1.5999999999999999,1.7333333333333332,11.266666666666667,10.466666666666667,19.333333333333336,20.8,77.73333333333335,87.13333333333335
20141211STL,2014-12-11 20:25:00,STL,ARI,-6,17.1875,17.8125,15.375,14.812499999999998,0.875,1.25,0.31250000000000006,0.4375,199.4375,169.0625,28.312500000000004,25.4375,0.5,0.75,1.3125000000000002,2.437500000000001,8.0,14.250000000000002,20.250000000000004,21.000000000000004,64.87500000000001,88.625
20141214BAL,2014-12-14 13:02:00,BAL,JAX,8,12.4375,22.25,14.25,18.187499999999996,0.8125,0.7499999999999999,0.4999999999999999,0.4375,163.25000000000003,195.62500000000003,28.624999999999996,27.375,1.0625,0.5625000000000001,3.375,1.0,21.625,7.999999999999999,18.625,23.625,78.3125,110.24999999999999
20141214KAN,2014-12-14 13:03:00,KAN,OAK,18,12.5,18.1875,12.6875,15.999999999999998,1.4999999999999998,1.1875,0.6875,0.5625,170.87499999999997,153.68750000000006,31.437500000000004,24.312499999999996,0.9374999999999998,0.3750000000000001,1.25,2.3749999999999996,8.000000000000002,12.375,16.625,22.062500000000004,59.6875,104.6875
20141214BUF,2014-12-14 13:02:00,BUF,GNB,8,26.4375,17.5625,18.000000000000004,14.3125,0.8749999999999999,1.1875,0.25000000000000006,0.5625000000000001,221.93750000000003,187.62500000000003,26.937500000000004,29.999999999999996,0.25000000000000006,0.625,1.6874999999999998,2.0,10.0625,11.937499999999998,21.375,20.1875,92.87500000000001,78.25000000000001
20141214CAR,2014-12-14 13:03:00,CAR,TAM,2,14.812500000000002,16.8125,13.999999999999998,17.1875,1.5,1.1875,0.6875000000000001,0.5625000000000001,185.6875,183.4375,28.374999999999996,28.624999999999996,1.0625,0.6875,2.4375000000000004,2.3125,14.749999999999998,18.8125,17.312500000000004,22.562499999999996,64.0625,94.375
20141214IND,2014-12-14 13:02:00,IND,HOU,7,19.625,25.4375,16.0625,19.875,0.9375,1.7499999999999998,0.43749999999999994,0.8125,173.43749999999997,261.5,23.875000000000004,34.24999999999999,0.6250000000000001,0.8125,1.375,1.5,5.5,8.8125,27.0625,21.6875,111.125,89.81250000000004
20141214SDG,2014-12-14 16:05:00,SDG,DEN,-12,24.062500000000004,18.312499999999993,18.437499999999996,16.0625,0.8124999999999999,0.875,0.25,0.25,239.12500000000003,204.3125,31.375,27.812500000000004,0.6875000000000001,0.6875000000000001,0.8124999999999999,1.7499999999999998,6.062499999999999,9.25,22.000000000000004,20.5625,90.43750000000001,68.8125
20141214SEA,2014-12-14 16:26:00,SEA,SFO,10,15.249999999999998,20.125000000000004,15.625000000000002,16.937500000000004,0.9375,1.1875,0.5625,0.37500000000000006,167.31249999999997,160.06250000000006,26.125,23.312500000000004,0.6250000000000001,0.31250000000000006,2.687500000000001,2.0625,16.937500000000007,11.5625,22.8125,26.562500000000004,92.1875,138.1875
20141214PHI,2014-12-14 20:35:00,PHI,DAL,-11,21.437500000000007,24.3125,16.9375,17.75,1.1250000000000002,1.3750000000000002,0.7499999999999999,0.8124999999999999,186.62499999999997,219.625,24.375000000000004,31.6875,0.6250000000000001,1.0625,1.6249999999999998,1.3125000000000002,12.3125,9.3125,24.937500000000004,24.375,121.12500000000001,101.18750000000001
20141214CLE,2014-12-14 13:02:00,CLE,CIN,-30,17.562500000000004,17.25,15.625000000000002,16.5625,0.875,0.9375,0.43750000000000006,0.375,184.4375,194.81249999999997,26.000000000000004,27.1875,0.8125,0.75,1.125,1.3125000000000002,5.8125,8.625,23.8125,25.5625,98.75000000000001,92.62500000000001
20141214NYG,2014-12-14 13:02:00,NYG,WAS,11,15.250000000000002,18.3125,16.000000000000004,17.375,1.375,1.1875,0.5625,0.8125,206.56250000000003,201.1875,28.0625,30.500000000000004,0.9375,0.8124999999999999,2.8750000000000004,1.7499999999999996,20.3125,11.312500000000004,20.062499999999996,23.000000000000004,83.93750000000001,84.375
20141214DET,2014-12-14 16:25:00,DET,MIN,2,16.4375,16.5625,14.500000000000004,15.875,0.6250000000000001,1.0624999999999998,0.125,0.375,158.25000000000006,215.375,26.5625,31.000000000000004,0.875,0.6250000000000001,2.5,2.4374999999999996,15.6875,14.062500000000002,20.6875,20.312499999999993,93.0,68.3125
20141214TEN,2014-12-14 16:05:00,TEN,NYJ,-5,13.375,13.75,14.875000000000002,13.312499999999998,1.5000000000000002,1.0625,0.5,0.5,137.625,177.93750000000003,26.0,25.75,0.8749999999999999,1.0,2.5625000000000004,2.5625,13.687499999999998,16.5625,25.75,17.25,121.625,70.06249999999997
20141214NWE,2014-12-14 13:02:00,NWE,MIA,28,19.624999999999996,25.062499999999996,17.4375,19.0625,1.3125000000000004,0.75,0.5625000000000002,0.24999999999999997,176.875,221.50000000000003,28.875,31.624999999999996,0.5625,0.4375,2.125,1.1250000000000002,14.687499999999998,6.749999999999998,20.4375,22.5,94.18750000000001,88.62499999999999
20141214ATL,2014-12-14 13:02:00,ATL,PIT,-7,22.624999999999996,20.500000000000004,19.999999999999996,17.25,0.8750000000000002,0.8124999999999998,0.6250000000000001,0.4375000000000001,246.31249999999997,231.00000000000006,32.06249999999999,31.75,0.5,0.75,1.9375000000000002,1.5624999999999998,9.937500000000002,10.625,22.312499999999993,19.625000000000004,100.625,78.56250000000001
20141215CHI,2014-12-15 20:30:00,CHI,NOR,-16,20.8125,17.562500000000004,20.500000000000004,17.3125,1.0,1.1250000000000002,0.6250000000000001,0.6250000000000001,241.56250000000003,206.5,33.625,31.4375,0.75,0.9374999999999999,1.3125,1.8750000000000004,7.375000000000001,11.5,21.1875,18.25,100.5,72.0625
20141218JAX,2014-12-18 20:26:00,JAX,TEN,8,13.588235294117647,12.411764705882351,13.52941176470588,14.176470588235293,1.1176470588235294,0.7647058823529411,0.5294117647058824,0.47058823529411753,182.3529411764706,163.41176470588238,26.294117647058822,29.17647058823529,0.9411764705882353,1.0588235294117647,2.4705882352941173,3.6470588235294117,16.0,24.058823529411764,17.88235294117647,18.882352941176467,71.17647058823526,78.52941176470588
20141220WAS,2014-12-20 16:30:00,WAS,PHI,3,24.47058823529412,15.117647058823533,17.823529411764707,16.294117647058826,1.4117647058823533,1.5294117647058825,0.8235294117647057,0.5882352941176471,219.58823529411762,207.82352941176472,31.47058823529412,28.41176470588235,1.1176470588235294,0.8823529411764706,1.470588235294118,3.11764705882353,10.705882352941176,21.88235294117647,24.176470588235293,20.470588235294116,99.64705882352942,87.47058823529413
20141220SFO,2014-12-20 20:26:00,SFO,SDG,-3,17.8235294117647,14.76470588235294,16.294117647058822,15.529411764705884,0.8235294117647058,0.8823529411764706,0.23529411764705882,0.5294117647058824,205.94117647058823,163.6470588235294,28.58823529411765,25.705882352941174,0.7647058823529413,0.5882352941176472,1.6470588235294115,2.8823529411764715,8.705882352941176,18.05882352941177,20.52941176470588,23.352941176470587,68.05882352941177,95.0
20141221MIA,2014-12-21 13:03:00,MIA,MIN,2,16.294117647058822,19.235294117647054,14.882352941176475,17.76470588235294,0.6470588235294119,1.4117647058823535,0.11764705882352941,0.5294117647058826,165.64705882352948,184.58823529411765,27.41176470588235,29.941176470588236,0.9411764705882353,0.6470588235294118,2.588235294117647,2.235294117647059,16.588235294117645,16.058823529411764,20.705882352941174,20.588235294117645,92.0,93.11764705882354
20141221CAR,2014-12-21 13:04:00,CAR,CLE,4,16.235294117647058,16.941176470588236,15.882352941176471,17.823529411764707,0.8823529411764706,1.3529411764705883,0.3529411764705882,0.5882352941176472,186.52941176470586,188.47058823529412,26.64705882352941,29.29411764705882,0.8235294117647058,0.6470588235294118,1.4117647058823533,2.352941176470588,9.647058823529411,18.176470588235293,25.058823529411764,23.117647058823525,90.29411764705884,96.05882352941177
20141221CHI,2014-12-21 13:03:00,CHI,DET,-6,16.52941176470588,17.411764705882355,15.588235294117647,17.235294117647058,0.9999999999999998,1.1176470588235297,0.3529411764705882,0.5882352941176472,211.70588235294116,203.35294117647058,30.82352941176471,31.41176470588235,0.5882352941176472,1.0588235294117645,2.294117647058823,2.1764705882352944,13.23529411764706,13.23529411764706,20.411764705882344,18.352941176470587,69.0,75.1764705882353
20141221OAK,2014-12-21 16:25:00,OAK,BUF,2,17.76470588235294,12.52941176470588,14.235294117647058,12.941176470588236,1.1764705882352942,1.4705882352941175,0.5294117647058825,0.7058823529411765,184.82352941176475,172.70588235294113,29.823529411764703,32.88235294117647,0.6470588235294118,0.8823529411764703,2.0588235294117645,1.411764705882353,12.29411764705882,8.705882352941178,20.941176470588236,16.647058823529413,80.29411764705883,60.764705882352935
20141221NYJ,2014-12-21 13:02:00,NYJ,NWE,-1,25.999999999999996,13.529411764705882,19.294117647058822,15.000000000000002,0.7647058823529411,1.411764705882353,0.2352941176470588,0.47058823529411764,225.3529411764706,139.11764705882354,31.823529411764703,26.11764705882353,0.47058823529411764,0.8235294117647057,1.058823529411765,2.588235294117647,6.352941176470586,13.823529411764705,22.88235294117647,25.941176470588236,89.76470588235293,121.17647058823529
20141221ARI,2014-12-21 20:30:00,ARI,SEA,-29,19.94117647058824,16.88235294117647,17.000000000000004,15.235294117647058,1.1176470588235294,0.8823529411764706,0.35294117647058826,0.2941176470588236,158.764705882353,195.41176470588235,23.35294117647059,28.411764705882355,0.3529411764705883,0.47058823529411764,2.235294117647059,1.2941176470588238,12.647058823529413,8.0,26.882352941176475,21.000000000000004,139.0,69.47058823529413
20141221TAM,2014-12-21 13:03:00,TAM,GNB,-17,25.647058823529413,14.941176470588237,18.176470588235297,14.058823529411763,0.8823529411764705,1.6470588235294117,0.23529411764705888,0.7647058823529413,219.1764705882353,182.76470588235293,27.82352941176471,28.352941176470587,0.3529411764705883,1.0588235294117647,1.6470588235294115,2.4705882352941178,10.058823529411764,14.941176470588234,21.52941176470588,17.647058823529413,96.70588235294119,69.1764705882353
20141221NOR,2014-12-21 13:03:00,NOR,ATL,-16,20.47058823529412,21.411764705882355,17.41176470588235,20.764705882352942,0.8235294117647056,1.0588235294117647,0.41176470588235303,0.6470588235294119,235.64705882352945,248.5294117647059,32.05882352941177,33.76470588235294,0.7647058823529411,0.7058823529411764,1.4705882352941173,1.3529411764705883,10.0,7.8235294117647065,19.647058823529413,21.470588235294116,79.64705882352942,99.47058823529412
20141221PIT,2014-12-21 13:02:00,PIT,KAN,8,18.941176470588236,22.882352941176467,15.999999999999998,20.117647058823525,1.1764705882352942,0.8235294117647061,0.5882352941176471,0.5882352941176472,162.00000000000006,252.58823529411762,24.705882352941174,32.23529411764705,0.3529411764705883,0.47058823529411764,2.294117647058823,1.8823529411764708,11.76470588235294,9.764705882352944,22.352941176470594,22.294117647058815,104.0,97.35294117647058
20141221HOU,2014-12-21 13:02:00,HOU,BAL,12,22.11764705882353,19.058823529411764,18.117647058823525,15.941176470588236,0.7647058823529411,1.0,0.47058823529411764,0.4705882352941176,197.11764705882356,172.17647058823528,27.529411764705884,23.941176470588236,0.5294117647058825,0.6470588235294119,0.9411764705882353,1.3529411764705883,7.529411764705881,5.470588235294118,23.764705882352942,27.882352941176467,109.23529411764704,112.64705882352942
20141221STL,2014-12-21 16:05:00,STL,NYG,-10,18.64705882352941,17.11764705882353,17.352941176470587,14.705882352941174,1.1764705882352942,1.3529411764705883,0.8235294117647058,0.47058823529411764,203.35294117647058,171.52941176470588,30.70588235294118,26.235294117647058,0.764705882352941,0.7647058823529411,1.705882352941176,2.4117647058823537,11.35294117647059,14.47058823529412,22.94117647058824,20.94117647058824,82.29411764705881,87.47058823529412
20141221DAL,2014-12-21 16:26:00,DAL,IND,35,24.941176470588236,22.41176470588236,19.88235294117647,17.470588235294116,1.7058823529411762,1.1176470588235297,0.8235294117647058,0.7647058823529411,256.0,190.2941176470588,34.23529411764705,24.764705882352946,0.8235294117647058,0.5882352941176472,1.5294117647058822,1.7058823529411762,9.411764705882353,12.529411764705882,22.058823529411764,25.94117647058824,91.00000000000004,120.76470588235296
20141222CIN,2014-12-22 20:30:00,CIN,DEN,9,23.941176470588236,18.294117647058826,18.411764705882348,16.11764705882353,0.8235294117647057,1.0,0.23529411764705882,0.411764705882353,238.3529411764706,179.64705882352942,30.823529411764703,25.88235294117647,0.6470588235294119,0.8235294117647058,0.8235294117647057,1.1764705882352942,6.117647058823529,6.294117647058823,22.94117647058824,25.058823529411764,91.64705882352942,107.29411764705884
20141228PIT,2014-12-28 20:30:00,PIT,CIN,10,19.333333333333336,22.722222222222218,16.333333333333332,20.055555555555554,1.0555555555555556,0.7777777777777779,0.4444444444444444,0.5555555555555557,177.77777777777777,250.4444444444444,25.833333333333332,31.833333333333325,0.8333333333333333,0.4444444444444444,1.1111111111111112,1.8333333333333335,5.944444444444444,9.555555555555559,25.72222222222222,22.49999999999999,112.83333333333334,95.7222222222222
20141228ATL,2014-12-28 16:25:00,ATL,CAR,-31,16.944444444444443,21.000000000000004,18.333333333333332,17.444444444444443,1.388888888888889,0.833333333333333,0.6111111111111113,0.38888888888888895,188.83333333333334,240.44444444444446,29.388888888888882,32.5,0.6666666666666667,0.7222222222222221,2.2777777777777772,1.3888888888888886,17.499999999999996,9.444444444444445,24.33333333333333,19.77777777777778,102.33333333333334,79.72222222222223
20141228KAN,2014-12-28 13:03:00,KAN,SDG,12,18.944444444444436,18.555555555555557,16.944444444444443,16.333333333333332,0.8333333333333333,1.1666666666666667,0.2222222222222222,0.6111111111111112,213.83333333333334,169.00000000000006,30.0,25.888888888888886,0.888888888888889,0.3333333333333334,1.6666666666666663,2.4999999999999996,8.666666666666666,12.722222222222221,20.722222222222218,21.888888888888896,69.72222222222223,100.38888888888889
20141228MIA,2014-12-28 13:02:00,MIA,NYJ,-13,13.666666666666666,20.222222222222214,15.055555555555557,18.777777777777775,1.3333333333333335,1.4444444444444449,0.4444444444444444,0.5555555555555558,142.0,195.61111111111111,26.166666666666664,30.88888888888889,0.8333333333333331,0.6666666666666667,2.555555555555556,2.1666666666666665,14.111111111111109,15.888888888888888,26.27777777777778,21.055555555555554,120.88888888888889,94.05555555555556
20141228TEN,2014-12-28 13:02:00,TEN,IND,-17,23.944444444444443,13.555555555555554,19.72222222222222,13.83333333333333,1.6666666666666663,1.0555555555555556,0.8333333333333333,0.5,254.44444444444443,186.77777777777777,34.777777777777764,26.777777777777775,0.8888888888888888,0.8888888888888888,1.5555555555555554,2.5555555555555554,9.277777777777779,16.5,21.38888888888889,18.444444444444443,86.00000000000004,72.49999999999996
20141228HOU,2014-12-28 13:03:00,HOU,JAX,6,12.888888888888886,19.38888888888889,14.333333333333332,16.055555555555557,0.7777777777777777,1.0,0.4444444444444443,0.44444444444444436,160.5,173.16666666666663,29.05555555555555,25.0,1.0,0.6666666666666669,3.6666666666666665,1.277777777777778,23.444444444444443,5.166666666666667,19.222222222222218,28.44444444444444,84.0,113.22222222222223
20141228DEN,2014-12-28 16:25:00,DEN,OAK,33,13.277777777777775,24.166666666666664,13.222222222222221,18.611111111111104,1.4444444444444444,0.7777777777777776,0.6666666666666667,0.2222222222222222,174.61111111111106,241.77777777777777,32.94444444444444,31.55555555555555,0.833333333333333,0.8333333333333335,1.388888888888889,0.8888888888888886,8.611111111111112,6.3888888888888875,17.72222222222222,22.72222222222223,65.16666666666666,91.27777777777779
20141228BAL,2014-12-28 13:02:00,BAL,CLE,10,16.055555555555554,21.61111111111111,15.444444444444445,17.94444444444444,0.8333333333333333,0.7777777777777777,0.3333333333333333,0.4444444444444444,184.16666666666663,196.05555555555557,26.333333333333332,28.77777777777778,0.8333333333333333,0.6666666666666667,1.5000000000000004,1.0,10.333333333333332,8.055555555555554,24.888888888888886,23.333333333333336,89.94444444444446,104.99999999999997
20141228TAM,2014-12-28 13:03:00,TAM,NOR,-3,21.000000000000004,14.277777777777779,20.833333333333332,13.611111111111109,1.1666666666666667,1.611111111111111,0.7222222222222223,0.7222222222222223,249.7777777777778,177.77777777777774,34.5,28.222222222222218,0.7777777777777777,1.0555555555555556,1.5555555555555558,2.7222222222222223,9.722222222222221,17.111111111111107,21.277777777777775,17.444444444444446,97.11111111111111,66.22222222222223
20141228NYG,2014-12-28 13:02:00,NYG,PHI,-8,24.444444444444443,19.666666666666664,18.5,17.444444444444443,1.3888888888888893,1.1111111111111112,0.8333333333333331,0.7777777777777777,227.4444444444444,213.5,32.5,30.777777777777782,1.1111111111111112,0.7222222222222221,1.5555555555555558,1.666666666666666,10.833333333333332,11.000000000000004,24.555555555555554,23.55555555555556,101.55555555555556,84.83333333333333
20141228MIN,2014-12-28 13:02:00,MIN,CHI,4,17.222222222222225,17.333333333333332,17.222222222222218,15.16666666666667,1.0555555555555558,0.6111111111111113,0.5555555555555557,0.1111111111111111,201.5,169.66666666666674,31.833333333333332,27.33333333333333,1.0555555555555554,0.9444444444444444,2.166666666666667,2.666666666666667,13.11111111111111,16.833333333333332,18.555555555555554,21.111111111111107,74.55555555555557,93.5
20141228GNB,2014-12-28 16:25:00,GNB,DET,10,16.72222222222222,25.333333333333332,15.944444444444443,18.444444444444446,1.0555555555555554,0.9444444444444442,0.38888888888888884,0.2777777777777778,212.66666666666666,224.22222222222223,31.277777777777782,28.500000000000004,0.6666666666666667,0.3333333333333334,2.3888888888888884,1.6111111111111107,13.277777777777779,9.944444444444445,20.72222222222221,22.055555555555554,72.83333333333334,98.05555555555557
20141228NWE,2014-12-28 13:02:00,NWE,BUF,-8,18.111111111111107,25.499999999999993,14.277777777777777,19.27777777777778,1.1666666666666667,0.7222222222222221,0.5000000000000001,0.22222222222222218,191.6666666666667,220.94444444444446,30.888888888888886,31.999999999999996,0.7222222222222223,0.5,2.0555555555555554,1.2222222222222223,12.777777777777775,7.999999999999998,20.5,22.944444444444443,76.55555555555556,89.49999999999999
20141228SEA,2014-12-28 16:27:00,SEA,STL,14,17.666666666666664,20.77777777777778,15.166666666666664,17.333333333333336,1.388888888888889,1.1111111111111112,0.5555555555555556,0.33333333333333337,177.61111111111111,168.22222222222229,26.555555555555554,23.833333333333336,0.7777777777777777,0.3333333333333334,2.3888888888888897,2.1666666666666665,14.166666666666668,12.5,20.888888888888893,27.277777777777782,88.5,146.11111111111111
20141228SFO,2014-12-28 16:25:00,SFO,ARI,3,16.27777777777778,15.888888888888888,15.333333333333332,15.833333333333334,0.8888888888888888,0.9999999999999999,0.27777777777777785,0.6666666666666666,194.94444444444443,159.66666666666666,29.333333333333336,25.611111111111107,0.5,0.5555555555555557,1.4444444444444446,2.833333333333334,9.166666666666666,18.277777777777782,20.666666666666668,24.277777777777775,67.22222222222223,109.44444444444443
20141228WAS,2014-12-28 13:05:00,WAS,DAL,-27,23.500000000000004,15.77777777777778,17.888888888888886,16.555555555555557,1.1111111111111114,1.5555555555555556,0.7777777777777777,0.6111111111111112,193.6111111111111,207.66666666666669,24.55555555555556,28.11111111111111,0.5555555555555557,0.8888888888888888,1.6666666666666663,3.055555555555556,12.444444444444443,21.5,26.722222222222225,20.944444444444443,121.11111111111113,88.16666666666667
20150103PIT,2015-01-03 20:15:00,PIT,BAL,-13,21.526315789473685,22.94736842105263,18.157894736842103,19.94736842105263,0.8421052631578947,0.8421052631578949,0.42105263157894735,0.5789473684210529,201.00000000000003,253.9473684210526,29.15789473684211,32.210526315789465,0.6315789473684211,0.5263157894736842,1.0,1.7368421052631582,8.789473684210524,9.052631578947372,23.578947368421055,22.263157894736832,106.26315789473682,92.21052631578947
20150103CAR,2015-01-03 16:20:00,CAR,ARI,11,16.315789473684212,17.842105263157894,15.894736842105262,18.263157894736842,0.8421052631578947,1.3157894736842108,0.2631578947368422,0.5789473684210528,200.42105263157893,184.78947368421055,29.894736842105267,28.684210526315784,0.631578947368421,0.6315789473684211,1.473684210526316,2.2105263157894735,9.578947368421053,16.684210526315788,20.894736842105264,24.89473684210526,68.8421052631579,107.15789473684211
20150104DAL,2015-01-04 16:41:00,DAL,DET,4,16.894736842105264,24.578947368421055,16.31578947368421,18.0,1.1052631578947367,1.1052631578947372,0.42105263157894735,0.7368421052631579,212.10526315789474,199.15789473684208,31.789473684210535,25.052631578947377,0.6315789473684211,0.5789473684210529,2.3684210526315783,1.5789473684210524,13.36842105263158,11.789473684210526,20.842105263157883,26.736842105263165,74.8421052631579,123.89473684210529
20150104IND,2015-01-04 13:05:00,IND,CIN,16,19.210526315789476,24.105263157894736,16.473684210526315,19.526315789473685,1.0526315789473684,1.6315789473684208,0.47368421052631576,0.7894736842105263,180.05263157894737,257.57894736842104,26.473684210526315,34.78947368421052,0.8947368421052632,0.8421052631578947,1.210526315789474,1.526315789473684,6.842105263157894,8.842105263157896,25.894736842105264,21.842105263157894,113.00000000000001,84.84210526315793
20150110SEA,2015-01-10 20:21:00,SEA,CAR,14,18.3,20.73684210526316,18.599999999999998,17.315789473684216,1.4000000000000004,1.210526315789474,0.6500000000000001,0.368421052631579,185.45000000000002,171.05263157894743,28.849999999999994,23.894736842105264,0.6500000000000001,0.36842105263157904,2.1499999999999995,2.210526315789474,15.849999999999998,12.73684210526316,25.699999999999996,27.63157894736843,111.2,145.3684210526316
20150110NWE,2015-01-10 16:35:00,NWE,BAL,4,21.95,24.631578947368414,18.199999999999996,19.0,0.8999999999999999,0.6842105263157894,0.44999999999999996,0.21052631578947367,203.25000000000003,216.8947368421053,29.150000000000002,32.05263157894737,0.6000000000000001,0.4736842105263158,1.0,1.3684210526315792,8.999999999999998,8.94736842105263,23.650000000000002,23.052631578947366,103.59999999999998,90.89473684210526
20150111GNB,2015-01-11 13:05:00,GNB,DAL,5,24.55,25.57894736842105,17.999999999999996,18.73684210526316,1.2000000000000002,0.9999999999999998,0.75,0.368421052631579,201.29999999999995,224.26315789473685,25.35000000000001,28.210526315789476,0.5500000000000002,0.3157894736842106,1.7999999999999998,1.5789473684210522,13.75,9.789473684210527,26.450000000000006,22.894736842105264,121.35000000000002,100.89473684210529
20150111DEN,2015-01-11 16:40:00,DEN,IND,-11,24.2,25.36842105263158,19.650000000000002,18.947368421052623,1.6499999999999997,0.8421052631578946,0.8,0.2631578947368421,263.09999999999997,245.31578947368422,35.24999999999999,31.94736842105263,0.7999999999999999,0.7894736842105265,1.4999999999999998,0.894736842105263,8.8,6.210526315789473,21.999999999999996,23.31578947368422,86.30000000000004,93.94736842105264
20150118NWE,2015-01-18 18:50:00,NWE,IND,38,24.190476190476186,25.14999999999999,19.80952380952381,19.5,1.571428571428571,0.7499999999999999,0.7619047619047619,0.19999999999999998,263.19047619047615,226.45000000000002,35.619047619047606,33.0,0.857142857142857,0.5,1.4285714285714284,1.4000000000000004,8.380952380952381,8.999999999999998,22.28571428571428,22.549999999999997,86.90476190476193,87.05
20150118SEA,2015-01-18 15:06:00,SEA,GNB,6,25.599999999999998,21.250000000000004,18.95,17.250000000000004,1.0999999999999996,1.2500000000000002,0.4,0.35000000000000003,227.89999999999998,174.90000000000006,28.55,23.8,0.3000000000000001,0.3500000000000001,1.5999999999999996,2.2,10.25,13.100000000000001,23.2,27.650000000000006,101.80000000000003,143.1
20150201NWE,2015-02-01 18:30:00,NWE,SEA,4,21.571428571428573,26.095238095238084,17.380952380952383,19.9047619047619,1.285714285714286,0.7619047619047619,0.380952380952381,0.19047619047619044,176.23809523809527,226.14285714285714,24.095238095238095,33.095238095238095,0.523809523809524,0.5238095238095237,2.3333333333333335,1.3809523809523814,13.666666666666666,8.857142857142856,28.000000000000004,23.380952380952376,145.52380952380952,91.33333333333333
