"","player","year","proj_air","proj_yac","proj_rush","proj_total"
"1","A.Becht-00-0019457",2016,NA,NA,NA,NA
"2","A.Becht-00-0019457",2017,NA,NA,NA,NA
"3","A.Becht-00-0019457",2018,NA,NA,NA,NA
"4","A.Crumpler-00-0020285",2016,NA,NA,NA,NA
"5","A.Crumpler-00-0020285",2017,NA,NA,NA,NA
"6","A.Crumpler-00-0020285",2018,NA,NA,NA,NA
"7","A.Fasano-00-0024268",2016,0.0285820962942104,0.0198380626236054,0,0.0484201589178158
"8","A.Fasano-00-0024268",2017,0.0103516476118932,0.00409853356660681,0,0.0144501811785
"9","A.Fasano-00-0024268",2018,0.00234397451679226,-0.000731643900421747,0,0.00161233061637051
"10","A.Gates-00-0021547",2016,0.343412528647239,0.0591782469790777,0,0.402590775626316
"11","A.Gates-00-0021547",2017,0.367929042290449,-0.0176082068631039,0,0.350320835427345
"12","A.Gates-00-0021547",2018,0.169061851767731,-0.0920636777341444,0,0.0769981740335867
"13","A.Hill-00-0026908",2016,NA,NA,NA,NA
"14","A.Hill-00-0026908",2017,NA,NA,NA,NA
"15","A.Hill-00-0026908",2018,NA,NA,NA,NA
"16","A.Smith-00-0023506",2016,0,0,0,0
"17","A.Smith-00-0023506",2017,0,0,0,0
"18","A.Smith-00-0023506",2018,0,0,0,0
"19","B.Bajema-00-0023679",2016,0,0,0,0
"20","B.Bajema-00-0023679",2017,NA,NA,NA,NA
"21","B.Bajema-00-0023679",2018,NA,NA,NA,NA
"22","B.Celek-00-0025549",2016,0.0532978203503223,-0.0407737295492186,0,0.0125240908011037
"23","B.Celek-00-0025549",2017,0.0743748475470663,-0.00863304946357729,0,0.065741798083489
"24","B.Celek-00-0025549",2018,0.0385646095939824,-0.0065097240223001,0,0.0320548855716823
"25","B.Cottam-00-0026216",2016,NA,NA,NA,NA
"26","B.Cottam-00-0026216",2017,NA,NA,NA,NA
"27","B.Cottam-00-0026216",2018,NA,NA,NA,NA
"28","B.Hartsock-00-0022847",2016,NA,NA,NA,NA
"29","B.Hartsock-00-0022847",2017,NA,NA,NA,NA
"30","B.Hartsock-00-0022847",2018,NA,NA,NA,NA
"31","B.Manumaleuna-00-0020342",2016,NA,NA,NA,NA
"32","B.Manumaleuna-00-0020342",2017,NA,NA,NA,NA
"33","B.Manumaleuna-00-0020342",2018,NA,NA,NA,NA
"34","B.Myers-00-0027135",2016,0.0489616201401677,0.0128511158848033,0,0.061812736024971
"35","B.Myers-00-0027135",2017,0.00953899460901368,-0.00639370749986366,0,0.00314528710915002
"36","B.Myers-00-0027135",2018,0.00138079491420847,-0.00289116808113044,0,-0.00151037316692198
"37","B.Pascoe-00-0026931",2016,0.0044434546806896,0.00582258301391531,0,0.0102660376946049
"38","B.Pascoe-00-0026931",2017,0,0,0,0
"39","B.Pascoe-00-0026931",2018,NA,NA,NA,NA
"40","B.Patrick-00-0025602",2016,NA,NA,NA,NA
"41","B.Patrick-00-0025602",2017,NA,NA,NA,NA
"42","B.Patrick-00-0025602",2018,NA,NA,NA,NA
"43","B.Pettigrew-00-0026996",2016,0.0105879811044335,0.0157504032128551,0,0.0263383843172886
"44","B.Pettigrew-00-0026996",2017,-0.000265622642614286,0.000351204333611819,0,8.55816909975333e-05
"45","B.Pettigrew-00-0026996",2018,0,0,0,0
"46","B.Scaife-00-0023612",2016,NA,NA,NA,NA
"47","B.Scaife-00-0023612",2017,NA,NA,NA,NA
"48","B.Scaife-00-0023612",2018,NA,NA,NA,NA
"49","B.Watson-00-0022943",2016,0.30612310075195,0.00320900182882892,0,0.309332102580779
"50","B.Watson-00-0022943",2017,0.183366318556362,-0.00511602566719509,0,0.178250292889167
"51","B.Watson-00-0022943",2018,0.0620668743583739,0.0247555086044336,0,0.0868223829628075
"52","C.Baker-00-0021213",2016,NA,NA,NA,NA
"53","C.Baker-00-0021213",2017,NA,NA,NA,NA
"54","C.Baker-00-0021213",2018,NA,NA,NA,NA
"55","C.Cloherty-00-0026669",2016,NA,NA,NA,NA
"56","C.Cloherty-00-0026669",2017,NA,NA,NA,NA
"57","C.Cloherty-00-0026669",2018,NA,NA,NA,NA
"58","C.Cooley-00-0022738",2016,NA,NA,NA,NA
"59","C.Cooley-00-0022738",2017,NA,NA,NA,NA
"60","C.Cooley-00-0022738",2018,NA,NA,NA,NA
"61","C.Fitzsimmons-00-0021525",2016,NA,NA,NA,NA
"62","C.Fitzsimmons-00-0021525",2017,NA,NA,NA,NA
"63","C.Fitzsimmons-00-0021525",2018,NA,NA,NA,NA
"64","C.Morrah-00-0026963",2016,NA,NA,NA,NA
"65","C.Morrah-00-0026963",2017,NA,NA,NA,NA
"66","C.Morrah-00-0026963",2018,NA,NA,NA,NA
"67","C.Stevens-00-0026225",2016,0.0178467318054039,-0.00458895808277159,0,0.0132577737226324
"68","C.Stevens-00-0026225",2017,0.0107080390832424,-0.00275337484966296,0,0.00795466423357941
"69","C.Stevens-00-0026225",2018,0.00356934636108079,-0.000917791616554319,0,0.00265155474452647
"70","D.Clark-00-0003035",2016,NA,NA,NA,NA
"71","D.Clark-00-0003035",2017,NA,NA,NA,NA
"72","D.Clark-00-0003035",2018,NA,NA,NA,NA
"73","D.Clark-00-0022165",2016,0.0191800320290107,0.0152584138847707,0,0.0344384459137813
"74","D.Clark-00-0022165",2017,NA,NA,NA,NA
"75","D.Clark-00-0022165",2018,NA,NA,NA,NA
"76","D.Coats-00-0024607",2016,NA,NA,NA,NA
"77","D.Coats-00-0024607",2017,NA,NA,NA,NA
"78","D.Coats-00-0024607",2018,NA,NA,NA,NA
"79","D.Dinkins-00-0020550",2016,NA,NA,NA,NA
"80","D.Dinkins-00-0020550",2017,NA,NA,NA,NA
"81","D.Dinkins-00-0020550",2018,NA,NA,NA,NA
"82","D.Fine-00-0026272",2016,NA,NA,NA,NA
"83","D.Fine-00-0026272",2017,NA,NA,NA,NA
"84","D.Fine-00-0026272",2018,NA,NA,NA,NA
"85","D.Graham-00-0021154",2016,NA,NA,NA,NA
"86","D.Graham-00-0021154",2017,NA,NA,NA,NA
"87","D.Graham-00-0021154",2018,NA,NA,NA,NA
"88","D.Gronkowski-00-0027157",2016,NA,NA,NA,NA
"89","D.Gronkowski-00-0027157",2017,NA,NA,NA,NA
"90","D.Gronkowski-00-0027157",2018,NA,NA,NA,NA
"91","D.Johnson-00-0023797",2016,NA,NA,NA,NA
"92","D.Johnson-00-0023797",2017,NA,NA,NA,NA
"93","D.Johnson-00-0023797",2018,NA,NA,NA,NA
"94","D.Johnson-00-0026957",2016,0,0,0.000321925853479323,0.000321925853479323
"95","D.Johnson-00-0026957",2017,0,0,0.000193155512087594,0.000193155512087594
"96","D.Johnson-00-0026957",2018,0,0,6.43851706958645e-05,6.43851706958645e-05
"97","D.Keller-00-0026170",2016,NA,NA,NA,NA
"98","D.Keller-00-0026170",2017,NA,NA,NA,NA
"99","D.Keller-00-0026170",2018,NA,NA,NA,NA
"100","D.Lee-00-0021929",2016,NA,NA,NA,NA
"101","D.Lee-00-0021929",2017,NA,NA,NA,NA
"102","D.Lee-00-0021929",2018,NA,NA,NA,NA
"103","D.Rosario-00-0025542",2016,0.00499001408112763,0.0042275782418598,0,0.00921759232298743
"104","D.Rosario-00-0025542",2017,0.00166333802704254,0.0014091927472866,0,0.00307253077432914
"105","D.Rosario-00-0025542",2018,NA,NA,NA,NA
"106","D.Schouman-00-0025609",2016,NA,NA,NA,NA
"107","D.Schouman-00-0025609",2017,NA,NA,NA,NA
"108","D.Schouman-00-0025609",2018,NA,NA,NA,NA
"109","D.Thomas-00-0024301",2016,NA,NA,NA,NA
"110","D.Thomas-00-0024301",2017,NA,NA,NA,NA
"111","D.Thomas-00-0024301",2018,NA,NA,NA,NA
"112","D.Walker-00-0024389",2016,0.301900711199479,-0.0454221464272364,0,0.256478564772243
"113","D.Walker-00-0024389",2017,0.43780437839254,0.00992006319326709,0,0.447724441585807
"114","D.Walker-00-0024389",2018,0.268846327766797,-0.126765772969718,0,0.142080554797079
"115","E.Jones-00-0024714",2016,NA,NA,NA,NA
"116","E.Jones-00-0024714",2017,NA,NA,NA,NA
"117","E.Jones-00-0024714",2018,NA,NA,NA,NA
"118","E.Moore-00-0026123",2016,NA,NA,NA,NA
"119","E.Moore-00-0026123",2017,NA,NA,NA,NA
"120","E.Moore-00-0026123",2018,NA,NA,NA,NA
"121","E.Wilford-00-0022901",2016,NA,NA,NA,NA
"122","E.Wilford-00-0022901",2017,NA,NA,NA,NA
"123","E.Wilford-00-0022901",2018,NA,NA,NA,NA
"124","F.Davis-00-0026188",2016,0.00524533770122289,0.00396955413013353,0,0.00921489183135642
"125","F.Davis-00-0026188",2017,NA,NA,NA,NA
"126","F.Davis-00-0026188",2018,NA,NA,NA,NA
"127","G.Barnidge-00-0026281",2016,0.331865352378072,-0.0552777189917197,0,0.276587633386352
"128","G.Barnidge-00-0026281",2017,0.48217835694453,0.0294922216254146,0,0.511670578569944
"129","G.Barnidge-00-0026281",2018,0.23729021424494,0.0274698068207524,0,0.264760021065692
"130","G.Estandia-00-0023784",2016,NA,NA,NA,NA
"131","G.Estandia-00-0023784",2017,NA,NA,NA,NA
"132","G.Estandia-00-0023784",2018,NA,NA,NA,NA
"133","G.Olsen-00-0025418",2016,0.596829340881825,-0.0638983265278596,0,0.532931014353965
"134","G.Olsen-00-0025418",2017,0.660534711340647,-0.0364875020705148,0,0.624047209270132
"135","G.Olsen-00-0025418",2018,0.295296037558594,-0.0532135141361177,0,0.242082523422477
"136","G.Robinson-00-0024529",2016,NA,NA,NA,NA
"137","G.Robinson-00-0024529",2017,NA,NA,NA,NA
"138","G.Robinson-00-0024529",2018,NA,NA,NA,NA
"139","H.Miller-00-0023465",2016,0.184551886137788,0.0139163792596858,0,0.198468265397474
"140","H.Miller-00-0023465",2017,0.0770858430967851,-0.0100846947073005,0,0.0670011483894846
"141","H.Miller-00-0023465",2018,0.0177286185882549,-0.00791984200082296,0,0.00980877658743193
"142","J.Carlson-00-0026178",2016,0.0116766330319066,0.0229320182497942,0,0.0346086512817008
"143","J.Carlson-00-0026178",2017,-3.22148818744416e-05,0.00234065539078629,0,0.00230844050891185
"144","J.Carlson-00-0026178",2018,NA,NA,NA,NA
"145","J.Casey-00-0027109",2016,0,0,0,0
"146","J.Casey-00-0027109",2017,0,0,0,0
"147","J.Casey-00-0027109",2018,NA,NA,NA,NA
"148","J.Cook-00-0027061",2016,-0.000637652477908704,-0.087088910975183,0,-0.0877265634530917
"149","J.Cook-00-0027061",2017,0.166464531344646,-0.0519450035328302,0,0.114519527811816
"150","J.Cook-00-0027061",2018,0.317662258941732,-0.0621185777427538,0,0.255543681198978
"151","J.Dreessen-00-0023630",2016,0,0,0,0
"152","J.Dreessen-00-0023630",2017,NA,NA,NA,NA
"153","J.Dreessen-00-0023630",2018,NA,NA,NA,NA
"154","J.Dugan-00-0022746",2016,NA,NA,NA,NA
"155","J.Dugan-00-0022746",2017,NA,NA,NA,NA
"156","J.Dugan-00-0022746",2018,NA,NA,NA,NA
"157","J.Finley-00-0026231",2016,0.00703371349234829,0.0100033145124029,0,0.0170370280047512
"158","J.Finley-00-0026231",2017,NA,NA,NA,NA
"159","J.Finley-00-0026231",2018,NA,NA,NA,NA
"160","J.Foschi-00-0022484",2016,NA,NA,NA,NA
"161","J.Foschi-00-0022484",2017,NA,NA,NA,NA
"162","J.Foschi-00-0022484",2018,NA,NA,NA,NA
"163","J.Gilmore-00-0021304",2016,NA,NA,NA,NA
"164","J.Gilmore-00-0021304",2017,NA,NA,NA,NA
"165","J.Gilmore-00-0021304",2018,NA,NA,NA,NA
"166","J.Haynos-00-0026026",2016,NA,NA,NA,NA
"167","J.Haynos-00-0026026",2017,NA,NA,NA,NA
"168","J.Haynos-00-0026026",2018,NA,NA,NA,NA
"169","J.King-00-0024369",2016,NA,NA,NA,NA
"170","J.King-00-0024369",2017,NA,NA,NA,NA
"171","J.King-00-0024369",2018,NA,NA,NA,NA
"172","J.Kleinsasser-00-0009323",2016,NA,NA,NA,NA
"173","J.Kleinsasser-00-0009323",2017,NA,NA,NA,NA
"174","J.Kleinsasser-00-0009323",2018,NA,NA,NA,NA
"175","J.Klopfenstein-00-0024261",2016,NA,NA,NA,NA
"176","J.Klopfenstein-00-0024261",2017,NA,NA,NA,NA
"177","J.Klopfenstein-00-0024261",2018,NA,NA,NA,NA
"178","J.Nordin-00-0024825",2016,NA,NA,NA,NA
"179","J.Nordin-00-0024825",2017,NA,NA,NA,NA
"180","J.Nordin-00-0024825",2018,NA,NA,NA,NA
"181","J.Owens-00-0021255",2016,NA,NA,NA,NA
"182","J.Owens-00-0021255",2017,NA,NA,NA,NA
"183","J.Owens-00-0021255",2018,NA,NA,NA,NA
"184","J.Peelle-00-0021227",2016,NA,NA,NA,NA
"185","J.Peelle-00-0021227",2017,NA,NA,NA,NA
"186","J.Peelle-00-0021227",2018,NA,NA,NA,NA
"187","J.Phillips-00-0027139",2016,0,0,0,0
"188","J.Phillips-00-0027139",2017,0,0,0,0
"189","J.Phillips-00-0027139",2018,0,0,0,0
"190","J.Shockey-00-0021148",2016,NA,NA,NA,NA
"191","J.Shockey-00-0021148",2017,NA,NA,NA,NA
"192","J.Shockey-00-0021148",2018,NA,NA,NA,NA
"193","J.Stevens-00-0021159",2016,NA,NA,NA,NA
"194","J.Stevens-00-0021159",2017,NA,NA,NA,NA
"195","J.Stevens-00-0021159",2018,NA,NA,NA,NA
"196","J.Stupar-00-0025864",2016,NA,NA,NA,NA
"197","J.Stupar-00-0025864",2017,NA,NA,NA,NA
"198","J.Stupar-00-0025864",2018,NA,NA,NA,NA
"199","J.Tamme-00-0026267",2016,0.115440752632655,-0.0684956487242898,0,0.0469451039083654
"200","J.Tamme-00-0026267",2017,0.116680495050661,-0.0305685479834621,0,0.0861119470671989
"201","J.Tamme-00-0026267",2018,0.0534010216029698,-0.0057409220871516,0,0.0476600995158182
"202","J.Witten-00-0022127",2016,0.191509764164395,-0.00255636246879456,0,0.188953401695601
"203","J.Witten-00-0022127",2017,0.257045473273255,-0.0191731244533204,0,0.237872348819935
"204","J.Witten-00-0022127",2018,0.255634769077698,-0.0853791028787897,0,0.170255666198908
"205","K.Boss-00-0025540",2016,NA,NA,NA,NA
"206","K.Boss-00-0025540",2017,NA,NA,NA,NA
"207","K.Boss-00-0025540",2018,NA,NA,NA,NA
"208","K.Davis-00-0026298",2016,0,0,0,0
"209","K.Davis-00-0026298",2017,0,0,0,0
"210","K.Davis-00-0026298",2018,0,0,0,0
"211","K.Sperry-00-0026757",2016,0,0,0,0
"212","K.Sperry-00-0026757",2017,NA,NA,NA,NA
"213","K.Sperry-00-0026757",2018,NA,NA,NA,NA
"214","K.Winslow-00-0022922",2016,0.022386124567804,0.0140279293462636,0,0.0364140539140676
"215","K.Winslow-00-0022922",2017,NA,NA,NA,NA
"216","K.Winslow-00-0022922",2018,NA,NA,NA,NA
"217","K.Zinger-00-0026372",2016,NA,NA,NA,NA
"218","K.Zinger-00-0026372",2017,NA,NA,NA,NA
"219","K.Zinger-00-0026372",2018,NA,NA,NA,NA
"220","L.Pope-00-0024287",2016,NA,NA,NA,NA
"221","L.Pope-00-0024287",2017,NA,NA,NA,NA
"222","L.Pope-00-0024287",2018,NA,NA,NA,NA
"223","L.Smith-00-0022126",2016,NA,NA,NA,NA
"224","L.Smith-00-0022126",2017,NA,NA,NA,NA
"225","L.Smith-00-0022126",2018,NA,NA,NA,NA
"226","M.Bennett-00-0026201",2016,-0.0768083651436762,-0.0222565558555367,0,-0.099064920999213
"227","M.Bennett-00-0026201",2017,0.121799240173588,0.0672714342793621,0,0.18907067445295
"228","M.Bennett-00-0026201",2018,0.0782457236089301,0.0184470714394379,0,0.096692795048368
"229","M.Gaines-00-0022706",2016,NA,NA,NA,NA
"230","M.Gaines-00-0022706",2017,NA,NA,NA,NA
"231","M.Gaines-00-0022706",2018,NA,NA,NA,NA
"232","M.Lewis-00-0024243",2016,-0.0790575789776194,-0.0214480722879261,0,-0.100505651265546
"233","M.Lewis-00-0024243",2017,0.00961196672755173,-0.00591756885671807,0,0.00369439787083367
"234","M.Lewis-00-0024243",2018,0.0108443192676572,-0.0259274000745474,0,-0.0150830808068901
"235","M.Mulligan-00-0026008",2016,0,0,0,0
"236","M.Mulligan-00-0026008",2017,0,0,0,0
"237","M.Mulligan-00-0026008",2018,0,0,0,0
"238","M.Spaeth-00-0025464",2016,0,0,0,0
"239","M.Spaeth-00-0025464",2017,0,0,0,0
"240","M.Spaeth-00-0025464",2018,0,0,0,0
"241","None-00-0027154",2016,NA,NA,NA,NA
"242","None-00-0027154",2017,NA,NA,NA,NA
"243","None-00-0027154",2018,NA,NA,NA,NA
"244","O.Daniels-00-0024313",2016,0.0724692636597514,-0.0939284765329828,0,-0.0214592128732314
"245","O.Daniels-00-0024313",2017,0.0327551561609116,-0.0457503196796152,0,-0.0129951635187036
"246","O.Daniels-00-0024313",2018,0.00849476623507726,-0.0102594191451517,0,-0.00176465291007444
"247","R.McMichael-00-0021236",2016,NA,NA,NA,NA
"248","R.McMichael-00-0021236",2017,NA,NA,NA,NA
"249","R.McMichael-00-0021236",2018,NA,NA,NA,NA
"250","R.Quinn-00-0027040",2016,NA,NA,NA,NA
"251","R.Quinn-00-0027040",2017,NA,NA,NA,NA
"252","R.Quinn-00-0027040",2018,NA,NA,NA,NA
"253","R.Royal-00-0021273",2016,NA,NA,NA,NA
"254","R.Royal-00-0021273",2017,NA,NA,NA,NA
"255","R.Royal-00-0021273",2018,NA,NA,NA,NA
"256","S.Havner-00-0023832",2016,NA,NA,NA,NA
"257","S.Havner-00-0023832",2017,NA,NA,NA,NA
"258","S.Havner-00-0023832",2018,NA,NA,NA,NA
"259","S.Heiden-00-0007213",2016,NA,NA,NA,NA
"260","S.Heiden-00-0007213",2017,NA,NA,NA,NA
"261","S.Heiden-00-0007213",2018,NA,NA,NA,NA
"262","S.Nelson-00-0027088",2016,NA,NA,NA,NA
"263","S.Nelson-00-0027088",2017,NA,NA,NA,NA
"264","S.Nelson-00-0027088",2018,NA,NA,NA,NA
"265","S.Ryan-00-0022817",2016,NA,NA,NA,NA
"266","S.Ryan-00-0022817",2017,NA,NA,NA,NA
"267","S.Ryan-00-0022817",2018,NA,NA,NA,NA
"268","S.Spach-00-0023108",2016,NA,NA,NA,NA
"269","S.Spach-00-0023108",2017,NA,NA,NA,NA
"270","S.Spach-00-0023108",2018,NA,NA,NA,NA
"271","T.Beckum-00-0027070",2016,NA,NA,NA,NA
"272","T.Beckum-00-0027070",2017,NA,NA,NA,NA
"273","T.Beckum-00-0027070",2018,NA,NA,NA,NA
"274","T.Gonzalez-00-0006101",2016,0.0671851169063198,0.0290969034003224,0,0.0962820203066422
"275","T.Gonzalez-00-0006101",2017,NA,NA,NA,NA
"276","T.Gonzalez-00-0006101",2018,NA,NA,NA,NA
"277","T.Heap-00-0020516",2016,NA,NA,NA,NA
"278","T.Heap-00-0020516",2017,NA,NA,NA,NA
"279","T.Heap-00-0020516",2018,NA,NA,NA,NA
"280","T.Humphrey-00-0023210",2016,NA,NA,NA,NA
"281","T.Humphrey-00-0023210",2017,NA,NA,NA,NA
"282","T.Humphrey-00-0023210",2018,NA,NA,NA,NA
"283","T.Santi-00-0026336",2016,NA,NA,NA,NA
"284","T.Santi-00-0026336",2017,NA,NA,NA,NA
"285","T.Santi-00-0026336",2018,NA,NA,NA,NA
"286","T.Scheffler-00-0024276",2016,0.00358789562559477,0.00273045140262906,0,0.00631834702822382
"287","T.Scheffler-00-0024276",2017,NA,NA,NA,NA
"288","T.Scheffler-00-0024276",2018,NA,NA,NA,NA
"289","T.Stewart-00-0020268",2016,NA,NA,NA,NA
"290","T.Stewart-00-0020268",2017,NA,NA,NA,NA
"291","T.Stewart-00-0020268",2018,NA,NA,NA,NA
"292","T.Yoder-00-0019127",2016,NA,NA,NA,NA
"293","T.Yoder-00-0019127",2017,NA,NA,NA,NA
"294","T.Yoder-00-0019127",2018,NA,NA,NA,NA
"295","V.Davis-00-0024221",2016,0.085430750332186,-0.019005308760674,0,0.066425441571512
"296","V.Davis-00-0024221",2017,0.120706785842408,-0.0124602982957247,0,0.108246487546683
"297","V.Davis-00-0024221",2018,0.158399587878371,-0.0546054722759553,0,0.103794115602416
"298","V.Shiancoe-00-0022054",2016,0,0,0,0
"299","V.Shiancoe-00-0022054",2017,NA,NA,NA,NA
"300","V.Shiancoe-00-0022054",2018,NA,NA,NA,NA
"301","W.Heller-00-0021756",2016,NA,NA,NA,NA
"302","W.Heller-00-0021756",2017,NA,NA,NA,NA
"303","W.Heller-00-0021756",2018,NA,NA,NA,NA
"304","Z.Miller-00-0025425",2016,0.0172320630964977,0.0108244259438748,0,0.0280564890403725
"305","Z.Miller-00-0025425",2017,0,0,0,0
"306","Z.Miller-00-0025425",2018,NA,NA,NA,NA
"307","Z.Miller-00-0027125",2016,0.0993690672439895,-0.000942835805832078,0,0.0984262314381574
"308","Z.Miller-00-0027125",2017,0.236603985817284,0.059693907226103,0,0.296297893043387
"309","Z.Miller-00-0027125",2018,0.122449639836575,-0.00185900504546919,0,0.120590634791106
"310","Z.Potter-00-0026658",2016,NA,NA,NA,NA
"311","Z.Potter-00-0026658",2017,NA,NA,NA,NA
"312","Z.Potter-00-0026658",2018,NA,NA,NA,NA
"313","A.Hernandez-00-0027713",2016,NA,NA,NA,NA
"314","A.Hernandez-00-0027713",2017,NA,NA,NA,NA
"315","A.Hernandez-00-0027713",2018,NA,NA,NA,NA
"316","A.Quarless-00-0027753",2016,0.0381021044807048,0.0195249909213621,0,0.0576270954020668
"317","A.Quarless-00-0027753",2017,0.00822206272449543,0.00301845512439073,0,0.0112405178488862
"318","A.Quarless-00-0027753",2018,0,0,0,0
"319","B.Eldridge-00-0027761",2016,NA,NA,NA,NA
"320","B.Eldridge-00-0027761",2017,NA,NA,NA,NA
"321","B.Eldridge-00-0027761",2018,NA,NA,NA,NA
"322","C.Coffman-00-0027069",2016,0.00151681276358829,-0.00218163068942381,0,-0.000664817925835527
"323","C.Coffman-00-0027069",2017,0.000505604254529429,-0.000727210229807938,0,-0.000221605975278509
"324","C.Coffman-00-0027069",2018,0,0,0,0
"325","C.Harbor-00-0027725",2016,0.030723385305628,0.0217887342807125,0,0.0525121195863405
"326","C.Harbor-00-0027725",2017,0.0119682665544397,0.000484680712673633,0,0.0124529472671133
"327","C.Harbor-00-0027725",2018,0.00430626913959899,-0.00231823546469093,0,0.00198803367490806
"328","D.Fells-00-0023752",2016,0.0107014170571345,0.0149263529938283,0,0.0256277700509628
"329","D.Fells-00-0023752",2017,0.00356713901904483,0.00497545099794277,0,0.0085425900169876
"330","D.Fells-00-0023752",2018,0,0,0,0
"331","D.Martin-00-0020332",2016,NA,NA,NA,NA
"332","D.Martin-00-0020332",2017,NA,NA,NA,NA
"333","D.Martin-00-0020332",2018,NA,NA,NA,NA
"334","D.Pitta-00-0027714",2016,0.0197436317888339,0.00479818723182094,0,0.0245418190206549
"335","D.Pitta-00-0027714",2017,0.0314482347262964,-0.00127915975603598,0,0.0301690749702604
"336","D.Pitta-00-0027714",2018,0.0167274534919451,-0.000703357295893877,0,0.0160240961960512
"337","Del.Walker-00-0024389",2016,NA,NA,NA,NA
"338","Del.Walker-00-0024389",2017,NA,NA,NA,NA
"339","Del.Walker-00-0024389",2018,NA,NA,NA,NA
"340","E.Dickson-00-0027675",2016,0.0325563582489569,0.00130130046648808,0,0.033857658715445
"341","E.Dickson-00-0027675",2017,0.0376387842057732,0.000489639945836357,0,0.0381284241516096
"342","E.Dickson-00-0027675",2018,0.0637658080446674,-0.00453416949962925,0,0.0592316385450382
"343","F.Onobun-00-0027769",2016,NA,NA,NA,NA
"344","F.Onobun-00-0027769",2017,NA,NA,NA,NA
"345","F.Onobun-00-0027769",2018,NA,NA,NA,NA
"346","J.Cumberland-00-0027321",2016,0.00809488548314736,0.00733733848745109,0,0.0154322239705984
"347","J.Cumberland-00-0027321",2017,-0.00327523145232462,-0.0020912832655246,0,-0.00536651471784922
"348","J.Cumberland-00-0027321",2018,0,0,0,0
"349","J.Dray-00-0027825",2016,0.00939207102317502,-0.000336337140608454,0,0.00905573388256656
"350","J.Dray-00-0027825",2017,0.00365571079097134,-0.0040009124087057,0,-0.000345201617734357
"351","J.Dray-00-0027825",2018,0.00143807023601774,-0.0017954986516864,0,-0.000357428415668655
"352","J.Graham-00-0027696",2016,0.25642046817892,-0.0749792269770134,0,0.181441241201906
"353","J.Graham-00-0027696",2017,0.484694891187403,0.0019417019164043,0,0.486636593103807
"354","J.Graham-00-0027696",2018,0.264020913074915,-0.157224976416446,0,0.106795936658469
"355","J.Gresham-00-0027873",2016,-0.0440635164181987,0.0231655720025319,0,-0.0208979444156667
"356","J.Gresham-00-0027873",2017,0.126131162200191,0.0255483948330509,0,0.151679557033242
"357","J.Gresham-00-0027873",2018,0.0932905540942343,-0.0141563069248549,0,0.0791342471693794
"358","J.Mastrud-00-0027445",2016,0.00342776388044063,0.00328776637868188,0,0.00671553025912251
"359","J.Mastrud-00-0027445",2017,NA,NA,NA,NA
"360","J.Mastrud-00-0027445",2018,NA,NA,NA,NA
"361","K.Wilson-00-0022714",2016,NA,NA,NA,NA
"362","K.Wilson-00-0022714",2017,NA,NA,NA,NA
"363","K.Wilson-00-0022714",2018,NA,NA,NA,NA
"364","L.Paulsen-00-0027215",2016,0.0131403283218126,0.00978242530364144,0,0.0229227536254541
"365","L.Paulsen-00-0027215",2017,-0.00128654111695994,0.00231156499832871,0,0.00102502388136877
"366","L.Paulsen-00-0027215",2018,0,0,0,0
"367","M.Hoomanawanui-00-0027732",2016,0.0170544300268593,-0.00356340521368978,0,0.0134910248131696
"368","M.Hoomanawanui-00-0027732",2017,0.0066099654690422,-0.0052992573154436,0,0.0013107081535986
"369","M.Hoomanawanui-00-0027732",2018,0.00220332182301407,-0.00176641910514787,0,0.0004369027178662
"370","M.Palmer-00-0027202",2016,0,0,0,0
"371","M.Palmer-00-0027202",2017,0,0,0,0
"372","M.Palmer-00-0027202",2018,NA,NA,NA,NA
"373","M.Shuler-00-0027809",2016,0,0,0,0
"374","M.Shuler-00-0027809",2017,0,0,0,0
"375","M.Shuler-00-0027809",2018,NA,NA,NA,NA
"376","N.Byham-00-0027780",2016,0,0,0,0
"377","N.Byham-00-0027780",2017,NA,NA,NA,NA
"378","N.Byham-00-0027780",2018,NA,NA,NA,NA
"379","R.Gronkowski-00-0027656",2016,0.482695130137884,0.122827703499488,0,0.605522833637372
"380","R.Gronkowski-00-0027656",2017,0.35601645168787,0.0835972147646518,0,0.439613666452522
"381","R.Gronkowski-00-0027656",2018,0.460975574511495,0.0134912211560957,0,0.474466795667591
"382","R.Kelly-00-0009119",2016,NA,NA,NA,NA
"383","R.Kelly-00-0009119",2017,NA,NA,NA,NA
"384","R.Kelly-00-0009119",2018,NA,NA,NA,NA
"385","R.Purvis-00-0026804",2016,NA,NA,NA,NA
"386","R.Purvis-00-0026804",2017,NA,NA,NA,NA
"387","R.Purvis-00-0026804",2018,NA,NA,NA,NA
"388","S.Chandler-00-0025516",2016,0.131667561704411,0.018034740662262,0,0.149702302366673
"389","S.Chandler-00-0025516",2017,0.0487303140017094,-0.00713025302155541,0,0.041600060980154
"390","S.Chandler-00-0025516",2018,0.0112195320955142,-0.00404123842766707,0,0.00717829366784716
"391","T.Crabtree-00-0026878",2016,0,0,0,0
"392","T.Crabtree-00-0026878",2017,NA,NA,NA,NA
"393","T.Crabtree-00-0026878",2018,NA,NA,NA,NA
"394","T.Moeaki-00-0027695",2016,0,0,0,0
"395","T.Moeaki-00-0027695",2017,0,0,0,0
"396","T.Moeaki-00-0027695",2018,0,0,0,0
"397","A.McCoy-00-0027783",2016,NA,NA,NA,NA
"398","A.McCoy-00-0027783",2017,NA,NA,NA,NA
"399","A.McCoy-00-0027783",2018,NA,NA,NA,NA
"400","A.Reisner-00-0028267",2016,0,0,0,0
"401","A.Reisner-00-0028267",2017,NA,NA,NA,NA
"402","A.Reisner-00-0028267",2018,NA,NA,NA,NA
"403","Al.Smith-00-0023506",2016,0,0,0,0
"404","Al.Smith-00-0023506",2017,NA,NA,NA,NA
"405","Al.Smith-00-0023506",2018,NA,NA,NA,NA
"406","C.Cochart-00-0028550",2016,NA,NA,NA,NA
"407","C.Cochart-00-0028550",2017,NA,NA,NA,NA
"408","C.Cochart-00-0028550",2018,NA,NA,NA,NA
"409","C.Franklin-00-0028295",2016,NA,NA,NA,NA
"410","C.Franklin-00-0028295",2017,NA,NA,NA,NA
"411","C.Franklin-00-0028295",2018,NA,NA,NA,NA
"412","D.Ausberry-00-0028179",2016,0,0,0,0
"413","D.Ausberry-00-0028179",2017,0,0,0,0
"414","D.Ausberry-00-0028179",2018,NA,NA,NA,NA
"415","D.Williams-00-0028079",2016,0,0,0,0
"416","D.Williams-00-0028079",2017,NA,NA,NA,NA
"417","D.Williams-00-0028079",2018,NA,NA,NA,NA
"418","G.Graham-00-0027718",2016,0.0206637146411906,0.0102754481568906,0,0.0309391627980812
"419","G.Graham-00-0027718",2017,0.00122415243722683,-0.00641172161192125,0,-0.00518756917469442
"420","G.Graham-00-0027718",2018,-0.00131277009157949,-0.00309733800246781,0,-0.0044101080940473
"421","J.Baker-00-0028291",2016,NA,NA,NA,NA
"422","J.Baker-00-0028291",2017,NA,NA,NA,NA
"423","J.Baker-00-0028291",2018,NA,NA,NA,NA
"424","J.Ballard-00-0027259",2016,0,0,0,0
"425","J.Ballard-00-0027259",2017,NA,NA,NA,NA
"426","J.Ballard-00-0027259",2018,NA,NA,NA,NA
"427","J.Cameron-00-0028040",2016,0.0893954605916,-0.0637871755790444,0,0.0256082850125557
"428","J.Cameron-00-0028040",2017,0.0264025542547481,-0.0534839259101316,0,-0.0270813716553835
"429","J.Cameron-00-0028040",2018,0.00916601522677097,-0.0169865752460134,0,-0.00782056001924248
"430","J.Thomas-00-0028067",2016,0.124713935862805,-0.059024318500969,0,0.0656896173618363
"431","J.Thomas-00-0028067",2017,0.163616166878663,-0.0511017366888228,0,0.11251443018984
"432","J.Thomas-00-0028067",2018,0.0580839121551361,-0.0375789060242907,0,0.0205050061308454
"433","K.Brock-00-0026699",2016,0,0,0,0
"434","K.Brock-00-0026699",2017,0,0,0,0
"435","K.Brock-00-0026699",2018,NA,NA,NA,NA
"436","K.Rudolph-00-0027981",2016,0.0855025941746252,-0.00424032693626218,0,0.081262267238363
"437","K.Rudolph-00-0027981",2017,0.515032553262609,0.0403011122708092,0,0.555333665533418
"438","K.Rudolph-00-0027981",2018,0.351585916070803,-0.00725259244017015,0,0.344333323630633
"439","L.Kendricks-00-0027985",2016,-0.0149769588817478,0.00673796914924817,0,-0.00823898973249963
"440","L.Kendricks-00-0027985",2017,0.0206695952774046,0.0239022373795512,0,0.0445718326569558
"441","L.Kendricks-00-0027985",2018,-0.0138554386207305,-0.0352414523877575,0,-0.0490968910084881
"442","L.Smith-00-0028097",2016,0,0,0,0
"443","L.Smith-00-0028097",2017,0,0,0,0
"444","L.Smith-00-0028097",2018,0,0,0,0
"445","L.Stocker-00-0028042",2016,0,0,0,0
"446","L.Stocker-00-0028042",2017,0,0,0,0
"447","L.Stocker-00-0028042",2018,0,0,0,0
"448","M.Caussin-00-0027500",2016,NA,NA,NA,NA
"449","M.Caussin-00-0027500",2017,NA,NA,NA,NA
"450","M.Caussin-00-0027500",2018,NA,NA,NA,NA
"451","M.Higgins-00-0028522",2016,NA,NA,NA,NA
"452","M.Higgins-00-0028522",2017,NA,NA,NA,NA
"453","M.Higgins-00-0028522",2018,NA,NA,NA,NA
"454","M.Rucker-00-0026251",2016,NA,NA,NA,NA
"455","M.Rucker-00-0026251",2017,NA,NA,NA,NA
"456","M.Rucker-00-0026251",2018,NA,NA,NA,NA
"457","M.Sellers-00-0014655",2016,NA,NA,NA,NA
"458","M.Sellers-00-0014655",2017,NA,NA,NA,NA
"459","M.Sellers-00-0014655",2018,NA,NA,NA,NA
"460","R.Brockel-00-0027583",2016,0,0,0,0
"461","R.Brockel-00-0027583",2017,NA,NA,NA,NA
"462","R.Brockel-00-0027583",2018,NA,NA,NA,NA
"463","R.Gordon-00-0028119",2016,0,0,0,0
"464","R.Gordon-00-0028119",2017,0,0,0,0
"465","R.Gordon-00-0028119",2018,NA,NA,NA,NA
"466","R.Housler-00-0028007",2016,0.0131436780087194,0.0263737571256327,0,0.0395174351343521
"467","R.Housler-00-0028007",2017,-0.000189516976667332,0.00345034721825241,0,0.00326083024158508
"468","R.Housler-00-0028007",2018,0,0,0,0
"469","V.Green-00-0028142",2016,0,0,0,0
"470","V.Green-00-0028142",2017,0.0831988294838761,0.0229106262337773,0,0.106109455717653
"471","V.Green-00-0028142",2018,0.0499346346235525,0.00557994971987826,0,0.0555145843434307
"472","W.Saunders-00-0028270",2016,0,0,0,0
"473","W.Saunders-00-0028270",2017,NA,NA,NA,NA
"474","W.Saunders-00-0028270",2018,NA,NA,NA,NA
"475","W.Yeatman-00-0028253",2016,NA,NA,NA,NA
"476","W.Yeatman-00-0028253",2017,NA,NA,NA,NA
"477","W.Yeatman-00-0028253",2018,NA,NA,NA,NA
"478","Z.Pianalto-00-0028509",2016,NA,NA,NA,NA
"479","Z.Pianalto-00-0028509",2017,NA,NA,NA,NA
"480","Z.Pianalto-00-0028509",2018,NA,NA,NA,NA
"481","C.Fleener-00-0029697",2016,0.0467211847612463,0.0124909283925109,0,0.0592121131537572
"482","C.Fleener-00-0029697",2017,0.142257265073112,-0.012465361056755,0,0.129791904016357
"483","C.Fleener-00-0029697",2018,0.122630398246511,-0.0255269597915519,0,0.0971034384549589
"484","C.Harkey-00-0028958",2016,0.00420359563360643,0.0066503757935292,0,0.0108539714271356
"485","C.Harkey-00-0028958",2017,0,0,0,0
"486","C.Harkey-00-0028958",2018,0,0,0,0
"487","D.Allen-00-0029689",2016,0.0677004686219969,0.00589374756545032,0,0.0735942161874472
"488","D.Allen-00-0029689",2017,0.200047447489363,0.0252507491923288,0,0.225298196681692
"489","D.Allen-00-0029689",2018,0.103740342211877,-0.00654775223088744,0,0.0971925899809899
"490","D.Dickerson-00-0027819",2016,NA,NA,NA,NA
"491","D.Dickerson-00-0027819",2017,NA,NA,NA,NA
"492","D.Dickerson-00-0027819",2018,NA,NA,NA,NA
"493","D.Epps-00-0027827",2016,NA,NA,NA,NA
"494","D.Epps-00-0027827",2017,NA,NA,NA,NA
"495","D.Epps-00-0027827",2018,NA,NA,NA,NA
"496","D.Paulson-00-0029218",2016,0,0,0,0
"497","D.Paulson-00-0029218",2017,NA,NA,NA,NA
"498","D.Paulson-00-0029218",2018,NA,NA,NA,NA
"499","G.Celek-00-0028903",2016,0.0546188000172787,-0.0106338868731111,0,0.0439849131441677
"500","G.Celek-00-0028903",2017,0.166387415959936,-0.0277856760397846,0,0.138601739920151
"501","G.Celek-00-0028903",2018,0.108395117101576,-0.0248933242807386,0,0.0835017928208371
"502","H.Smith-00-0028842",2016,NA,NA,NA,NA
"503","H.Smith-00-0028842",2017,NA,NA,NA,NA
"504","H.Smith-00-0028842",2018,NA,NA,NA,NA
"505","J.Hanna-00-0029634",2016,0.00342552128196758,0.00405015877299606,0,0.00747568005496363
"506","J.Hanna-00-0029634",2017,0,0,0,0
"507","J.Hanna-00-0029634",2018,0,0,0,0
"508","K.Adams-00-0028337",2016,NA,NA,NA,NA
"509","K.Adams-00-0028337",2017,NA,NA,NA,NA
"510","K.Adams-00-0028337",2018,NA,NA,NA,NA
"511","K.Reuland-00-0028238",2016,0,0,0,0
"512","K.Reuland-00-0028238",2017,NA,NA,NA,NA
"513","K.Reuland-00-0028238",2018,NA,NA,NA,NA
"514","L.Green-00-0029275",2016,0.0790649886343017,0.0284477583709273,0,0.107512747005229
"515","L.Green-00-0029275",2017,0.128333384408417,0.00962764657248499,0,0.137961030980902
"516","L.Green-00-0029275",2018,0.0656780380657809,0.00176170204317886,0,0.0674397401089598
"517","M.McNeill-00-0028651",2016,0,0,0,0
"518","M.McNeill-00-0028651",2017,NA,NA,NA,NA
"519","M.McNeill-00-0028651",2018,NA,NA,NA,NA
"520","N.Paul-00-0028093",2016,0.0270745461784764,0.0420713944753467,0,0.069145940653823
"521","N.Paul-00-0028093",2017,0.00902484872615879,0.0140237981584489,0,0.0230486468846077
"522","N.Paul-00-0028093",2018,0.00953655279617355,-0.0145801083940763,0,-0.00504355559790278
"523","None-00-0022054",2016,NA,NA,NA,NA
"524","None-00-0022054",2017,NA,NA,NA,NA
"525","None-00-0022054",2018,NA,NA,NA,NA
"526","O.Charles-00-0029414",2016,0,0,0,0
"527","O.Charles-00-0029414",2017,NA,NA,NA,NA
"528","O.Charles-00-0029414",2018,0,0,0,0
"529","R.Ellison-00-0029587",2016,-0.0106354147594725,0.0107178444580767,0,8.24296986041209e-05
"530","R.Ellison-00-0029587",2017,-0.00603422867158801,0.00204111964872431,0,-0.00399310902286369
"531","R.Ellison-00-0029587",2018,0.00616670584957797,-0.00321465705902763,0,0.00295204879055034
"532","R.Taylor-00-0028156",2016,0,0,0,0
"533","R.Taylor-00-0028156",2017,NA,NA,NA,NA
"534","R.Taylor-00-0028156",2018,NA,NA,NA,NA
"535","S.Maneri-00-0027567",2016,0,0,0,0
"536","S.Maneri-00-0027567",2017,0,0,0,0
"537","S.Maneri-00-0027567",2018,NA,NA,NA,NA
"538","T.Gallarda-00-0028406",2016,NA,NA,NA,NA
"539","T.Gallarda-00-0028406",2017,NA,NA,NA,NA
"540","T.Gallarda-00-0028406",2018,NA,NA,NA,NA
"541","T.Thompson-00-0029590",2016,0,0,0,0
"542","T.Thompson-00-0029590",2017,0,0,0,0
"543","T.Thompson-00-0029590",2018,NA,NA,NA,NA
"544","B.Bostick-00-0029601",2016,0.00396934168046198,0.00348670644313661,0,0.00745604812359859
"545","B.Bostick-00-0029601",2017,0,0,0,0
"546","B.Bostick-00-0029601",2018,0,0,0,0
"547","C.Clay-00-0028112",2016,0.0463642457299419,0.0540283898967095,-2.94928830399962e-05,0.100363142743611
"548","C.Clay-00-0028112",2017,0.176536562402649,0.0430053258240984,0,0.219541888226747
"549","C.Clay-00-0028112",2018,0.0470502586108042,-0.0110364083004049,0,0.0360138503103993
"550","C.Ford-00-0029432",2016,0.029711858639314,0.0207820655943264,0,0.0504939242336404
"551","C.Ford-00-0029432",2017,0.00845999940061188,0.0053225991546819,0,0.0137825985552938
"552","C.Ford-00-0029432",2018,NA,NA,NA,NA
"553","C.Gragg-00-0030049",2016,0.0117994456492902,-0.0067657784774345,0,0.00503366717185572
"554","C.Gragg-00-0030049",2017,0.00707966738957413,-0.0040594670864607,0,0.00302020030311343
"555","C.Gragg-00-0030049",2018,0.00235988912985804,-0.0013531556954869,0,0.00100673343437114
"556","D.Noble-00-0029183",2016,0,0,0,0
"557","D.Noble-00-0029183",2017,NA,NA,NA,NA
"558","D.Noble-00-0029183",2018,NA,NA,NA,NA
"559","D.Sims-00-0030422",2016,0.0426790075372534,-0.00854143245987493,0,0.0341375750773784
"560","D.Sims-00-0030422",2017,0.0897604428059074,0.0264647435999589,0,0.116225186405866
"561","D.Sims-00-0030422",2018,0.0378075243215009,-0.0104351645980655,0,0.0273723597234354
"562","E.Rodriguez-00-0029276",2016,0,0,0,0
"563","E.Rodriguez-00-0029276",2017,NA,NA,NA,NA
"564","E.Rodriguez-00-0029276",2018,NA,NA,NA,NA
"565","G.Escobar-00-0030544",2016,0.00476227849570111,0.00309250551117923,0,0.00785478400688034
"566","G.Escobar-00-0030544",2017,0,0,0,0
"567","G.Escobar-00-0030544",2018,0,0,0,0
"568","J.Doyle-00-0030181",2016,-0.0086264823538892,0.0207293880497045,0,0.0121029056958153
"569","J.Doyle-00-0030181",2017,0.190884339644317,0.0327845634137105,0,0.223668903058027
"570","J.Doyle-00-0030181",2018,0.119221477669146,-0.059199693471719,0,0.0600217841974266
"571","J.Fauria-00-0029883",2016,0.0112256404331369,0.00553009117746838,0,0.0167557316106053
"572","J.Fauria-00-0029883",2017,0,0,0,0
"573","J.Fauria-00-0029883",2018,NA,NA,NA,NA
"574","J.Hill-00-0030216",2016,0.00636360450857905,-0.00171382286962748,0,0.00464978163895157
"575","J.Hill-00-0030216",2017,0.040846735432608,0.00135097916256136,0,0.0421977145951693
"576","J.Hill-00-0030216",2018,0.0117834056026703,-0.0263175608437171,0,-0.0145341552410468
"577","J.Reed-00-0030472",2016,0.115608680040301,0.126658919077369,0,0.24226759911767
"578","J.Reed-00-0030472",2017,0.319214227224812,0.123235612616168,0,0.44244983984098
"579","J.Reed-00-0030472",2018,0.198381184850866,0.0427495644647128,0,0.241130749315578
"580","L.Donnell-00-0028838",2016,0.0795104555955762,-0.0695485586406112,0,0.00996189695496497
"581","L.Donnell-00-0028838",2017,0.0609808247634125,-0.0396440591036577,0,0.0213367656597548
"582","L.Donnell-00-0028838",2018,0.021220548946662,-0.0107343051354865,0,0.0104862438111755
"583","L.Toilolo-00-0030443",2016,-0.0145668493053118,0.00320760066910398,0,-0.0113592486362079
"584","L.Toilolo-00-0030443",2017,0.0429526844677407,0.0162831099036675,0,0.0592357943714082
"585","L.Toilolo-00-0030443",2018,0.0295090145801668,0.0097551836189029,0,0.0392641981990697
"586","L.Willson-00-0030089",2016,0.00149435224186955,0.0300459850156393,0,0.0315403372575088
"587","L.Willson-00-0030089",2017,0.0549028568868386,0.0137580794239454,0,0.068660936310784
"588","L.Willson-00-0030089",2018,0.0143557536454502,-0.011117044889733,0,0.00323870875571724
"589","M.Egnew-00-0029694",2016,0,0,0,0
"590","M.Egnew-00-0029694",2017,NA,NA,NA,NA
"591","M.Egnew-00-0029694",2018,NA,NA,NA,NA
"592","M.Gray-00-0029878",2016,0,0,4.2195628740626e-05,4.2195628740626e-05
"593","M.Gray-00-0029878",2017,0.0448795258123526,0.00903758688385033,0,0.0539171126962029
"594","M.Gray-00-0029878",2018,0.0269277154874116,0.0054225521303102,0.00188998663342936,0.0342402542511511
"595","M.Rivera-00-0030514",2016,0.110514261469641,-0.0661684050013133,0,0.0443458564683274
"596","M.Rivera-00-0030514",2017,0.117717512656346,-0.0227607435630987,0,0.0949567690932476
"597","M.Rivera-00-0030514",2018,0.056198968927113,0.00114295333767453,0,0.0573419222647875
"598","N.Kasa-00-0030512",2016,0,0,0,0
"599","N.Kasa-00-0030512",2017,NA,NA,NA,NA
"600","N.Kasa-00-0030512",2018,NA,NA,NA,NA
"601","R.Griffin-00-0030108",2016,0.0435217029465669,0.0123766060284259,0,0.0558983089749928
"602","R.Griffin-00-0030108",2017,0.221458430312462,0.0151740950131775,0,0.236632525325639
"603","R.Griffin-00-0030108",2018,0.143884495612305,-0.00707753718837831,0,0.136806958423927
"604","S.McGrath-00-0029391",2016,0.0126573367565369,0.0105613405347287,0,0.0232186772912655
"605","S.McGrath-00-0029391",2017,0,0,0,0
"606","S.McGrath-00-0029391",2018,0,0,0,0
"607","T.Eifert-00-0030549",2016,0.262299607163239,0.00014392492295311,0,0.262443532086192
"608","T.Eifert-00-0030549",2017,0.316294790278614,-0.00119900851645961,0,0.315095781762154
"609","T.Eifert-00-0030549",2018,0.150160747590413,0.00113828211868308,0,0.151299029709096
"610","T.Wright-00-0029910",2016,0.0696731667481481,0.030952253807232,0,0.10062542055538
"611","T.Wright-00-0029910",2017,0.00952322158453219,0.00279691706380071,0,0.0123201386483329
"612","T.Wright-00-0029910",2018,0,0,0,0
"613","V.McDonald-00-0030470",2016,-0.0199906814236493,-0.00441507318754766,0,-0.0244057546111969
"614","V.McDonald-00-0030470",2017,0.0844273027023941,0.0325050839588171,0,0.116932386661211
"615","V.McDonald-00-0030470",2018,0.0548995603208826,0.00312495457277425,0,0.0580245148936569
"616","Z.Ertz-00-0030061",2016,0.299664423869522,-0.079459487691824,0,0.220204936177698
"617","Z.Ertz-00-0030061",2017,0.488231600681327,-0.0581603638934913,0,0.430071236787836
"618","Z.Ertz-00-0030061",2018,0.361550949080033,-0.13620341901678,0,0.225347530063253
"619","Z.Sudfeld-00-0029999",2016,0,0,0,0
"620","Z.Sudfeld-00-0029999",2017,0,0,0,0
"621","Z.Sudfeld-00-0029999",2018,NA,NA,NA,NA
"622","A.Cleveland-00-0030832",2016,0,0,0,0
"623","A.Cleveland-00-0030832",2017,0,0,0,0
"624","A.Cleveland-00-0030832",2018,NA,NA,NA,NA
"625","A.Robinson-00-0029281",2016,0,0,0,0
"626","A.Robinson-00-0029281",2017,0,0,0,0
"627","A.Robinson-00-0029281",2018,NA,NA,NA,NA
"628","A.Seferian-Jenkins-00-0031418",2016,0.151176330108252,-0.0239174454206867,0,0.127258884687566
"629","A.Seferian-Jenkins-00-0031418",2017,0.147326385254613,-0.00961424299192279,0,0.13771214226269
"630","A.Seferian-Jenkins-00-0031418",2018,0.0638355973369698,-0.0860216119519567,0,-0.0221860146149869
"631","B.Leonhardt-00-0029755",2016,0,0,0,0
"632","B.Leonhardt-00-0029755",2017,0,0,0,0
"633","B.Leonhardt-00-0029755",2018,0,0,0,0
"634","B.Williams-00-0029793",2016,0,0,0,0
"635","B.Williams-00-0029793",2017,0,0,0,0
"636","B.Williams-00-0029793",2018,0,0,0,0
"637","C.Brate-00-0031273",2016,0.0639890536696078,-0.0149186190861667,0,0.0490704345834411
"638","C.Brate-00-0031273",2017,0.449009584366756,0.0564301113037611,0,0.505439695670517
"639","C.Brate-00-0031273",2018,0.35909743447935,-0.0471001662921467,0,0.311997268187203
"640","C.Fiedorowicz-00-0031302",2016,0.0110114741797724,-0.0188707537774554,0,-0.00785927959768305
"641","C.Fiedorowicz-00-0031302",2017,0.240273961331407,-0.0213301669035511,0,0.218943794427856
"642","C.Fiedorowicz-00-0031302",2018,0.141674971635368,-0.029516959332324,0,0.112158012303044
"643","C.Gillmore-00-0030992",2016,0.000383359481284972,0.0027271194688035,0,0.00311047895008847
"644","C.Gillmore-00-0030992",2017,0.00159229439093349,0.00159161091722612,0,0.00318390530815961
"645","C.Gillmore-00-0030992",2018,0.00109838092287887,0.000511928320718717,0,0.00161030924359759
"646","C.Helfet-00-0029534",2016,0.0265239128752248,-0.0114883622855255,0,0.0150355505896993
"647","C.Helfet-00-0029534",2017,0.0117049651883666,-0.00601615438317093,0,0.00568881080519569
"648","C.Helfet-00-0029534",2018,0.00214774567246876,-0.00164002521599682,0,0.000507720456471933
"649","D.Carrier-00-0029119",2016,0.00910056221107178,-0.0114412837017598,0,-0.00234072149068805
"650","D.Carrier-00-0029119",2017,0.00546033732664307,-0.0068647702210559,0,-0.00140443289441283
"651","D.Carrier-00-0029119",2018,0.00182011244221436,-0.00228825674035197,0,-0.000468144298137611
"652","D.Fells-00-0029738",2016,0.0474431363306038,-0.00469400876856811,0,0.0427491275620357
"653","D.Fells-00-0029738",2017,0.070701107548882,0.00964829984176035,0,0.0803494073906423
"654","D.Fells-00-0029738",2018,0.0295938198649401,0.0104910208542425,0,0.0400848407191826
"655","D.Harris-00-0030155",2016,0,0,0,0
"656","D.Harris-00-0030155",2017,0.0636383789417417,-0.00577576028509561,0,0.0578626186566461
"657","D.Harris-00-0030155",2018,0.0393571466417762,-0.0178621171877159,0,0.0214950294540603
"658","E.Ebron-00-0031387",2016,0.058215503237495,-0.0217672578790551,0,0.0364482453584398
"659","E.Ebron-00-0031387",2017,0.317365608247908,0.0159217582220538,0,0.333287366469962
"660","E.Ebron-00-0031387",2018,0.162321430875157,-0.068432046184285,0,0.0938893846908718
"661","G.Robinson-00-0028892",2016,0,0,0,0
"662","G.Robinson-00-0028892",2017,0,0,0,0
"663","G.Robinson-00-0028892",2018,NA,NA,NA,NA
"664","J.Amaro-00-0031042",2016,0.0229447129203172,0.0201526991119751,0,0.0430974120322922
"665","J.Amaro-00-0031042",2017,0.00764823764010572,0.00671756637065836,0,0.0143658040107641
"666","J.Amaro-00-0031042",2018,0,0,0,0
"667","M.Jensen-00-0030822",2016,0,0,0,0
"668","M.Jensen-00-0030822",2017,0,0,0,0
"669","M.Jensen-00-0030822",2018,NA,NA,NA,NA
"670","N.Jacobs-00-0030806",2016,0,0,0,0
"671","N.Jacobs-00-0030806",2017,0,0,0,0
"672","N.Jacobs-00-0030806",2018,0,0,0,0
"673","None-00-0030647",2016,0,0,0,0
"674","None-00-0030647",2017,0,0,0,0
"675","None-00-0030647",2018,NA,NA,NA,NA
"676","P.Supernaw-00-0028987",2016,0,0,0,0
"677","P.Supernaw-00-0028987",2017,0,0,0,0
"678","P.Supernaw-00-0028987",2018,0,0,0,0
"679","R.Hewitt-00-0030780",2016,-0.00521968272611977,0.00330809432186879,0,-0.00191158840425098
"680","R.Hewitt-00-0030780",2017,-0.00173989424203992,0.0011026981072896,0,-0.000637196134750327
"681","R.Hewitt-00-0030780",2018,0,0,0,0
"682","R.Rodgers-00-0031384",2016,0.0977170983469861,-0.0636725674507859,0,0.0340445308962001
"683","R.Rodgers-00-0031384",2017,0.136878549849631,-0.0381549961845588,0,0.0987235536650721
"684","R.Rodgers-00-0031384",2018,0.0728630177537635,-0.0184893153772695,0,0.0543737023764941
"685","T.Kelce-00-0030506",2016,0.171505024668706,0.100372439828398,0,0.271877464497104
"686","T.Kelce-00-0030506",2017,0.427992702155376,0.389813422986963,0,0.817806125142338
"687","T.Kelce-00-0030506",2018,0.44209553778872,0.142450569466131,0,0.584546107254851
"688","T.Niklas-00-0031044",2016,0,0,0,0
"689","T.Niklas-00-0031044",2017,0,0,0,0
"690","T.Niklas-00-0031044",2018,0.00408164578111662,-0.00487629378377042,0,-0.000794648002653805
"691","B.Bell-00-0032062",2016,-0.000980364425860078,-0.0102748471677534,0,-0.0112552115936135
"692","B.Bell-00-0032062",2017,-0.000588218655516047,-0.00616490830065207,0,-0.00675312695616811
"693","B.Bell-00-0032062",2018,-0.000196072885172016,-0.00205496943355069,0,-0.0022510423187227
"694","B.Parker-00-0032089",2016,0,0,0,0
"695","B.Parker-00-0032089",2017,0,0,0,0
"696","B.Parker-00-0032089",2018,0,0,0,0
"697","C.Uzomah-00-0032134",2016,0,0,0,0
"698","C.Uzomah-00-0032134",2017,0.09066790424352,0.00166008961327404,0,0.092327993856794
"699","C.Uzomah-00-0032134",2018,0.054400742546112,0.000996053767964423,0,0.0553967963140764
"700","C.Walford-00-0032256",2016,0.0196900743692393,-0.0179812036793664,0,0.00170887068987283
"701","C.Walford-00-0032256",2017,0.165992784489404,0.00667744407543224,0,0.172670228564836
"702","C.Walford-00-0032256",2018,0.0964452587945639,0.00688345903395798,0,0.103328717828522
"703","E.Bibbs-00-0031968",2016,0,0,0,0
"704","E.Bibbs-00-0031968",2017,0,0,0,0
"705","E.Bibbs-00-0031968",2018,0,0,0,0
"706","G.Swaim-00-0032141",2016,0,0,0,0
"707","G.Swaim-00-0032141",2017,0,0,0,0
"708","G.Swaim-00-0032141",2018,0,0,0,0
"709","J.Cunningham-00-0031462",2016,0.00699086528987589,-0.00996749479439389,0,-0.002976629504518
"710","J.Cunningham-00-0031462",2017,0.00419451917392553,-0.00598049687663633,0,-0.0017859777027108
"711","J.Cunningham-00-0031462",2018,0.00139817305797518,-0.00199349895887878,0,-0.0005953259009036
"712","J.James-00-0032135",2016,0,0,0,0
"713","J.James-00-0032135",2017,0.105239233952703,-0.0179457904839584,0,0.0872934434687443
"714","J.James-00-0032135",2018,0.0688781651750116,-0.0277528428093983,0,0.0411253223656133
"715","J.Perillo-00-0030758",2016,0,0,0,0
"716","J.Perillo-00-0030758",2017,0,0,0,0
"717","J.Perillo-00-0030758",2018,0,0,0,0
"718","J.Stoneburner-00-0030272",2016,0,0,0,0
"719","J.Stoneburner-00-0030272",2017,0,0,0,0
"720","J.Stoneburner-00-0030272",2018,0,0,0,0
"721","K.Lee-00-0031922",2016,0,0,0,0
"722","K.Lee-00-0031922",2017,0,0,0,0
"723","K.Lee-00-0031922",2018,0,0,0,0
"724","M.LaCosse-00-0031744",2016,0,0,0,0
"725","M.LaCosse-00-0031744",2017,0,0,0,0
"726","M.LaCosse-00-0031744",2018,0,0,0,0
"727","M.Pruitt-00-0031585",2016,0,0,0,0
"728","M.Pruitt-00-0031585",2017,0,0,0,0
"729","M.Pruitt-00-0031585",2018,0,0,0,0
"730","M.Williams-00-0030110",2016,0,0,0,0
"731","M.Williams-00-0030110",2017,0,0,0,0
"732","M.Williams-00-0030110",2018,0,0,0,0
"733","M.Williams-00-0031558",2016,-0.0346319436267279,-0.0138038564312849,0,-0.0484358000580128
"734","M.Williams-00-0031558",2017,-0.0207791661760367,-0.00828231385877097,0,-0.0290614800348077
"735","M.Williams-00-0031558",2018,-0.0203345799000747,-0.00163378104894676,0,-0.0219683609490215
"736","N.Boyle-00-0031598",2016,0.0035737889919011,0.00029051690899016,0,0.00386430590089126
"737","N.Boyle-00-0031598",2017,0.00214427339514066,0.000174310145394096,0,0.00231858354053476
"738","N.Boyle-00-0031598",2018,-0.00911541412114706,-0.00407751834585974,0,-0.0131929324670068
"739","None-00-0031951",2016,0,0,0,0
"740","None-00-0031951",2017,0,0,0,0
"741","None-00-0031951",2018,0.00593190967104511,-0.0165616587681687,0,-0.0106297490971236
"742","None-00-0032117",2016,0,0,0,0
"743","None-00-0032117",2017,0,0,0,0
"744","None-00-0032117",2018,0.0278361320190879,-0.0142883385050182,0,0.0135477935140698
"745","S.Simonson-00-0031167",2016,0,0,0,0
"746","S.Simonson-00-0031167",2017,0,0,0,0
"747","S.Simonson-00-0031167",2018,0,0,0,0
"748","T.Burton-00-0030710",2016,0,0,0,0
"749","T.Burton-00-0030710",2017,0.109296485887009,0.0217730927755678,0,0.131069578662577
"750","T.Burton-00-0030710",2018,0.123850284762651,-0.00615750744224606,0,0.117692777320405
"751","T.Kroft-00-0032214",2016,0,0,0,0
"752","T.Kroft-00-0032214",2017,0,0,0,0
"753","T.Kroft-00-0032214",2018,0.0485777406371637,-0.00895255282470578,0,0.0396251878124579
"754","W.Tye-00-0032004",2016,0.0710149937567611,-0.021288255290154,0,0.0497267384666071
"755","W.Tye-00-0032004",2017,0.111632972602122,-0.00929461646720183,0,0.10233835613492
"756","W.Tye-00-0032004",2018,0.0556173845601916,-0.00217064903389646,0,0.0534467355262951
"757","A.Derby-00-0031609",2016,NA,NA,NA,NA
"758","A.Derby-00-0031609",2017,0.0418972508442638,0.0157429403932818,0,0.0576401912375457
"759","A.Derby-00-0031609",2018,0.04289763702307,-0.0372163973269286,0,0.00568123969614134
"760","A.Ellis-00-0032864",2016,NA,NA,NA,NA
"761","A.Ellis-00-0032864",2017,0,0,0,0
"762","A.Ellis-00-0032864",2018,0,0,0,0
"763","A.Hooper-00-0032392",2016,NA,NA,NA,NA
"764","A.Hooper-00-0032392",2017,0.0998414119670444,0.0115641197475667,0,0.111405531714611
"765","A.Hooper-00-0032392",2018,-7.23508849666728e-05,-0.0212105772069392,0,-0.0212829280919059
"766","B.Bowman-00-0032515",2016,NA,NA,NA,NA
"767","B.Bowman-00-0032515",2017,0,0,0,0
"768","B.Bowman-00-0032515",2018,0,0,0,0
"769","B.Braunecker-00-0032661",2016,NA,NA,NA,NA
"770","B.Braunecker-00-0032661",2017,0,0,0,0
"771","B.Braunecker-00-0032661",2018,0,0,0,0
"772","B.Koyack-00-0032139",2016,NA,NA,NA,NA
"773","B.Koyack-00-0032139",2017,0.0714357102467345,0.0126502103945543,0,0.0840859206412888
"774","B.Koyack-00-0032139",2018,0.0428614261480407,0.0075901262367326,0,0.0504515523847733
"775","C.Hamlett-00-0031732",2016,NA,NA,NA,NA
"776","C.Hamlett-00-0031732",2017,0,0,0,0
"777","C.Hamlett-00-0031732",2018,0,0,0,0
"778","C.Manhertz-00-0031484",2016,NA,NA,NA,NA
"779","C.Manhertz-00-0031484",2017,0,0,0,0
"780","C.Manhertz-00-0031484",2018,0,0,0,0
"781","C.Wick-00-0032562",2016,NA,NA,NA,NA
"782","C.Wick-00-0032562",2017,0,0,0,0
"783","C.Wick-00-0032562",2018,0,0,0,0
"784","D.Brown-00-0032098",2016,NA,NA,NA,NA
"785","D.Brown-00-0032098",2017,0.0600869766690178,0.00676629477645294,0,0.0668532714454707
"786","D.Brown-00-0032098",2018,0.0431169084879184,-0.00404218321991746,0,0.039074725268001
"787","D.Jones-00-0028994",2016,NA,NA,NA,NA
"788","D.Jones-00-0028994",2017,0,0,0,0
"789","D.Jones-00-0028994",2018,0,0,0,0
"790","D.Morgan-00-0032430",2016,NA,NA,NA,NA
"791","D.Morgan-00-0032430",2017,0,0,0,0
"792","D.Morgan-00-0032430",2018,0,0,0,0
"793","D.Tialavea-00-0030828",2016,NA,NA,NA,NA
"794","D.Tialavea-00-0030828",2017,0,0,0,0
"795","D.Tialavea-00-0030828",2018,0,0,0,0
"796","D.Waller-00-0031610",2016,NA,NA,NA,NA
"797","D.Waller-00-0031610",2017,0.0331962453672424,0.00137844794467646,0,0.0345746933119188
"798","D.Waller-00-0031610",2018,0.0199177472203454,0.000827068766805877,0,0.0207448159871513
"799","E.Swoope-00-0030854",2016,NA,NA,NA,NA
"800","E.Swoope-00-0030854",2017,0.0663146249785461,0.0203125991884822,0,0.0866272241670283
"801","E.Swoope-00-0030854",2018,0.0397887749871277,0.0121875595130893,0,0.051976334500217
"802","G.Christian-00-0032190",2016,NA,NA,NA,NA
"803","G.Christian-00-0032190",2017,0,0,0,0
"804","G.Christian-00-0032190",2018,0,0,0,0
"805","H.Henry-00-0033090",2016,NA,NA,NA,NA
"806","H.Henry-00-0033090",2017,0.232309409616812,0.0405720686478773,0,0.27288147826469
"807","H.Henry-00-0033090",2018,0.277196725494238,0.0272664659281888,0,0.304463191422427
"808","H.Krieger Coble-00-0032523",2016,NA,NA,NA,NA
"809","H.Krieger Coble-00-0032523",2017,0,0,0,0
"810","H.Krieger Coble-00-0032523",2018,0,0,0,0
"811","H.Valles-00-0032508",2016,NA,NA,NA,NA
"812","H.Valles-00-0032508",2017,0,0,0,0
"813","H.Valles-00-0032508",2018,0,0,0,0
"814","I.Momah-00-0029740",2016,NA,NA,NA,NA
"815","I.Momah-00-0029740",2017,0,0,0,0
"816","I.Momah-00-0029740",2018,0,0,0,0
"817","J.Adams-00-0032429",2016,NA,NA,NA,NA
"818","J.Adams-00-0032429",2017,0.0472448922165289,0.0144095955172169,0,0.0616544877337458
"819","J.Adams-00-0032429",2018,0.0283469353299173,0.00864575731033017,0,0.0369926926402475
"820","J.Hamm-00-0030805",2016,NA,NA,NA,NA
"821","J.Hamm-00-0030805",2017,0,0,0,0
"822","J.Hamm-00-0030805",2018,0,0,0,0
"823","J.Heuerman-00-0032227",2016,NA,NA,NA,NA
"824","J.Heuerman-00-0032227",2017,0.0412953432310961,0.0128736376564086,0,0.0541689808875047
"825","J.Heuerman-00-0032227",2018,0.0212614620689889,-0.0113662665076616,0,0.0098951955613273
"826","J.Perkins-00-0032599",2016,NA,NA,NA,NA
"827","J.Perkins-00-0032599",2017,0,0,0,0
"828","J.Perkins-00-0032599",2018,0,0,0,0
"829","M.Lengel-00-0031788",2016,NA,NA,NA,NA
"830","M.Lengel-00-0031788",2017,0,0,0,0
"831","M.Lengel-00-0031788",2018,0,0,0,0
"832","N.Sterling-00-0032120",2016,NA,NA,NA,NA
"833","N.Sterling-00-0032120",2017,0.0493178648297659,0.0101718303065141,0,0.0594896951362801
"834","N.Sterling-00-0032120",2018,0.0295907188978596,0.00610309818390847,0,0.035693817081768
"835","N.Vannett-00-0032394",2016,NA,NA,NA,NA
"836","N.Vannett-00-0032394",2017,0,0,0,0
"837","N.Vannett-00-0032394",2018,0,0,0,0
"838","R.Telfer-00-0031533",2016,NA,NA,NA,NA
"839","R.Telfer-00-0031533",2017,0,0,0,0
"840","R.Telfer-00-0031533",2018,0,0,0,0
"841","R.Travis-00-0032319",2016,NA,NA,NA,NA
"842","R.Travis-00-0032319",2017,0,0,0,0
"843","R.Travis-00-0032319",2018,0,0,0,0
"844","S.Anderson-00-0032725",2016,NA,NA,NA,NA
"845","S.Anderson-00-0032725",2017,0,0,0,0
"846","S.Anderson-00-0032725",2018,-0.0404092640096692,-0.0794662208940139,0,-0.119875484903683
"847","S.DeValve-00-0033080",2016,NA,NA,NA,NA
"848","S.DeValve-00-0033080",2017,0,0,0,0
"849","S.DeValve-00-0033080",2018,0.0153212565588407,-0.0360735060452027,0,-0.0207522494863621
"850","T.Higbee-00-0033110",2016,NA,NA,NA,NA
"851","T.Higbee-00-0033110",2017,0.0433244850466255,-0.0187399941922736,0,0.0245844908543519
"852","T.Higbee-00-0033110",2018,0.0475621905388055,-0.0671916331283586,0,-0.0196294425895531
"853","X.Grimble-00-0031035",2016,NA,NA,NA,NA
"854","X.Grimble-00-0031035",2017,0.0444853168418129,0.00219449395874028,0,0.0466798108005532
"855","X.Grimble-00-0031035",2018,0.0266911901050878,0.00131669637524417,0,0.0280078864803319
"856","A.Auclair-00-0033421",2016,NA,NA,NA,NA
"857","A.Auclair-00-0033421",2017,NA,NA,NA,NA
"858","A.Auclair-00-0033421",2018,0,0,0,0
"859","A.Cross-00-0032745",2016,NA,NA,NA,NA
"860","A.Cross-00-0032745",2017,NA,NA,NA,NA
"861","A.Cross-00-0032745",2018,0,0,0,0
"862","A.Shaheen-00-0033896",2016,NA,NA,NA,NA
"863","A.Shaheen-00-0033896",2017,NA,NA,NA,NA
"864","A.Shaheen-00-0033896",2018,0,0,0,0
"865","A.Traylor-00-0033043",2016,NA,NA,NA,NA
"866","A.Traylor-00-0033043",2017,NA,NA,NA,NA
"867","A.Traylor-00-0033043",2018,0,0,0,0
"868","C.Carter-00-0033338",2016,NA,NA,NA,NA
"869","C.Carter-00-0033338",2017,NA,NA,NA,NA
"870","C.Carter-00-0033338",2018,0,0,0,0
"871","C.Hikutini-00-0033315",2016,NA,NA,NA,NA
"872","C.Hikutini-00-0033315",2017,NA,NA,NA,NA
"873","C.Hikutini-00-0033315",2018,0,0,0,0
"874","D.Daniels-00-0033258",2016,NA,NA,NA,NA
"875","D.Daniels-00-0033258",2017,NA,NA,NA,NA
"876","D.Daniels-00-0033258",2018,0,0,0,0
"877","D.Njoku-00-0033885",2016,NA,NA,NA,NA
"878","D.Njoku-00-0033885",2017,NA,NA,NA,NA
"879","D.Njoku-00-0033885",2018,0.0350607684362079,-0.0182553487580774,0,0.0168054196781304
"880","E.Byrd-00-0033514",2016,NA,NA,NA,NA
"881","E.Byrd-00-0033514",2017,NA,NA,NA,NA
"882","E.Byrd-00-0033514",2018,0,0,0,0
"883","E.Engram-00-0033881",2016,NA,NA,NA,NA
"884","E.Engram-00-0033881",2017,NA,NA,NA,NA
"885","E.Engram-00-0033881",2018,0.0834828883931056,-0.0866072579969128,0,-0.00312436960380721
"886","E.Tomlinson-00-0031690",2016,NA,NA,NA,NA
"887","E.Tomlinson-00-0031690",2017,NA,NA,NA,NA
"888","E.Tomlinson-00-0031690",2018,0,0,0,0
"889","G.Everett-00-0033895",2016,NA,NA,NA,NA
"890","G.Everett-00-0033895",2017,NA,NA,NA,NA
"891","G.Everett-00-0033895",2018,0.00271476780699355,-0.026000983683548,0,-0.0232862158765545
"892","G.Griffin-00-0033095",2016,NA,NA,NA,NA
"893","G.Griffin-00-0033095",2017,NA,NA,NA,NA
"894","G.Griffin-00-0033095",2018,0,0,0,0
"895","G.Holmes-00-0031884",2016,NA,NA,NA,NA
"896","G.Holmes-00-0031884",2017,NA,NA,NA,NA
"897","G.Holmes-00-0031884",2018,0,0,0,0
"898","G.Kittle-00-0033288",2016,NA,NA,NA,NA
"899","G.Kittle-00-0033288",2017,NA,NA,NA,NA
"900","G.Kittle-00-0033288",2018,0.00537608997162812,-0.00861537774685539,0,-0.00323928777522727
"901","J.Hollister-00-0033387",2016,NA,NA,NA,NA
"902","J.Hollister-00-0033387",2017,NA,NA,NA,NA
"903","J.Hollister-00-0033387",2018,0,0,0,0
"904","J.Smith-00-0033858",2016,NA,NA,NA,NA
"905","J.Smith-00-0033858",2017,NA,NA,NA,NA
"906","J.Smith-00-0033858",2018,-0.0112841824120019,-0.0183552550632991,0,-0.029639437475301
"907","J.Sprinkle-00-0033528",2016,NA,NA,NA,NA
"908","J.Sprinkle-00-0033528",2017,NA,NA,NA,NA
"909","J.Sprinkle-00-0033528",2018,0,0,0,0
"910","L.Thomas-00-0031260",2016,NA,NA,NA,NA
"911","L.Thomas-00-0031260",2017,NA,NA,NA,NA
"912","L.Thomas-00-0031260",2018,0,0,0,0
"913","M.Roberts-00-0033559",2016,NA,NA,NA,NA
"914","M.Roberts-00-0033559",2017,NA,NA,NA,NA
"915","M.Roberts-00-0033559",2018,0,0,0,0
"916","O.Howard-00-0033879",2016,NA,NA,NA,NA
"917","O.Howard-00-0033879",2017,NA,NA,NA,NA
"918","O.Howard-00-0033879",2018,0.041606736217892,-0.00783344913640539,0,0.0337732870814867
"919","R.Malleck-00-0032650",2016,NA,NA,NA,NA
"920","R.Malleck-00-0032650",2017,NA,NA,NA,NA
"921","R.Malleck-00-0032650",2018,0,0,0,0
"922","R.Seals-Jones-00-0033611",2016,NA,NA,NA,NA
"923","R.Seals-Jones-00-0033611",2017,NA,NA,NA,NA
"924","R.Seals-Jones-00-0033611",2018,0.0134086178547959,-0.0211503639445991,0,-0.00774174608980317
