date,Home,Away,HomeScore,AwayScore,Over_under_Mirage,Spread_Mirage,HomeML_Mirage,AwayML_Mirage,HomeSpreadOdds_Mirage,AwaySpreadOdds_Mirage,OverOdds_Mirage,UnderOdds_Mirage,Over_under_Pinnacle,Spread_Pinnacle,HomeML_Pinnacle,AwayML_Pinnacle,HomeSpreadOdds_Pinnacle,AwaySpreadOdds_Pinnacle,OverOdds_Pinnacle,UnderOdds_Pinnacle,Over_under_Sportsbet,Spread_Sportsbet,HomeML_Sportsbet,AwayML_Sportsbet,HomeSpreadOdds_Sportsbet,AwaySpreadOdds_Sportsbet,OverOdds_Sportsbet,UnderOdds_Sportsbet,Over_under_Westgate,Spread_Westgate,HomeML_Westgate,AwayML_Westgate,HomeSpreadOdds_Westgate,AwaySpreadOdds_Westgate,OverOdds_Westgate,UnderOdds_Westgate,Over_under_Station,Spread_Station,HomeML_Station,AwayML_Station,HomeSpreadOdds_Station,AwaySpreadOdds_Station,OverOdds_Station,UnderOdds_Station,Over_under_SIA,Spread_SIA,HomeML_SIA,AwayML_SIA,HomeSpreadOdds_SIA,AwaySpreadOdds_SIA,OverOdds_SIA,UnderOdds_SIA,Over_under_SBG,Spread_SBG,HomeML_SBG,AwayML_SBG,HomeSpreadOdds_SBG,AwaySpreadOdds_SBG,OverOdds_SBG,UnderOdds_SBG,Over_under_BetUS,Spread_BetUS,HomeML_BetUS,AwayML_BetUS,HomeSpreadOdds_BetUS,AwaySpreadOdds_BetUS,OverOdds_BetUS,UnderOdds_BetUS
9/7/2017,NWE,KAN,27,42,47.5,-9,-500,375,-110,-110,-110,-110,47.5,-8,-441,378,-114,103,-102,-108,48,-10,-461,394,113,-127,-107,-107,48,-9,-550,400,-110,-110,-110,-110,48,-9,-450,375,-110,-110,-110,-110,48.5,-9.5,-510,385,-105,-115,-110,-110,47.5,-8,-480,371,-115,-105,-115,-105,47.5,-9,-450,350,100,-120,-110,-110
9/10/2017,BUF,NYJ,21,12,41.5,-7.5,-360,300,-110,-110,-110,-110,42,-7,-340,297,-123,111,-106,-104,42.5,-8.5,-370,325,108,-122,-107,-107,42,-7,-400,300,-120,100,-110,-110,41.5,-7.5,-360,300,-110,-110,-110,-110,42,-7,-420,320,-120,100,-105,-115,42,-7,-400,317,-125,105,-118,-103,42,-7,-360,300,-120,100,-110,-110
9/10/2017,CHI,ATL,17,23,48.5,7,260,-320,-110,-110,-110,-110,48,6.5,245,-277,-103,-107,-103,-107,48,7,257,-293,-127,113,-107,-107,48,7,250,-310,-120,100,-110,-110,48.5,7,265,-320,-110,-110,-110,-110,48.5,7,270,-350,-105,-115,-115,-105,48,6.5,259,-319,-110,-110,-105,-115,48,7,250,-300,-120,100,-110,-110
9/10/2017,CIN,BAL,0,20,41,-3,-150,130,100,-120,-110,-110,41.5,-2.5,-140,127,-114,103,-106,-104,41.5,-2.5,-137,123,-112,-102,-107,-107,41,-3,-145,125,100,-120,-110,-110,41,-3,-150,130,100,-120,-110,-110,41.5,-3,-160,135,100,-120,-110,-110,41.5,-2.5,-150,130,-119,-101,-110,-110,41.5,-3,-150,130,100,-120,-110,-110
9/10/2017,CLE,PIT,18,21,47,10,400,-550,-110,-110,-110,-110,47,10,385,-450,-108,-102,-110,-100,47,11,415,-485,-127,113,-107,-107,47.5,10,400,-550,-110,-110,-110,-110,47,10,425,-550,-110,-110,-110,-110,47.5,10,425,-575,-105,-115,-110,-110,47.5,10,384,-500,-105,-115,-110,-110,47.5,10,350,-450,-110,-110,-110,-110
9/10/2017,DAL,NYG,19,3,46.5,-6,-270,230,-110,-110,-110,-110,46.5,-6,-265,235,-105,-105,103,-114,46,-5.5,-239,211,-107,-107,-107,-107,46,-6,-270,220,-110,-110,-110,-110,47,-5.5,-260,220,-110,-110,-110,-110,46.5,-6,-270,220,-110,-110,-110,-110,46,-6,-281,231,-115,-105,-105,-115,46.5,-6,-260,220,-110,-110,-110,-110
9/10/2017,DET,ARI,35,23,NULL,NULL,NULL,NULL,NULL,NULL,NULL,NULL,48.5,2.5,106,-117,-117,106,-110,-100,48.5,1,111,-125,103,-117,-107,-107,48.5,2,110,-130,-110,-110,-110,-110,49,2.5,115,-135,-110,-110,-110,-110,48.5,2.5,110,-130,105,-125,-110,-110,48.5,2,110,-130,-114,-106,-115,-105,48.5,2,110,-130,-110,-110,-110,-110
9/10/2017,GNB,SEA,17,9,50,-2.5,-135,115,-120,100,-110,-110,49.5,-2.5,-134,121,-110,-100,-105,-105,49.5,-2.5,-132,118,-107,-107,-107,-107,50.5,-2.5,-140,120,-120,100,-110,-110,50.5,-3,-145,125,100,-120,-110,-110,50,-3,-135,115,100,-120,-110,-110,50,-2.5,-145,125,-115,-105,102,-123,49.5,-3,-140,120,100,-120,-110,-110
9/10/2017,HOU,JAX,7,29,38,-5.5,-240,200,-110,-110,-110,-110,38,-5.5,-225,201,-105,-105,-102,-108,37.5,-6,-234,206,-107,-107,-107,-107,37.5,-6,-250,200,-110,-110,-110,-110,38,-6,-250,210,-110,-110,-110,-110,38,-5.5,-265,215,-120,100,-110,-110,38,-6,-250,207,-110,-110,-101,-119,38,-6,-260,220,-110,-110,-110,-110
9/10/2017,LAR,IND,46,9,41.5,-3.5,-185,165,100,-120,-110,-110,41.5,-3.5,-190,171,-115,104,-105,-105,41.5,-3.5,-181,164,-107,-107,-107,-107,41.5,-4,-200,170,-110,-110,-110,-110,41.5,-3.5,-175,155,-110,-110,-110,-110,41.5,-4,-190,160,-110,-110,-110,-110,41.5,-3.5,-190,163,-110,-110,-110,-110,41.5,-3.5,-190,165,-110,-110,-110,-110
9/10/2017,SFO,CAR,3,23,45,4.5,175,-210,-110,-110,-110,-110,45.5,4.5,201,-225,-103,-107,103,-114,45,4.5,180,-205,-107,-107,-107,-107,45.5,5,180,-220,-110,-110,-110,-110,45,5,180,-210,-110,-110,-110,-110,45,5,215,-265,100,-120,-110,-110,44.5,4,192,-230,-105,-115,-115,-105,45,4.5,175,-210,-110,-110,-110,-110
9/10/2017,TEN,OAK,16,26,NULL,NULL,NULL,NULL,NULL,NULL,NULL,NULL,49.5,-2.5,-134,121,-113,102,-111,101,50.5,-2.5,-139,125,-117,103,-107,-107,50.5,-2.5,-140,120,-110,-110,-110,-110,51,-2.5,-140,120,-120,100,-110,-110,51,-2.5,-130,110,-105,-115,-110,-110,50.5,-3,-140,120,100,-120,-105,-115,50,-3,-140,120,105,-125,-110,-110
9/10/2017,WAS,PHI,17,30,NULL,NULL,NULL,NULL,NULL,NULL,NULL,NULL,49.5,2,113,-125,-105,-105,-100,-110,49.5,0,108,-122,108,-122,-107,-107,50,1.5,110,-130,-110,-110,-110,-110,50.5,1,105,-125,-110,-110,-110,-110,50,0,-105,-115,-105,-115,-110,-110,49,2,110,-130,-110,-110,-105,-115,49.5,1.5,-110,-110,-110,-110,-110,-110
9/11/2017,DEN,LAC,24,21,42,-3,-150,130,100,-120,100,-120,41.5,-3,-145,131,104,-115,102,-113,41.5,-2.5,-145,131,-122,108,-107,-107,41.5,-3,-140,120,105,-125,-110,-110,42.5,-3,-140,120,100,-120,-110,-110,41.5,-3,-150,130,-110,-110,-110,-110,41.5,-3,-144,124,105,-125,-110,-110,41.5,-3,-150,130,100,-120,-110,-110
9/11/2017,MIN,NOR,29,19,47.5,-3.5,-170,150,100,-120,-110,-110,47.5,-3,-172,155,-116,105,-100,-110,47.5,-3,-167,153,-122,108,-107,-107,46.5,-3,-165,142,-120,100,-110,-110,47.5,-3,-165,145,-120,100,-110,-110,47.5,-3,-160,135,-115,-105,-105,-115,47.5,-3,-180,155,-131,111,-105,-115,47,-3,-175,155,-125,105,-110,-110
9/14/2017,CIN,HOU,9,13,38.5,-5.5,-240,200,-110,-110,-110,-110,38,-5.5,-230,205,-104,-106,-110,-100,40,-6.5,-245,205,-110,-110,-110,-110,38,-5.5,-250,200,-110,-110,-110,-110,38.5,-5.5,-220,190,-110,-110,-110,-110,38.5,-5.5,-225,185,-110,-110,-110,-110,38.5,-5,-240,199,-115,-105,-110,-110,38.5,-5.5,-200,170,-110,-110,-110,-110
9/17/2017,ATL,GNB,34,23,55,-3,-170,150,-125,105,-110,-110,55,-3.5,-177,159,-100,-110,108,-119,55,-3,-170,156,-117,103,-107,-107,55.5,-3,-185,155,-120,100,-110,-110,54.5,-3,-165,145,-120,100,-110,-110,55,-2.5,-165,140,-135,115,-115,-105,54,-3,-170,150,-120,100,-110,-110,55,-3,-175,155,-125,105,-110,-110
9/17/2017,BAL,CLE,24,10,39.5,-7,-360,300,-120,100,-110,-110,39.5,-7.5,-320,281,104,-115,-100,-110,39.5,-8.5,-331,289,108,-122,-107,-107,39.5,-7.5,-400,300,-110,-110,-110,-110,39,-7.5,-360,300,-110,-110,-110,-110,39.5,-7.5,-455,345,-110,-110,-110,-110,39.5,-7.5,-375,299,-107,-113,-110,-110,39.5,-7.5,-350,290,-110,-110,-110,-110
9/17/2017,CAR,BUF,9,3,44,-6.5,-300,250,-110,-110,-110,-110,43,-6.5,-280,248,-106,-104,-107,-103,43.5,-7,-274,246,113,-127,-107,-107,43.5,-6.5,-300,240,-110,-110,-110,-110,43,-7,-300,250,100,-120,-110,-110,43.5,-6.5,-300,240,-110,-110,-115,-105,43.5,-6,-261,216,-115,-105,-114,-106,43.5,-6.5,-270,230,-110,-110,-110,-110
9/17/2017,DEN,DAL,42,17,44.5,2.5,125,-145,-105,-115,-110,-110,44,2.5,116,-128,-109,-101,102,-113,44,1,116,-130,108,-122,-107,-107,44,2.5,125,-145,-110,-110,-110,-110,44,2.5,130,-150,100,-120,-110,-110,44,2.5,125,-145,105,-125,-105,-115,43.5,2.5,121,-141,-115,-105,-111,-109,44,2.5,115,-135,-110,-110,-110,-110
9/17/2017,IND,ARI,13,16,44,7,250,-300,-120,-100,-110,-110,44,7,252,-285,-117,106,111,-122,43.5,7.5,252,-283,-142,128,-107,-107,44,6.5,250,-310,100,-120,-110,-110,44,7,250,-300,-120,100,-110,-110,43.5,7,280,-360,-110,-110,-110,-110,43.5,6.5,252,-310,-109,-111,-115,-105,43.5,7,250,-300,-115,-105,-110,-110
9/17/2017,JAX,TEN,16,37,NULL,NULL,NULL,NULL,NULL,NULL,NULL,NULL,42,1,102,-113,-104,-106,105,-116,41.5,0,108,-122,108,-122,-107,-107,41.5,1.5,105,-125,-110,-110,-110,-110,41.5,1.5,110,-130,-110,-110,-110,-110,41.5,2,100,-120,-110,-110,-120,100,41.5,1,105,-125,-105,-115,-105,-115,41.5,1.5,-110,-110,-110,-110,-110,-110
9/17/2017,KAN,PHI,27,20,46.5,-4,-200,170,-110,-110,-110,-110,46.5,-4,-199,179,-105,-105,-108,-102,46.5,-4,-196,174,-107,-107,-107,-107,46.5,-4.5,-210,175,-110,-110,-110,-110,47.5,-4.5,-220,190,-110,-110,-110,-110,47,-5.5,-240,195,-110,-110,-110,-110,46.5,-4,-200,170,-105,-115,-106,-114,46.5,-4,-200,170,-110,-110,-110,-110
9/17/2017,LAC,MIA,17,19,47,-3.5,-180,160,-110,-110,-110,-110,46.5,-3.5,-185,166,-103,-107,-105,-105,46.5,-3.5,-183,166,-107,-107,-107,-107,46,-3.5,-190,160,-110,-110,-110,-110,46.5,-3.5,-180,160,-110,-110,-110,-110,46,-4,-190,160,-110,-110,-115,-105,46,-3.5,-191,165,-107,-113,-114,-106,46.5,-3.5,-190,165,-110,-110,-110,-110
9/17/2017,LAR,WAS,20,27,47,-3,-155,135,-110,-110,-110,-110,45.5,-3,-150,136,-104,-106,-105,-105,46.5,-3,-150,136,-102,-112,-107,-107,47,-3,-155,135,-110,-110,-110,-110,46,-3,-160,140,-110,-110,-110,-110,46,-3,-165,140,-115,-105,-110,-110,46.5,-3,-150,130,-110,-110,-104,-116,47,-3,-155,135,-110,-110,-110,-110
9/17/2017,NOR,NWE,20,36,55,6,225,-265,-120,100,-110,-110,55,5.5,197,-220,-114,103,102,-113,54.5,5.5,206,-234,-107,-107,-107,-107,55.5,6,220,-270,-110,-110,-110,-110,56.5,6,220,-260,-110,-110,-110,-110,56,6,270,-340,-110,-110,-110,-110,54.5,5.5,216,-263,-115,-105,-106,-114,55,6,230,-270,-110,-110,-110,-110
9/17/2017,OAK,NYJ,45,20,43.5,-14,-975,675,-110,-110,-110,-110,44,-14,-800,638,-102,-108,-110,-100,43.5,-15,-920,685,113,-127,-107,-107,44,-14,-1400,800,-120,100,-110,-110,43.5,-14,-1100,700,-110,-110,-110,-110,43.5,-14,-1075,725,-120,100,-115,-105,43.5,-14,-1000,664,-105,-115,-109,-111,43.5,-14,-900,650,-110,-110,-110,-110
9/17/2017,PIT,MIN,26,9,43,-8.5,-400,330,-110,-110,-110,-110,43,-8.5,-380,330,-106,-104,-117,106,43,-9.5,-361,319,103,-117,-107,-107,43,-9,-400,300,-110,-110,-110,-110,43,-9,-400,330,-110,-110,-110,-110,43,-8.5,-425,325,-110,-110,-110,-110,43.5,-8,-370,296,-110,-110,-105,-115,43,-9,-370,310,-105,-115,-110,-110
9/17/2017,SEA,SFO,12,9,41.5,-13.5,-1000,700,-110,-110,-110,-110,42,-13.5,-800,638,-102,-108,106,-117,41.5,-14.5,-948,702,113,-127,-107,-107,41.5,-13.5,-1400,800,-110,-110,-110,-110,41,-14,-1100,700,-110,-110,-110,-110,41.5,-13.5,-1500,900,-120,100,-110,-110,41,-13.5,-1000,664,-105,-115,-115,-105,41.5,-13.5,-900,650,-110,-110,-110,-110
9/17/2017,TAM,CHI,29,7,44,-7,-300,250,-100,-120,-110,-110,44,-7,-307,270,-110,-100,-110,-100,44,-7.5,-311,269,113,-127,-107,-107,44,-7,-330,260,100,-120,-110,-110,44.5,-7,-310,260,-110,-110,-110,-110,44,-7,-335,265,100,-120,-110,-110,44,-7,-305,249,-101,-119,-114,-106,44,-7,-290,240,-105,-115,-110,-110
9/18/2017,NYG,DET,10,24,43,-3.5,-155,135,105,-125,-110,-110,42,-3,-173,156,-120,109,-105,-105,42.5,-3,-162,148,-117,103,-107,-107,42.5,-3,-160,140,-110,-110,-110,-110,43,-3,-160,140,-120,100,-110,-110,43,-3,-150,130,-110,-110,-115,-105,42.5,-3,-170,148,-115,-105,-110,-110,42.5,-3,-165,145,-120,100,-110,-110
9/21/2017,SFO,LAR,39,41,40.5,3,135,-155,-110,-110,-110,-110,40.5,3,127,-140,-117,106,-110,-100,40.5,2.5,133,-147,113,-127,-107,-107,40.5,3,135,-155,-110,-110,-110,-110,40,3,135,-155,-110,-110,-110,-110,39.5,3,140,-165,100,-120,-110,-110,40.5,3,132,-152,-120,100,-115,-105,41,3,130,-150,-115,-105,-110,-110
9/24/2017,BUF,DEN,26,16,39.5,3,165,-185,105,-125,-110,-110,40,3.5,162,-180,-108,-102,104,-115,39.5,3,158,-172,113,-127,-107,-107,39.5,3,155,-185,100,-120,-110,-110,39.5,3.5,150,-170,-120,100,-110,-110,40,3.5,175,-215,-105,-115,-110,-110,39.5,3,157,-182,103,-123,-110,-110,40,3,155,-175,105,-125,-110,-110
9/24/2017,CAR,NOR,13,34,46,-4.5,-220,180,-110,-110,-110,-110,46.5,-5.5,-242,216,-110,-100,-107,-103,46.5,-5.5,-244,216,-107,-107,-107,-107,46.5,-5.5,-260,210,-110,-110,-110,-110,46,-4.5,-220,190,-110,-110,-110,-110,47,-4.5,-260,210,-110,-110,-110,-110,46.5,-5.5,-250,207,-115,-105,-110,-110,47,-5.5,-240,200,-110,-110,-110,-110
9/24/2017,CHI,PIT,23,17,43,7,290,-350,-120,100,-110,-110,43.5,7,264,-300,-117,106,-105,-105,43.5,7.5,252,-283,-137,123,-107,-107,43.5,7,275,-350,-110,-110,-110,-110,43,7,280,-340,-110,-110,-110,-110,44,7.5,310,-410,-115,-105,-110,-115,43.5,6.5,245,-300,-105,-115,-115,-105,44,7,270,-330,-115,-105,-110,-110
9/24/2017,DET,ATL,26,30,50.5,3,130,-150,-110,-110,-110,-110,51,3,151,-167,105,-116,-105,-105,51,3,148,-162,103,-117,-107,-107,51,3,140,-160,-110,-110,-110,-110,51,3,130,-150,100,-120,-110,-110,51,3,150,-175,-105,-115,-110,-110,50.5,3,148,-170,100,-120,-118,-103,50.5,3,150,-170,100,-120,-110,-110
9/24/2017,GNB,CIN,27,24,47.5,-7,-370,310,-110,-110,-110,-110,47.5,-7,-335,293,-106,-104,-107,-103,47.5,-7.5,-336,294,113,-127,-107,-107,48,-7,-400,300,-110,-110,-110,-110,47.5,-7,-330,270,-110,-110,-110,-110,48,-7,-400,310,-110,-110,-105,-115,48,-7,-375,299,-110,-110,-110,-110,47.5,-7,-330,270,-110,-110,-110,-110
9/24/2017,IND,CLE,31,28,NULL,NULL,NULL,NULL,NULL,NULL,NULL,NULL,42,-1,-116,105,-110,-100,-103,-107,42,0,-107,-107,-107,-107,-107,-107,42.5,1,100,-120,-110,-110,-110,-110,42.5,1,-105,-115,-110,-110,-110,-110,42.5,1,100,-120,-110,-110,-110,-110,42,0,-112,-108,-112,-108,-105,-115,42,0,-110,-110,-110,-110,-110,-110
9/24/2017,JAX,BAL,44,7,38.5,3,145,-165,-110,-110,-110,-110,38,3,146,-162,-100,-110,-110,-100,38,3,148,-162,-102,-112,-107,-107,38,3,150,-180,100,-120,-110,-110,38.5,3.5,150,-170,-120,100,-110,-110,38,3.5,150,-180,-105,-115,-115,-105,38,3,148,-171,-105,-115,-115,-105,38,3,145,-165,-110,-110,-110,-110
9/24/2017,LAC,KAN,10,24,47.5,3,135,-155,-120,100,-110,-110,47.5,3,131,-145,-118,107,-102,-108,47.5,2.5,133,-147,108,-122,-107,-107,48,3,130,-150,-120,100,-110,-110,47.5,3,130,-150,-120,100,-110,-110,48,3.5,135,-160,-125,105,-110,-110,47.5,3,121,-140,-122,102,-115,-105,47.5,3,130,-150,-120,100,-110,-110
9/24/2017,MIN,TAM,34,17,41,1,105,-125,-110,-110,-110,-110,41,0,-110,-100,-110,-100,100,-110,41,0,-107,-107,-107,-107,-107,-107,41,0,-110,-110,-110,-110,-110,-110,40.5,1,-105,-115,-110,-110,-110,-110,41,1.5,100,-120,-110,-110,-115,-105,41,-1,-120,100,-110,-110,-110,-110,41,0,-110,-110,-110,-110,-110,-110
9/24/2017,NWE,HOU,36,33,44.5,-14,-1250,850,100,-120,-110,-110,44.5,-13.5,-990,761,100,-110,103,-114,44,-15,-920,685,118,-132,-107,-107,44.5,-13.5,-1400,800,-110,-110,-110,-110,45,-13.5,-1400,800,-110,-110,-110,-110,45,-13.5,-1200,800,-110,-110,-110,-110,44.5,-13.5,-1000,664,-105,-115,-110,-110,44.5,-13,-1000,700,-110,-110,-110,-110
9/24/2017,NYJ,MIA,20,6,43,6,220,-260,-120,100,-110,-110,43,5.5,200,-224,-107,-103,-102,-108,43,5.5,196,-224,-107,-107,-107,-107,43,5.5,200,-250,-110,-110,-110,-110,43,6,220,-260,-110,-110,-110,-110,43,6,210,-260,-110,-110,-110,-110,43.5,5.5,203,-245,-108,-112,-105,-115,43,5.5,200,-240,-110,-110,-110,-110
9/24/2017,PHI,NYG,27,24,42.5,-5,-230,190,-110,-110,-110,-110,42,-5,-230,205,-106,-104,-107,-103,42,-5,-219,191,-107,-107,-107,-107,42.5,-5,-240,190,-110,-110,-110,-110,42.5,-5.5,-250,210,-110,-110,-110,-110,43.5,-5.5,-250,200,-110,-110,-110,-110,42,-5,-240,199,-115,-105,-110,-110,42,-5,-240,200,-110,-110,-110,-110
9/24/2017,TEN,SEA,33,27,41,-2.5,-130,110,-110,-110,-110,-110,42,-2,-130,118,-116,105,-106,-104,41.5,-1,-129,115,-122,108,-107,-107,41,-2,-130,110,-110,-110,-110,-110,41,-2.5,-135,115,-110,-110,-110,-110,41.5,-2,-120,100,-110,-110,-110,-110,42,-2.5,-138,119,-105,-115,-110,-110,41.5,-2.5,-130,110,-110,-110,-110,-110
9/24/2017,WAS,OAK,27,10,53,3.5,170,-200,-105,-115,-110,-110,53,3.5,166,-185,-107,-103,-100,-110,53.5,3.5,163,-177,-117,103,-107,-107,53.5,3.5,170,-200,-110,-110,-110,-110,54,3.5,170,-190,-110,-110,-110,-110,54,3.5,170,-200,-110,-110,-105,-115,54,3.5,157,-183,110,-130,-105,-115,53.5,3.5,165,-190,-110,-110,-110,-110
9/25/2017,ARI,DAL,17,28,46.5,3,140,-160,-110,-110,-110,-110,46.5,3,137,-151,-115,104,-100,-110,46.5,2.5,133,-147,108,-122,-107,-107,46,3,140,-160,-110,-110,-110,-110,46.5,3,140,-160,-110,-110,-110,-110,46.5,3,135,-160,-105,-115,-115,-105,46.5,3,135,-155,-120,100,-104,-116,46.5,3,130,-150,-120,100,-110,-110
9/28/2017,GNB,CHI,35,14,44.5,-7.5,-420,340,-110,-110,-110,-110,44,-7.5,-360,314,109,-120,-108,-102,44,-8,-361,319,118,-132,-107,-107,44.5,-7.5,-420,320,100,-120,-110,-110,44,-7,-400,330,-110,-110,-110,-110,44.5,-7.5,-440,340,-105,-115,-110,-110,44.5,-7,-400,317,-110,-110,-106,-114,44.5,-7,-370,310,-110,-110,-110,-110
10/1/2017,ARI,SFO,18,15,43.5,-6.5,-270,230,-105,-115,-110,-110,43,-6.5,-265,235,-106,-104,-109,-101,43.5,-7,-259,231,113,-127,-107,-107,43.5,-6.5,-280,230,-110,-110,-110,-110,43,-6.5,-260,220,-110,-110,-110,-110,43,-6.5,-300,240,-110,-110,-115,-105,43,-6.5,-275,226,-110,-110,-115,-105,43,-6.5,-275,235,-110,-110,-110,-110
10/1/2017,ATL,BUF,17,23,48.5,-8,-400,330,-110,-110,-110,-110,48,-8,-380,330,-105,-105,-110,-100,48,-9,-370,325,108,-122,-107,-107,48,-9,-440,340,-110,-110,-110,-110,48.5,-8.5,-420,350,-110,-110,-110,-110,48.5,-8.5,-460,350,-110,-110,-110,-110,47.5,-8,-431,338,-112,-108,-115,-105,48,-8,-400,320,-110,-110,-110,-110
10/1/2017,BAL,PIT,9,26,42,3,165,-185,110,-130,-110,-110,42,3.5,166,-185,-110,100,-105,-105,42,3,169,-186,118,-132,-107,-107,42,3.5,160,-190,-115,-105,-110,-110,42,3.5,155,-175,-110,-110,-110,-110,42,3.5,155,-185,-120,100,-110,-110,42,3.5,160,-185,-115,-105,-117,-103,42,3.5,160,-180,-110,-110,-110,-110
10/1/2017,CLE,CIN,7,31,41.5,3,150,-170,100,-120,-110,-110,41.5,3,148,-164,104,-115,-107,-103,41.5,3,158,-172,113,-127,-107,-107,41.5,3,155,-185,100,-120,-110,-110,42,3,155,-175,100,-120,-110,-110,42,3.5,165,-195,100,-120,-110,-110,41.5,3,155,-180,105,-125,-107,-113,41.5,3.5,165,-190,-110,-110,-110,-110
10/1/2017,DAL,LAR,30,35,51,-5.5,-250,210,-110,-110,-110,-110,51,-5,-237,211,-105,-105,-105,-105,50.5,-5.5,-239,211,-107,-107,-107,-107,50.5,-5.5,-260,210,-110,-110,-110,-110,50.5,-5.5,-250,210,-110,-110,-110,-110,50.5,-6,-255,205,-115,-105,-115,-105,50.5,-5,-248,205,-115,-105,-115,-105,50.5,-5,-245,205,-110,-110,-110,-110
10/1/2017,DEN,OAK,16,10,44,-3.5,-210,175,-110,-110,-110,-110,44,-3.5,-185,166,-108,-102,102,-113,43.5,-3.5,-186,169,-107,-107,-107,-107,44,-4,-210,175,-110,-110,-110,-110,44.5,-3.5,-180,160,-110,-110,-110,-110,44.5,-3.5,-180,150,-110,-110,-110,-110,43.5,-3.5,-197,167,-116,-104,-110,-110,44,-3.5,-190,165,-110,-110,-110,-110
10/1/2017,HOU,TEN,57,14,43,2.5,125,-145,100,-120,-110,-110,43,2.5,126,-139,102,-113,-103,-107,43.5,2.5,128,-142,103,-117,-107,-107,43.5,2.5,120,-140,-110,-110,-110,-110,43,2.5,130,-150,100,-120,-110,-110,43.5,2.5,125,-145,110,-130,-110,-110,43.5,2.5,125,-145,-110,-110,-109,-111,43,3,125,-145,-115,-105,-110,-110
10/1/2017,LAC,PHI,24,26,NULL,NULL,NULL,NULL,NULL,NULL,NULL,NULL,48,-1.5,-117,106,-105,-105,-101,-109,48,-1,-125,111,-117,103,-107,-107,48,-2,-130,110,-110,-110,-110,-110,48.5,-2,-130,110,-110,-110,-110,-110,48,-2,-125,105,-105,-115,-110,-110,47.5,-2,-136,115,-110,-110,-110,-110,48,-2,-130,110,-110,-110,-110,-110
10/1/2017,MIA,NOR,0,20,52,3.5,175,-210,-100,-120,-110,-110,51.5,4,176,-196,-104,-106,-110,100,52,4,174,-196,-107,-107,-107,-107,52,4,175,-210,-110,-110,-110,-110,52.5,4,180,-210,-110,-110,-110,-110,52,3.5,175,-215,115,-135,-110,-110,52,4,172,-205,-110,-110,-110,-110,52,4,170,-200,-110,-110,-110,-110
10/1/2017,MIN,DET,7,14,43,-2.5,-150,130,-125,105,-110,-110,43,-2.5,-155,140,-127,115,-110,-100,43.5,-2.5,-147,133,-122,108,-107,-107,43,-2.5,-150,130,-120,100,-110,-110,43,-2.5,-145,125,-120,100,-110,-110,43.5,-3,-140,120,-105,-115,-115,-105,43.5,-3,-155,135,-110,-110,-105,-115,43.5,-3,-150,130,100,-120,-110,-110
10/1/2017,NWE,CAR,30,33,48,-9,-500,375,-110,-110,-110,-110,48,-9,-450,385,-100,-110,-110,-100,48,-10,-466,397,113,-127,-107,-107,48,-9.5,-550,400,-110,-110,-110,-110,48.5,-9.5,-450,375,-110,-110,-110,-110,48.5,-9.5,-525,400,-110,-110,-110,-110,48,-9,-504,387,-107,-113,-115,-105,48,-9,-500,400,-110,-110,-110,-110
10/1/2017,NYJ,JAX,23,20,38.5,4,170,-200,-110,-110,-110,-110,38.5,4,175,-195,-110,-100,-107,-103,38.5,4,174,-196,-107,-107,-107,-107,38.5,4.5,185,-230,-110,-110,-110,-110,38.5,4,175,-200,-110,-110,-110,-110,38.5,4,180,-220,100,-120,-115,-105,38.5,4,176,-210,-114,-106,-110,-110,38.5,4,175,-210,-110,-110,-110,-110
10/1/2017,SEA,IND,46,18,41.5,-12.5,-1000,700,-110,-110,-110,-110,41.5,-12.5,-750,604,-100,-110,-109,-101,41.5,-13.5,-855,645,113,-127,-107,-107,41.5,-12.5,-1000,650,-110,-110,-110,-110,42,-12.5,-1000,650,-110,-110,-110,-110,42.5,-12.5,-800,500,-110,-110,-110,-110,41.5,-13,-750,534,-110,-110,-110,-110,41.5,-13,-800,600,100,-120,-110,-110
10/1/2017,TAM,NYG,25,23,45.5,-3,-135,115,110,-130,-110,-110,46,-2.5,-139,126,-107,-103,-108,-102,45.5,-2.5,-137,123,-112,-102,-107,-107,45.5,-2.5,-140,120,-110,-110,-110,-110,46.5,-2.5,-130,110,-110,-110,-110,-110,46,-2,-130,110,-115,-105,-115,-105,46.5,-2.5,-144,124,-115,-105,-105,-115,45.5,-3,-145,125,105,-125,-110,-110
10/2/2017,KAN,WAS,29,20,48,-7,-330,270,-105,-115,-110,-110,48,-6.5,-269,239,-100,-110,104,-115,47.5,-7,-269,241,113,-127,-107,-107,48,-6.5,-330,260,-110,-110,-110,-110,48,-7,-320,265,100,-120,-110,-110,47.5,-7,-320,260,-120,100,-115,-105,47.5,-6.5,-295,241,-111,-109,-110,-110,47.5,-7,-290,240,100,-120,-110,-110
10/5/2017,TAM,NWE,14,19,54.5,4,175,-210,-110,-110,-110,-110,54.5,3.5,162,-180,-110,-100,-103,-107,54.5,3.5,169,-186,-107,-107,-107,-107,55,4,170,-200,-110,-110,-110,-110,55,4,175,-200,-110,-110,-110,-110,55.5,4.5,180,-220,-105,-115,-110,-110,54.5,3.5,165,-193,-107,-113,102,-123,55,3.5,170,-200,-105,-115,-110,-110
10/8/2017,CIN,BUF,20,16,39,-3,-165,145,-110,-110,-110,-110,39,-3,-150,136,-102,-108,-110,-100,39.5,-3,-152,138,-102,-112,-107,-107,39,-3,-170,145,-110,-110,-110,-110,39,-3,-155,135,-120,100,-110,-110,39.5,-3,-150,130,100,-120,-110,-110,39.5,-3,-160,140,-110,-110,-117,-103,39.5,-3,-160,140,-110,-110,-110,-110
10/8/2017,CLE,NYJ,14,17,41.5,1.5,-110,-110,-110,-110,-110,-110,41.5,1.5,111,-122,-103,-107,-105,-105,41.5,0,108,-122,108,-122,-107,-107,41,1.5,105,-125,-110,-110,-110,-110,41,1,100,-120,-110,-110,-110,-110,41.5,1.5,110,-130,-110,-110,-110,-110,41.5,1.5,101,-121,-112,-108,-110,-110,41.5,1.5,110,-130,-110,-110,-110,-110
10/8/2017,DAL,GNB,31,35,52.5,-2.5,-140,120,-110,-110,-110,-110,52,-2.5,-139,126,-115,104,-113,102,52,-1,-137,123,-127,113,-107,-107,52.5,-2.5,-140,120,-110,-110,-110,-110,53,-2.5,-145,125,-110,-110,-110,-110,53,-2,-125,105,-110,-110,-110,-110,52,-2.5,-141,121,-115,-105,-105,-115,52,-2.5,-140,120,-110,-110,-110,-110
10/8/2017,DET,CAR,24,27,41.5,-2.5,-140,120,-110,-110,-110,-110,42,-2,-130,118,-105,-105,-102,-108,41.5,-1,-125,111,-117,103,-107,-107,42,-2,-130,110,-110,-110,-110,-110,42,-2,-130,110,-110,-110,-110,-110,42,-2.5,-135,115,-115,-105,-115,-105,41.5,-2,-135,115,-115,-105,-110,-110,41.5,-2,-130,110,-110,-110,-110,-110
10/8/2017,HOU,KAN,34,42,45.5,2,120,-140,-110,-110,-110,-110,45,2,116,-128,-101,-109,102,-113,45,0,108,-122,108,-122,-107,-107,45.5,2,110,-130,-110,-110,-110,-110,45.5,2,105,-125,-110,-110,-110,-110,46,2.5,110,-130,-105,-115,-110,-110,45,2,105,-125,-110,-110,-115,-105,45,2,110,-130,-110,-110,-110,-110
10/8/2017,IND,SFO,26,23,NULL,NULL,NULL,NULL,NULL,NULL,NULL,NULL,43.5,1,-106,-104,-113,102,-103,-107,43.5,0,-107,-107,-107,-107,-107,-107,43.5,-1,-120,100,-110,-110,-110,-110,44,-1.5,-125,105,-110,-110,-110,-110,44,-1.5,-115,-105,-110,-110,-105,-115,44,-1,-119,-101,-115,-105,-105,-115,43.5,-1,-130,110,-110,-110,-110,-110
10/8/2017,LAR,SEA,10,16,46.5,-2.5,-140,120,-110,-110,-110,-110,46.5,-2,-133,120,-113,102,-101,-109,46.5,-1,-130,116,-122,108,-107,-107,46.5,-2,-130,110,-110,-110,-110,-110,47,-2,-125,105,-110,-110,-110,-110,47,-2,-120,100,-110,-110,-110,-110,46.5,-2.5,-135,115,-105,-115,-105,-115,46.5,-2.5,-135,115,-110,-110,-110,-110
10/8/2017,MIA,TEN,16,10,41.5,-1.5,-110,-110,-110,-110,-110,-110,41.5,0,-110,-100,-110,-100,-109,-101,41.5,0,-117,103,-117,103,-107,-107,41.5,-1,-120,100,-110,-110,-110,-110,41.5,-1.5,-125,105,-110,-110,-110,-110,41.5,-1.5,-115,-105,-110,-110,-110,-110,41.5,-1,-119,-101,-110,-110,-110,-110,41.5,-1,-110,-110,-110,-110,-110,-110
10/8/2017,NYG,LAC,22,27,45.5,-3,-165,145,-110,-110,-110,-110,45.5,-3,-160,144,-106,-104,-102,-108,45.5,-3,-157,143,-107,-107,-107,-107,45.5,-3,-180,150,-110,-110,-110,-110,46,-3,-165,145,-110,-110,-110,-110,45.5,-3,-180,150,-110,-110,-110,-110,46,-3,-170,148,-110,-110,-105,-115,45,-3,-165,145,-115,-105,-110,-110
10/8/2017,OAK,BAL,17,30,40.5,-3,-155,135,-110,-110,-110,-110,40.5,-3,-155,140,-105,-105,-107,-103,40.5,-2.5,-157,143,-132,118,-107,-107,40.5,-3,-150,130,-110,-110,-110,-110,40.5,-3,-155,135,-110,-110,-110,-110,40.5,-3,-150,130,-110,-110,-110,-110,40.5,-3,-161,141,-111,-109,-110,-110,40.5,-3,-150,130,100,-120,-110,-110
10/8/2017,PHI,ARI,34,7,45,-6.5,-300,250,-110,-110,-110,-110,45,-6,-254,226,-110,100,104,-115,44.5,-7,-254,226,123,-137,-107,-107,44.5,-6.5,-300,240,-110,-110,-110,-110,45,-6.5,-280,240,-110,-110,-110,-110,44.5,-7,-295,235,105,-125,-110,-110,44.5,-6,-285,234,-113,-107,-106,-114,45,-6.5,-290,240,-110,-110,-110,-110
10/8/2017,PIT,JAX,9,30,41.5,-7,-350,290,-115,-105,-110,-110,41,-7.5,-330,289,111,-123,-118,107,41.5,-8,-326,284,113,-127,-107,-107,41.5,-7,-360,280,-120,100,-110,-110,41.5,-7,-340,280,-120,100,-110,-110,41.5,-8,-365,285,-110,-110,-110,-110,41,-7,-331,268,-116,-104,-114,-106,41.5,-7,-330,270,-115,-105,-110,-110
10/9/2017,CHI,MIN,17,20,41,4,165,-185,-120,100,-110,-110,41,3.5,161,-179,-113,102,-102,-108,41,3,169,-186,113,-127,-107,-107,41,3.5,170,-200,-120,100,-110,-110,41,3.5,170,-190,-110,-110,-110,-110,41,4,160,-190,-110,-110,-110,-110,41,3.5,158,-184,-115,-105,-110,-110,41,3.5,165,-190,-110,-110,-110,-110
10/12/2017,CAR,PHI,23,28,43.5,-3,-145,125,105,-125,-110,-110,44,-3,-148,134,102,-113,106,-117,44,-2.5,-147,133,-122,108,-107,-107,44,-3,-150,130,100,-120,-110,-110,44.5,-3,-150,130,-110,-110,-110,-110,45,-3,-150,130,-115,-105,-110,-110,43.5,-3,-151,131,-102,-118,-110,-110,44,-3,-150,130,100,-120,-110,-110
10/15/2017,ARI,TAM,38,33,47,2.5,130,-150,100,-120,-110,-110,46.5,2.5,121,-134,104,-115,-105,-105,46.5,2.5,123,-137,-102,-112,-107,-107,47,2.5,125,-145,100,-120,-110,-110,47,2.5,115,-135,-110,-110,-110,-110,47,2.5,120,-140,-110,-110,-105,-115,46,2.5,123,-143,-106,-114,-115,-105,46,3,120,-140,-120,100,-110,-110
10/15/2017,ATL,MIA,17,20,46,-13.5,-1025,725,-110,-110,-110,-110,46,-14,-800,638,100,-110,-110,-100,46,-14.5,-901,674,103,-117,-107,-107,46,-13.5,-1100,700,-110,-110,-110,-110,45,-13.5,-800,550,-110,-110,-110,-110,46,-14,-1000,700,-110,-110,-110,-110,46,-14,-975,652,-105,-115,-110,-110,46.5,-14,-1000,700,-110,-110,-110,-110
10/15/2017,BAL,CHI,24,27,39,-5,-225,185,-110,-110,-110,-110,39.5,-5.5,-225,201,-101,-109,-113,102,39.5,-5.5,-224,196,-107,-107,-107,-107,39,-5.5,-240,190,-110,-110,-110,-110,39,-5.5,-230,195,-110,-110,-110,-110,39.5,-5,-225,185,-110,-110,-110,-110,39.5,-5,-220,184,-111,-109,-110,-110,40,-5.5,-240,200,-110,-110,-110,-110
10/15/2017,DEN,NYG,10,23,37.5,-13.5,-950,650,-110,-110,-110,-110,37.5,-14,-700,569,102,-113,104,-115,37.5,-14,-763,587,108,-122,-107,-107,37.5,-13.5,-900,600,-110,-110,-110,-110,38,-13.5,-750,525,-110,-110,-110,-110,38.5,-13.5,-700,500,-110,-110,-110,-110,37.5,-13,-815,570,-110,-110,-104,-116,37.5,-13.5,-750,550,-110,-110,-110,-110
10/15/2017,HOU,CLE,33,17,46,-7.5,-360,300,-105,-115,-110,-110,46,-7.5,-315,277,102,-113,-103,-107,46,-9,-336,294,113,-127,-107,-107,46,-7,-400,300,-120,100,-110,-110,46,-7.5,-360,300,100,-120,-110,-110,46,-8,-380,300,-110,-110,-110,-110,46,-7.5,-375,299,-107,-113,-105,-115,46,-7.5,-350,290,-110,-110,-110,-110
10/15/2017,JAX,LAR,17,27,42,-1,-125,105,-110,-110,-110,-110,42,-1,-115,104,-108,-102,-100,-110,42,0,-117,103,-117,103,-107,-107,42,-1,-120,100,-110,-110,-110,-110,42.5,-1,-120,100,-110,-110,-110,-110,42.5,-1,-115,-105,-110,-110,-110,-110,42,-1,-113,-107,-108,-112,-115,-105,42,-1,-135,115,-110,-110,-110,-110
10/15/2017,KAN,PIT,13,19,46,-3.5,-175,155,100,-120,-110,-110,46.5,-3.5,-170,153,111,-123,-105,-105,46,-3,-172,158,-117,103,-107,-107,46,-3.5,-190,160,-110,-110,-110,-110,46,-3.5,-185,165,100,-120,-110,-110,46,-4,-195,165,-110,-110,-110,-110,46,-3,-185,160,-119,-101,-112,-108,46,-3,-180,160,-120,100,-110,-110
10/15/2017,MIN,GNB,23,10,46,3,140,-160,-110,-110,-110,-110,46,3,136,-150,-113,102,-110,-100,46,3,140,-154,-107,-107,-107,-107,45.5,3,142,-165,-110,-110,-110,-110,46,3,135,-155,-110,-110,-110,-110,46,3,150,-175,105,-125,-110,-110,46.5,3,135,-155,-110,-110,-108,-112,46,3,140,-160,-110,-110,-110,-110
10/15/2017,NOR,DET,52,38,50.5,-5.5,-250,210,-110,-110,-110,-110,50.5,-6,-230,205,104,-115,-101,-109,50.5,-5.5,-234,206,-107,-107,-107,-107,50.5,-5,-240,190,-110,-110,-110,-110,50.5,-5.5,-230,195,-110,-110,-110,-110,51,-5.5,-230,190,-110,-110,-110,-110,50,-5,-235,195,-111,-109,-112,-108,50.5,-5.5,-240,200,-110,-110,-110,-110
10/15/2017,NYJ,NWE,17,24,48,9,375,-500,-110,-110,-110,-110,48.5,9,346,-400,-105,-105,-104,-106,48.5,10.5,363,-427,-127,113,-107,-107,48,9,355,-460,-110,-110,-110,-110,49,9.5,375,-450,-110,-110,-110,-110,48.5,9.5,380,-505,-105,-115,-110,-110,48.5,9,358,-460,-105,-115,-109,-111,48.5,9.5,350,-450,-110,-110,-110,-110
10/15/2017,OAK,LAC,16,17,48,-3,-160,140,-110,-110,-110,-110,48.5,-3,-155,140,-106,-104,106,-117,48,-2.5,-157,143,-132,118,-107,-107,48,-3,-160,140,-110,-110,-110,-110,48.5,-3,-160,140,-110,-110,-110,-110,48,-3,-165,140,-115,-105,-110,-110,47.5,-3,-165,144,-115,-105,-112,-108,48,-3,-165,145,-115,-105,-110,-110
10/15/2017,WAS,SFO,26,24,46.5,-11,-550,400,-110,-110,-110,-110,46,-12,-480,408,108,-119,-109,-101,46,-12.5,-531,444,113,-127,-107,-107,46.5,-11,-600,425,-110,-110,-110,-110,46.5,-11,-550,425,-110,-110,-110,-110,46.5,-11,-550,425,-110,-110,-110,-110,46.5,-11,-605,450,-115,-105,-110,-110,46.5,-11,-600,450,-110,-110,-110,-110
10/16/2017,TEN,IND,36,22,46.5,-7,-320,260,-105,-115,-110,-110,46,-7,-277,245,103,-114,-100,-110,46,-7.5,-283,252,118,-132,-107,-107,46.5,-7,-310,250,100,-120,-110,-110,46.5,-7,-280,240,100,-120,-110,-110,46.5,-7,-260,210,105,-125,-115,-105,46.5,-6.5,-291,238,-115,-105,-105,-115,46,-7,-290,240,100,-120,-110,-110
10/19/2017,OAK,KAN,31,30,46.5,3,130,-150,-110,-110,-110,-110,46.5,3,140,-155,-104,-106,102,-113,46.5,3,133,-147,-117,103,-107,-107,46,3,135,-155,-110,-110,-110,-110,46.5,3,135,-155,-110,-110,-110,-110,46.5,3,135,-155,-105,-115,-110,-110,46,3,138,-158,-117,-103,-110,-110,46,3,140,-160,-115,-105,-110,-110
10/22/2017,BUF,TAM,30,27,46,-3,-165,145,-120,100,-110,-110,46.5,-3,-166,150,-116,105,-108,-102,46.5,-3,-167,153,-117,103,-107,-107,46,-3,-180,150,-120,100,-110,-110,46,-3,-160,140,-120,100,-110,-110,45,-3,-170,145,-115,-105,-110,-110,46.5,-3,-173,150,-118,-102,-110,-110,46.5,-3,-165,145,-115,-105,-110,-110
10/22/2017,CHI,CAR,17,3,39.5,3,135,-155,-120,100,-110,-110,39.5,2.5,126,-139,103,-114,-100,-110,39.5,3,133,-147,-117,103,-107,-107,39.5,3,135,-155,-120,100,-110,-110,40,3,130,-150,-120,100,-110,-110,41.5,3,140,-165,100,-120,-110,-110,39.5,3,129,-148,-124,104,-110,-110,39.5,3,130,-150,-120,100,-110,-110
10/22/2017,CLE,TEN,9,12,42.5,5.5,200,-240,-110,-110,-110,-110,42.5,5.5,205,-230,-105,-105,-102,-108,42.5,6,206,-234,-107,-107,-107,-107,42.5,6,220,-270,-110,-110,-110,-110,42.5,6,210,-250,-110,-110,-110,-110,43,6.5,215,-265,-115,-105,-115,-105,42.5,5.5,207,-250,-115,-105,-110,-110,42.5,6,210,-250,-110,-110,-110,-110
10/22/2017,GNB,NOR,17,26,46,3.5,165,-185,-110,-110,-110,-110,45.5,3.5,171,-190,102,-113,-104,-106,45.5,4,174,-196,-107,-107,-107,-107,45.5,4,170,-200,-110,-110,-110,-110,46,4,170,-190,-110,-110,-110,-110,47,4.5,170,-200,-105,-115,-110,-110,45.5,4,170,-200,-115,-105,-108,-112,45.5,3.5,165,-190,-110,-110,-110,-110
10/22/2017,IND,JAX,0,27,41.5,3,145,-165,-110,-110,-110,-110,41,3,141,-156,-100,-110,-110,-100,41,3,138,-152,-107,-107,-107,-107,41.5,3,142,-165,-110,-110,-110,-110,41.5,3,145,-165,-110,-110,-110,-110,43,3,145,-170,100,-120,-110,-110,41,3,140,-160,-110,-110,-115,-105,41,3,145,-165,-105,-115,-110,-110
10/22/2017,LAC,DEN,21,0,41,1,-110,-110,-110,-110,-110,-110,41,1,-106,-104,-107,-103,-109,-101,41,0,-107,-107,-107,-107,-107,-107,41,1,100,-120,-110,-110,-110,-110,41,1,100,-120,-110,-110,-110,-110,41,1,100,-120,-115,-105,-105,-115,41,1,-104,-116,-115,-105,-115,-105,41,1,-110,-110,-110,-110,-110,-110
10/22/2017,LAR,ARI,33,0,46,-3,-165,145,-120,100,-110,-110,45.5,-3,-164,148,-117,106,-103,-107,45.5,-3,-162,148,-117,103,-107,-107,45.5,-3,-170,145,-120,100,-110,-110,46,-3,-165,145,-120,100,-110,-110,46,-3,-150,130,-105,-115,-110,-110,45.5,-3,-168,146,-119,-101,-110,-110,45.5,-3,-165,145,-120,100,-110,-110
10/22/2017,MIA,NYJ,31,28,39.5,-3,-160,140,-115,-105,-110,-110,40,-3,-160,144,-106,-104,-102,-108,40,-3,-157,143,-107,-107,-107,-107,39.5,-3,-165,142,-110,-110,-110,-110,39.5,-3,-170,150,-110,-110,-110,-110,38.5,-3,-165,140,-115,-105,-110,-110,40,-3,-160,140,-105,-115,-105,-115,40,-3,-165,145,-110,-110,-110,-110
10/22/2017,MIN,BAL,24,16,37.5,-5,-240,200,-110,-110,-110,-110,37.5,-5,-220,197,-106,-104,-108,-102,37.5,-5.5,-234,206,-107,-107,-107,-107,37.5,-5,-255,205,-110,-110,-110,-110,38,-5,-210,180,-110,-110,-110,-110,39,-4.5,-210,175,-110,-110,-110,-110,37.5,-5,-244,202,-110,-110,-115,-105,37.5,-5.5,-240,200,-110,-110,-110,-110
10/22/2017,NWE,ATL,23,7,56.5,-3,-140,120,105,-125,-110,-110,56.5,-3,-150,136,104,-115,-101,-109,56.5,-2.5,-142,128,-117,103,-107,-107,57,-3,-145,125,100,-120,-110,-110,57,-3,-150,130,100,-120,-110,-110,57,-3,-150,130,-110,-110,-115,-105,56.5,-2.5,-149,129,-116,-104,-105,-115,56.5,-3,-145,125,100,-120,-110,-110
10/22/2017,NYG,SEA,7,24,39,4,170,-200,-110,-110,-110,-110,39,4,186,-208,-100,-110,-107,-103,38.5,3.5,169,-186,-107,-107,-107,-107,38.5,4,175,-210,-110,-110,-110,-110,39,4,170,-190,-110,-110,-110,-110,38,4,170,-205,-110,-110,-115,-105,39.5,4,170,-200,-111,-109,-106,-114,38.5,4,165,-190,-110,-110,-110,-110
10/22/2017,PIT,CIN,29,14,40.5,-4,-200,170,-110,-110,-110,-110,40,-4,-199,179,-110,-100,-110,100,40,-4.5,-214,186,-107,-107,-107,-107,40,-4,-220,180,-110,-110,-110,-110,40,-4,-210,180,-110,-110,-110,-110,40,-4,-240,195,-125,105,-110,-110,40,-4,-225,188,-110,-110,-110,-110,40,-4.5,-220,180,-110,-110,-110,-110
10/22/2017,SFO,DAL,10,40,48,6,220,-260,-110,-110,-110,-110,48,6.5,235,-265,-107,-103,-103,-107,48,7,236,-264,-132,118,-107,-107,48.5,6.5,240,-300,-110,-110,-110,-110,48.5,6,230,-270,-110,-110,-110,-110,47.5,6.5,250,-310,-105,-115,-115,-105,47.5,6.5,234,-285,-112,-108,-111,-109,48,6.5,235,-275,-110,-110,-110,-110
10/23/2017,PHI,WAS,34,24,48.5,-5.5,-250,210,-110,-110,-110,-110,48.5,-5,-225,201,-103,-107,100,-110,48.5,-5.5,-229,201,-107,-107,-107,-107,48.5,-5,-250,200,-110,-110,-110,-110,49,-5.5,-240,200,-110,-110,-110,-110,48.5,-5.5,-260,210,-115,-105,-110,-110,48.5,-4.5,-235,195,-112,-108,-110,-110,48.5,-5,-240,200,-110,-110,-110,-110
10/26/2017,BAL,MIA,40,0,38,-3,-150,130,-110,-110,-110,-110,38,-3,-156,141,-107,-103,-101,-109,38,-3,-152,138,-107,-107,-107,-107,38,-3,-160,140,-110,-110,-110,-110,38,-3,-150,130,-110,-110,-110,-110,38,-3,-145,125,-110,-110,-115,-105,38,-3,-155,135,-105,-115,-110,-110,38,-3,-155,135,-110,-110,-110,-110
10/29/2017,BUF,OAK,34,14,47,-2,-130,110,-110,-110,-110,-110,47,-2.5,-126,114,-106,-104,-108,-102,47,-1,-130,116,-122,108,-107,-107,47,-1.5,-125,105,-110,-110,-110,-110,47.5,-2,-120,100,-110,-110,-110,-110,47,-1,-115,-105,-110,-110,-110,-110,47,-2.5,-131,111,-110,-110,-112,-108,47.5,-2.5,-135,115,-110,-110,-110,-110
10/29/2017,CIN,IND,24,23,44,-11,-600,450,-110,-110,-110,-110,44,-11,-500,423,-100,-110,100,-110,44,-12,-485,415,113,-127,-107,-107,44,-10.5,-600,425,-110,-110,-110,-110,44,-10.5,-550,425,-110,-110,-110,-110,44,-10.5,-675,475,-110,-110,-115,-105,44,-11,-550,416,-105,-115,-114,-107,44,-11,-550,425,-110,-110,-110,-110
10/29/2017,CLE,MIN,16,33,38,10.5,425,-600,-110,-110,-110,-110,38.5,11,408,-480,-102,-108,-108,-102,38.5,12,444,-531,-122,108,-107,-107,38,11,425,-600,-110,-110,-110,-110,38,10.5,475,-650,-110,-110,-110,-110,38.5,11.5,425,-550,-110,-110,-110,-110,38,11,435,-580,-102,-118,-112,-108,38.5,11,425,-550,-110,-110,-110,-110
10/29/2017,DET,PIT,15,20,45,3,155,-175,-100,-120,-110,-110,44.5,3,153,-170,109,-120,-110,-100,44.5,3,153,-167,103,-117,-107,-107,45.5,3,150,-180,100,-120,-110,-110,45,3,150,-170,100,-120,-110,-110,45.5,3,155,-185,110,-130,-115,-105,44.5,3,152,-176,102,-122,-113,-107,45,3,145,-165,105,-125,-110,-110
10/29/2017,NWE,LAC,21,13,49,-7,-300,250,100,-120,-110,-110,49.5,-6.5,-272,241,-110,-100,-105,-105,49.5,-7,-269,241,113,-127,-107,-107,49,-7,-300,240,100,-120,-110,-110,49,-7,-310,260,100,-120,-110,-110,49,-7,-355,275,-115,-105,-115,-105,49,-6.5,-306,250,-112,-108,-115,-105,49.5,-6.5,-270,230,-110,-110,-110,-110
10/29/2017,NOR,CHI,20,12,46,-7.5,-370,310,-110,-110,-110,-110,46,-7.5,-350,305,-106,-104,100,-110,46,-9,-351,309,108,-122,-107,-107,46,-8.5,-410,310,-110,-110,-110,-110,46,-8,-380,320,-110,-110,-110,-110,46,-9,-435,335,-105,-115,-110,-110,46,-7.5,-390,310,-116,-104,-110,-110,45.5,-7.5,-400,320,-110,-110,-110,-110
10/29/2017,NYJ,ATL,20,25,43.5,6.5,260,-320,100,-120,-110,-110,43.5,6.5,248,-280,102,-113,-119,108,44,7,252,-283,-117,103,-107,-107,44,7,250,-310,-120,100,-110,-110,43.5,6.5,240,-280,-110,-110,-110,-110,44,7,260,-330,-110,-110,-110,-110,44,6.5,249,-306,-105,-115,-106,-114,44,7,250,-300,-120,100,-110,-110
10/29/2017,PHI,SFO,33,10,44.5,-13.5,-950,650,-110,-110,-110,-110,45,-13,-750,604,-110,-100,-101,-109,44.5,-14,-763,587,113,-127,-107,-107,44.5,-12.5,-800,550,-110,-110,-110,-110,44,-13,-900,600,-110,-110,-110,-110,45,-13,-900,650,-115,-105,-105,-115,45,-13,-850,588,-110,-110,-104,-116,45,-13,-700,500,-110,-110,-110,-110
10/29/2017,SEA,HOU,41,38,46,-6,-270,230,-110,-110,-110,-110,45,-6,-250,222,-102,-108,-105,-105,45,-7,-264,236,123,-137,-107,-107,45,-6.5,-280,230,-110,-110,-110,-110,45.5,-6.5,-280,240,-110,-110,-110,-110,45.5,-6.5,-275,225,-110,-110,-110,-110,45,-6,-286,235,-114,-106,-109,-111,45,-6,-260,220,-110,-110,-110,-110
10/29/2017,TAM,CAR,3,17,46.5,-1.5,-110,-110,-110,-110,-110,-110,46,-1.5,-123,111,-110,-100,102,-113,46,0,-122,108,-122,108,-107,-107,46,-1.5,-125,105,-110,-110,-110,-110,46.5,-1,-120,100,-110,-110,-110,-110,46,0,-110,-110,-110,-110,-110,-110,46,-1.5,-127,107,-115,-105,-107,-113,NULL,NULL,NULL,NULL,NULL,NULL,NULL,NULL
10/29/2017,WAS,DAL,19,33,46.5,3,160,-180,105,-125,-110,-110,46.5,3,151,-167,104,-115,-113,102,46.5,3,148,-162,-102,-112,-107,-107,46.5,3,142,-165,-110,-110,-110,-110,47,3,140,-160,-110,-110,-110,-110,46.5,3,150,-180,105,-125,-110,-110,46,3,145,-166,-108,-112,-105,-115,46.5,3,145,-165,-105,-115,-110,-110
10/30/2017,KAN,DEN,29,19,41.5,-7,-340,280,-120,100,-110,-110,42,-7,-305,269,-106,-104,102,-113,42,-7.5,-321,279,108,-122,-107,-107,41.5,-7,-360,280,-120,100,-110,-110,42.5,-7,-340,280,-120,100,-110,-110,42.5,-7.5,-365,285,-110,-110,-110,-110,42,-7,-340,274,-108,-112,-105,-115,41.5,-7,-350,290,-115,-105,-110,-110
11/2/2017,NYJ,BUF,34,21,42.5,3,155,-175,105,-125,-110,-110,42,3,158,-175,112,-124,-108,-102,42,3,158,-172,108,-122,-107,-107,42.5,3,155,-185,100,-120,-110,-110,42.5,3.5,155,-175,-120,100,-110,-110,42.5,3.5,165,-195,-110,-110,-110,-110,42.5,3,155,-180,-101,-119,-110,-110,42.5,3,155,-175,105,-125,-110,-110
11/5/2017,CAR,ATL,20,17,42.5,2.5,145,-165,105,-125,-110,-110,42,3,134,-148,-115,104,102,-113,42,2.5,138,-152,113,-127,-107,-107,42,3,135,-155,-120,100,-110,-110,42,2.5,135,-155,100,-120,-110,-110,43.5,3,135,-155,-105,-115,-110,-110,42,3,133,-155,-123,103,-102,-119,42,3,130,-150,-120,100,-110,-110
11/5/2017,DAL,KAN,28,17,53.5,-2.5,-135,115,-110,-110,-110,-110,53,-2,-128,116,-107,-103,102,-113,53,-2.5,-132,118,-107,-107,-107,-107,53,-2.5,-140,120,-110,-110,-110,-110,53.5,-2.5,-135,115,-110,-110,-110,-110,53,-2.5,-130,110,-115,-105,-110,-110,53,-2,-130,110,-119,-102,-115,-105,53,-2.5,-140,120,-110,-110,-110,-110
11/5/2017,HOU,IND,14,20,44.5,-6,-250,210,-110,-110,-110,-110,45,-6,-253,225,-110,-100,-103,-107,45,-6,-249,221,-107,-107,-107,-107,45,-6,-260,210,-110,-110,-110,-110,44,-6,-260,220,-110,-110,-110,-110,45,-6,-260,210,-105,-115,-110,-110,45,-6,-251,208,-110,-110,-110,-110,45,-6,-250,210,-110,-110,-110,-110
11/5/2017,JAX,CIN,23,7,38,-5.5,-250,210,-110,-110,-110,-110,38,-6,-230,205,-100,-110,-107,-103,38,-6,-239,211,-107,-107,-107,-107,38,-5.5,-260,210,-110,-110,-110,-110,38,-5.5,-250,210,-110,-110,-110,-110,38.5,-5.5,-265,215,-110,-110,-110,-110,38,-6,-260,215,-103,-118,-110,-110,38,-6,-240,200,-110,-110,-110,-110
11/5/2017,MIA,OAK,24,27,44.5,3,150,-170,100,-120,-110,-110,44.5,3,144,-160,100,-110,-100,-110,44.5,3,146,-160,-102,-112,-107,-107,44,3,145,-170,100,-120,-110,-110,45,3.5,150,-170,-120,100,-110,-110,45,3.5,160,-190,100,-120,-110,-110,44.5,3,149,-171,-102,-118,-105,-115,44.5,3,150,-170,100,-120,-110,-110
11/5/2017,NOR,TAM,30,10,55,-7,-330,270,100,-120,-110,-110,54,-7,-300,264,-101,-109,-110,-100,54.5,-7.5,-302,263,118,-132,-107,-107,54.5,-7,-330,260,100,-120,-110,-110,54.5,-7,-300,250,-110,-110,-110,-110,55,-7,-340,270,-115,-105,-110,-110,55,-7,-330,267,-105,-115,-113,-107,54.5,-7,-300,250,100,-120,-110,-110
11/5/2017,NYG,LAR,17,51,42.5,5.5,235,-275,-110,-110,-110,-110,42.5,5.5,220,-247,102,-113,-102,-108,42.5,6,221,-249,-107,-107,-107,-107,42.5,6,220,-270,-110,-110,-110,-110,43,6,210,-250,-110,-110,-110,-110,42,6.5,225,-275,-110,-110,-110,-110,42,5.5,226,-275,-103,-117,-110,-110,42.5,6,220,-260,-110,-110,-110,-110
11/5/2017,PHI,DEN,51,23,41,-7,-300,250,-110,-110,-110,-110,41,-7,-300,264,107,-118,-102,-108,41,-7.5,-302,263,118,-132,-107,-107,41,-7,-330,260,-110,-110,-110,-110,41,-7,-330,270,-110,-110,-110,-110,41,-7,-340,270,-115,-105,-110,-110,41,-7,-330,267,-104,-116,-104,-116,41,-7,-300,250,100,-120,-110,-110
11/5/2017,SFO,ARI,10,20,38.5,2.5,125,-145,-110,-110,-110,-110,39,2.5,118,-130,-108,-102,-101,-109,39,1,118,-132,108,-122,-107,-107,39,2.5,115,-135,-110,-110,-110,-110,39,2.5,120,-140,-110,-110,-110,-110,39.5,2.5,120,-140,-110,-110,-110,-110,38.5,2.5,121,-141,-110,-110,-121,100,38.5,2.5,115,-135,-110,-110,-110,-110
11/5/2017,SEA,WAS,14,17,45,-8,-420,340,-110,-110,-110,-110,44.5,-8,-390,338,-105,-105,-103,-107,44,-9.5,-380,330,108,-122,-107,-107,44.5,-8.5,-450,350,-110,-110,-110,-110,45,-8.5,-400,330,-110,-110,-110,-110,45,-8.5,-460,350,-110,-110,-110,-110,44.5,-8,-435,341,-107,-113,-105,-115,45,-9,-370,310,100,-120,-110,-110
11/5/2017,TEN,BAL,23,20,41,-3,-165,145,-125,105,-110,-110,41,-3,-172,155,-118,107,102,-113,40.5,-3,-162,148,-112,-102,-107,-107,41,-3,-160,140,-120,100,-110,-110,41,-3,-165,145,-110,-110,-110,-110,41.5,-3,-170,145,-120,100,-110,-110,41,-3,-171,148,-124,104,101,-123,40.5,-3,-165,145,-120,100,-110,-110
11/6/2017,GNB,DET,17,30,42.5,2.5,125,-145,-105,-115,-110,-110,42.5,2.5,118,-130,-103,-107,-107,-103,43,1,118,-132,108,-122,-107,-107,42.5,2.5,120,-140,-110,-110,-110,-110,43,2.5,120,-140,-110,-110,-110,-110,43,2.5,120,-140,100,-120,-110,-110,42.5,2,115,-135,-105,-115,-110,-110,43,2.5,120,-140,-110,-110,-110,-110
11/9/2017,ARI,SEA,16,22,40,6.5,235,-275,-115,-105,-110,-110,40,6,218,-245,-109,-101,-109,-101,40,6.5,221,-249,-117,103,-107,-107,40.5,6,230,-280,-110,-110,-110,-110,40.5,6,230,-270,-110,-110,-110,-110,41,6.5,235,-295,-105,-115,-105,-115,40,6,215,-260,-117,-103,-110,-110,40.5,6,220,-260,-110,-110,-110,-110
11/12/2017,ATL,DAL,27,7,49,-3.5,-185,165,-110,-110,-110,-110,49,-3.5,-185,166,-105,-105,101,-111,48.5,-3.5,-186,169,-107,-107,-107,-107,49.5,-3.5,-200,170,-110,-110,-110,-110,49.5,-3.5,-185,165,-110,-110,-110,-110,49.5,-3.5,-180,150,100,-120,-110,-110,48.5,-3,-184,159,-128,107,-106,-114,49,-3.5,-190,165,-110,-110,-110,-110
11/12/2017,BUF,NOR,10,47,48,2,115,-135,-110,-110,-110,-110,48.5,2,116,-128,-103,-107,101,-111,48.5,1,111,-125,103,-117,-107,-107,48,2,115,-135,-110,-110,-110,-110,48,2.5,115,-135,-110,-110,-110,-110,48,2.5,110,-130,-110,-110,-115,-105,48,2,115,-135,-105,-115,-113,-107,48,2,110,-130,-110,-110,-110,-110
11/12/2017,CHI,GNB,16,23,37.5,-4.5,-230,190,-110,-110,-110,-110,37.5,-4.5,-225,201,-115,104,-104,-106,37.5,-5,-219,191,-107,-107,-107,-107,37.5,-5,-240,190,-110,-110,-110,-110,37.5,-5,-210,180,-110,-110,-110,-110,37.5,-5,-230,190,-115,-105,-115,-105,38,-5,-240,199,-115,-105,-105,-115,37.5,-5,-220,180,-110,-110,-110,-110
11/12/2017,DEN,NWE,16,41,45,7,270,-330,-115,-105,-110,-110,45,7,243,-274,-123,111,106,-117,44.5,7.5,263,-302,-132,118,-107,-107,44.5,7,270,-340,-110,-110,-110,-110,44.5,7,270,-330,100,-120,-110,-110,44.5,7,270,-350,105,-125,-110,-110,44.5,7,263,-325,-120,100,-110,-110,44.5,7,270,-330,-110,-110,-110,-110
11/12/2017,DET,CLE,38,24,42,-10,-575,425,-110,-110,-110,-110,42.5,-10.5,-450,385,108,-119,-108,-102,42.5,-11.5,-485,415,113,-127,-107,-107,42.5,-10,-500,375,-110,-110,-110,-110,42.5,-10,-500,400,-110,-110,-110,-110,43,-10,-545,420,-120,100,-110,-110,43,-10,-514,393,-107,-113,-107,-113,42.5,-10,-500,400,-110,-110,-110,-110
11/12/2017,IND,PIT,17,20,46.5,10.5,450,-600,-110,-110,-110,-110,47,10.5,407,-479,-100,-110,-104,-106,47,11.5,415,-485,-122,108,-107,-107,46.5,11,425,-600,-110,-110,-110,-110,47.5,10.5,400,-500,-110,-110,-110,-110,47,10.5,450,-650,100,-120,-110,-110,47,10.5,400,-525,-109,-111,-109,-111,47,11,425,-550,-110,-110,-110,-110
11/12/2017,JAX,LAC,20,17,41,-5,-230,190,-110,-110,-110,-110,40.5,-5,-220,197,-108,-102,-110,-100,41,-5,-219,191,-107,-107,-107,-107,40.5,-4.5,-240,190,-110,-110,-110,-110,41,-4.5,-210,180,-110,-110,-110,-110,40.5,-4.5,-250,200,-110,-110,-110,-110,40.5,-5,-240,199,-110,-110,-110,-110,40.5,-5,-230,190,-110,-110,-110,-110
11/12/2017,LAR,HOU,33,7,45,-13,-750,525,-110,-110,-110,-110,45,-12,-650,534,-109,-101,-102,-108,44.5,-13.5,-652,518,108,-122,-107,-107,45.5,-13,-650,450,-110,-110,-110,-110,45.5,-13,-700,500,-110,-110,-110,-110,45.5,-13,-750,550,-105,-115,-110,-110,45,-13,-655,480,-106,-114,-105,-115,45,-13,-650,475,100,-120,-110,-110
11/12/2017,SFO,NYG,31,21,41,3,140,-160,-110,-110,-110,-110,41.5,3,146,-162,102,-113,106,-117,41,3,146,-160,-107,-107,-107,-107,41.5,3,140,-160,-110,-110,-110,-110,41.5,3,145,-165,-110,-110,-110,-110,42,3,135,-160,-105,-115,-110,-110,41,3,140,-161,-109,-111,-114,-106,41,3,135,-155,-110,-110,-110,-110
11/12/2017,TAM,NYJ,15,10,NULL,NULL,NULL,NULL,NULL,NULL,NULL,NULL,44.5,-1,-121,110,-117,106,-106,-104,44.5,0,-122,108,-122,108,-107,-107,44.5,-1,-120,100,-110,-110,-110,-110,44,-1,-125,105,-110,-110,-110,-110,44.5,0,-115,-105,-115,-105,-110,-110,44.5,-1,-125,105,-115,-105,-110,-110,44.5,-1.5,-110,-110,-110,-110,-110,-110
11/12/2017,TEN,CIN,24,20,40.5,-4.5,-220,180,-110,-110,-110,-110,40.5,-4.5,-220,197,-110,-100,-111,101,40.5,-4.5,-214,186,-107,-107,-107,-107,40.5,-5,-230,185,-110,-110,-110,-110,41,-5,-210,180,-110,-110,-110,-110,41,-4.5,-230,190,-110,-110,-110,-110,40.5,-5,-235,195,-105,-115,-115,-105,40.5,-4.5,-220,180,-110,-110,-110,-110
11/12/2017,WAS,MIN,30,38,NULL,NULL,NULL,NULL,NULL,NULL,NULL,NULL,43,1,-106,-104,-114,103,-107,-103,43,0,-107,-107,-107,-107,-107,-107,42,1,-105,-115,-110,-110,-110,-110,42.5,1,-105,-115,-110,-110,-110,-110,43,0,-110,-110,-110,-110,-110,-110,43,0,-110,-110,-110,-110,-109,-111,43,0,-110,-110,-110,-110,-110,-110
11/13/2017,CAR,MIA,45,21,38.5,-8,-420,340,-110,-110,-110,-110,38.5,-8,-365,318,-100,-110,-103,-107,38.5,-9.5,-370,325,113,-127,-107,-107,38.5,-8,-400,300,-110,-110,-110,-110,39,-8,-410,340,-110,-110,-110,-110,39.5,-9,-440,340,-110,-110,-110,-110,38.5,-8,-401,318,-109,-111,-103,-117,38.5,-9,-400,320,100,-120,-110,-110
11/16/2017,PIT,TEN,40,17,44.5,-7,-340,280,-110,-110,-110,-110,44.5,-7,-315,277,102,-113,-100,-110,44.5,-7.5,-311,269,123,-137,-107,-107,44.5,-7,-350,275,-110,-110,-110,-110,45,-7,-330,270,-110,-110,-110,-110,45,-7.5,-355,275,-105,-115,-115,-105,44.5,-7,-340,274,-101,-119,-110,-110,44.5,-7,-330,270,-105,-115,-110,-110
11/19/2017,CHI,DET,24,27,41,3,150,-170,-105,-115,-110,-110,41,3,140,-155,-106,-104,-101,-109,41,3,148,-162,-107,-107,-107,-107,40.5,3,145,-170,100,-120,-110,-110,41,3,145,-165,-110,-110,-110,-110,41,3.5,155,-185,-120,100,-115,-105,40.5,3,141,-162,-105,-115,-112,-108,41,3,145,-165,-105,-115,-110,-110
11/19/2017,CLE,JAX,7,19,37,7.5,280,-340,-120,100,-110,-110,37,7.5,264,-300,-113,102,-102,-108,37,8,279,-321,-127,113,-107,-107,37,7,270,-340,-110,-110,-110,-110,37,7.5,290,-350,-120,100,-110,-110,37,8,300,-380,-115,-105,-105,-115,37,7,280,-349,-106,-115,-107,-112,37,7,270,-330,-110,-110,-110,-110
11/19/2017,DAL,PHI,9,37,48,6,220,-260,-105,-115,-110,-110,48,6,208,-233,-110,-100,-101,-109,48,6,216,-244,-107,-107,-107,-107,48.5,6.5,220,-270,-110,-110,-110,-110,48.5,6.5,220,-260,-110,-110,-110,-110,48,7,230,-290,100,-120,-120,100,48,6,216,-262,-115,-105,-105,-115,48,6.5,240,-290,-110,-110,-110,-110
11/19/2017,DEN,CIN,17,20,37.5,-2.5,-145,125,-125,105,-110,-110,37.5,-2.5,-155,140,-128,116,-103,-107,37.5,-2.5,-152,138,-127,113,-107,-107,38,-2.5,-150,130,-120,100,-110,-110,37.5,-3,-145,125,100,-120,-110,-110,39,-3,-145,125,-110,-110,-110,-110,38,-3,-150,130,-101,-119,-105,-115,37.5,-3,-140,120,100,-120,-110,-110
11/19/2017,GNB,BAL,0,23,38.5,2.5,110,-130,-110,-110,-110,-110,38.5,2.5,121,-134,-100,-110,-103,-107,38.5,1,117,-131,108,-122,-107,-107,38.5,2.5,115,-135,-110,-110,-110,-110,39,2.5,120,-140,-110,-110,-110,-110,38.5,2.5,115,-135,-110,-110,-110,-110,38.5,2.5,120,-140,-110,-110,-110,-110,38.5,2.5,115,-135,-110,-110,-110,-110
11/19/2017,HOU,ARI,31,21,38,-2.5,-140,120,-110,-110,-110,-110,38,-2.5,-130,118,-103,-107,-103,-107,38,-1,-131,117,-122,108,-107,-107,38.5,-2.5,-135,115,-110,-110,-110,-110,38,-2.5,-140,120,-110,-110,-110,-110,38,-2.5,-135,115,-110,-110,-105,-115,38,-2.5,-140,120,-110,-110,-110,-110,38,-2.5,-140,120,-110,-110,-110,-110
11/19/2017,LAC,BUF,54,24,41,-7,-300,250,100,-120,-110,-110,41.5,-7,-300,264,-101,-109,100,-110,41.5,-7.5,-302,263,118,-132,-107,-107,41.5,-7,-310,250,100,-120,-110,-110,41.5,-6.5,-320,265,-110,-110,-110,-110,41.5,-7,-335,265,100,-120,-110,-110,41.5,-7,-314,255,-109,-111,-112,-108,41,-7,-330,270,-105,-115,-110,-110
11/19/2017,MIA,TAM,20,30,NULL,NULL,NULL,NULL,NULL,NULL,NULL,NULL,44,1,108,-119,102,-113,100,-110,43.5,0,108,-122,108,-122,-107,-107,44,1.5,105,-125,-110,-110,-110,-110,44,1.5,105,-125,-110,-110,-110,-110,43.5,1,105,-125,-105,-115,-110,-110,44,1.5,105,-125,-110,-110,-110,-110,44,1.5,110,-130,-110,-110,-110,-110
11/19/2017,MIN,LAR,24,7,46.5,-2,-125,105,-110,-110,-110,-110,46,-1,-117,106,-107,-103,-113,102,46.5,0,-122,108,-122,108,-107,-107,46.5,-2,-130,110,-110,-110,-110,-110,47,-1,-120,100,-110,-110,-110,-110,46.5,-1.5,-120,100,-110,-110,-110,-110,46,-2,-125,105,-106,-114,-121,100,46.5,-1.5,-130,110,-110,-110,-110,-110
11/19/2017,NOR,WAS,34,31,53,-7.5,-450,350,-120,100,-110,-110,52.5,-9.5,-360,314,102,-113,-105,-105,53,-10.5,-389,336,113,-127,-107,-107,53,-9,-450,350,-110,-110,-110,-110,53,-8.5,-400,330,-110,-110,-110,-110,53,-9.5,-455,345,-115,-105,-110,-110,52.5,-9.5,-393,312,-105,-115,-110,-110,53,-9.5,-450,350,-110,-110,-110,-110
11/19/2017,NYG,KAN,12,9,44.5,10,375,-500,-115,-115,-110,-110,44.5,10,338,-390,-119,108,-105,-105,44.5,10.5,363,-427,-127,113,-107,-107,45,10,350,-450,-110,-110,-110,-110,45,10,380,-460,-110,-110,-110,-110,45,10.5,390,-515,-105,-115,-110,-110,44.5,10,351,-450,-120,100,-110,-110,44.5,10,350,-450,-115,-105,-110,-110
11/19/2017,OAK,NWE,8,33,55.5,7,280,-340,-105,-115,-110,-110,55,7,256,-290,-113,102,-108,-102,55,7.5,269,-311,-127,113,-107,-107,55.5,7,260,-330,-110,-110,-110,-110,55,7.5,265,-320,-110,-110,-110,-110,54.5,7.5,290,-370,100,-120,-115,-105,54.5,7,271,-335,-108,-112,-110,-110,55,7,250,-300,-110,-110,-110,-110
11/20/2017,SEA,ATL,31,34,46,0,-110,-110,-110,-110,-110,-110,46,-1,-114,103,-106,-104,-108,-102,46,0,-107,-107,-107,-107,-107,-107,46,1,100,-120,-110,-110,-110,-110,46.5,1.5,-105,-115,-110,-110,-110,-110,47,2,110,-130,-110,-110,-110,-110,46,-1,-119,-101,-110,-110,-105,-115,46,0,-110,-110,-110,-110,-110,-110
11/23/2017,DAL,LAC,6,28,46.5,1,110,-130,-110,-110,-110,-110,46.5,1,107,-118,102,-113,-106,-104,46.5,0,103,-117,103,-117,-107,-107,46,1,-105,-115,-110,-110,-110,-110,47.5,1,-105,-115,-110,-110,-110,-110,47.5,1,-110,-110,-115,-105,-110,-110,46.5,1,105,-125,-105,-115,-110,-110,46.5,1,110,-130,-110,-110,-110,-110
11/23/2017,DET,MIN,23,30,46,2.5,115,-135,-110,-110,-110,-110,46,2.5,118,-130,-104,-106,-105,-105,45.5,2.5,123,-137,-102,-112,-107,-107,45.5,2.5,125,-145,100,-120,-110,-110,46.5,2.5,120,-140,-110,-110,-110,-110,46.5,3,120,-140,-110,-110,-110,-110,46,2.5,119,-139,-109,-111,-105,-115,46,2.5,115,-135,-110,-110,-110,-110
11/23/2017,WAS,NYG,20,10,44,-7,-340,280,-110,-110,-110,-110,44,-7,-310,273,-108,-102,-102,-108,44,-8,-302,263,123,-137,-107,-107,44,-7,-390,295,-110,-110,-110,-110,44,-7,-330,270,-110,-110,-110,-110,45,-7,-365,285,-120,100,-105,-115,44,-7,-343,277,-112,-108,-110,-110,44,-7,-300,250,-110,-110,-110,-110
11/26/2017,ARI,JAX,27,24,37,6.5,220,-260,-110,-110,-110,-110,37.5,6.5,231,-260,-110,100,108,-119,37,7,246,-274,-127,113,-107,-107,36.5,6.5,220,-270,-110,-110,-110,-110,37.5,6,200,-240,-110,-110,-110,-110,37,6,225,-275,105,-125,-105,-115,37,6,229,-280,-105,-115,-114,-106,37,6.5,235,-275,-110,-110,-110,-110
11/26/2017,ATL,TAM,34,20,47.5,-10,-550,400,-110,-110,-110,-110,47,-10.5,-470,400,106,-117,-115,104,47.5,-11,-485,415,113,-127,-107,-107,47,-10,-650,450,-110,-110,-110,-110,47.5,-10,-600,450,-110,-110,-110,-110,47.5,-10,-675,475,-110,-110,-110,-110,47,-10,-553,418,-110,-110,-115,-105,47.5,-10,-550,425,-110,-110,-110,-110
11/26/2017,CIN,CLE,30,16,39,-7,-360,300,-120,100,-110,-110,39,-7.5,-315,277,102,-113,-110,100,39,-9,-336,294,113,-127,-107,-107,39,-7.5,-400,300,-110,-110,-110,-110,38.5,-8,-360,300,-110,-110,-110,-110,39,-8,-380,300,-115,-105,-115,-105,38.5,-7,-374,298,-120,100,-110,-110,39,-7.5,-330,270,-110,-110,-110,-110
11/26/2017,IND,TEN,16,20,46.5,3,150,-170,100,-120,-110,-110,46.5,3,157,-174,111,-123,102,-113,46.5,3,153,-167,108,-122,-107,-107,46.5,3,150,-180,100,-120,-110,-110,46.5,3,150,-170,100,-120,-110,-110,47,3.5,150,-180,-110,-110,-110,-110,46.5,3,155,-180,100,-120,-111,-110,46.5,3,150,-170,105,-125,-110,-110
11/26/2017,KAN,BUF,10,16,47,-8.5,-350,280,-110,-110,-110,-110,47.5,-8.5,-350,305,104,-115,-110,-100,47,-10,-361,319,123,-137,-107,-107,46.5,-9,-420,320,-110,-110,-110,-110,47,-9,-420,350,-110,-110,-110,-110,47,-9,-400,310,-105,-115,-115,-105,47,-7.5,-400,317,-115,-105,-119,-101,47,-9,-400,320,-105,-115,-110,-110
11/26/2017,LAR,NOR,26,20,54,-2.5,-145,125,-120,-100,-110,-110,54,-2.5,-145,131,-118,107,-103,-107,54,-2.5,-142,128,-117,103,-107,-107,54,-2.5,-150,130,-110,-110,-110,-110,54,-2.5,-155,135,-120,100,-110,-110,54.5,-2.5,-140,120,-120,100,-115,-105,54,-3,-148,128,-106,-113,-105,-115,54,-3,-140,120,105,-125,-110,-110
11/26/2017,NWE,MIA,35,17,48.5,-16.5,-2000,1000,-110,-110,-110,-110,49,-17,-1300,894,113,-125,-108,-102,49,-17.5,-1375,1025,118,-132,-107,-107,49,-16.5,-2000,1000,-110,-110,-110,-110,49,-16.5,-2000,1000,-110,-110,-110,-110,49,-17,-1600,950,-105,-115,-115,-105,49,-16.5,-1702,947,-106,-114,-110,-110,NULL,NULL,NULL,NULL,NULL,NULL,NULL,NULL
11/26/2017,NYJ,CAR,27,35,39,6,220,-260,-110,-110,-110,-110,39.5,5.5,216,-242,-100,-110,-101,-109,39,6,206,-234,-107,-107,-107,-107,39.5,6,210,-260,-110,-110,-110,-110,39.5,6,220,-260,-110,-110,-110,-110,39.5,6,230,-290,100,-120,-115,-105,39.5,6,218,-265,-117,-103,-105,-115,39.5,6,210,-250,-110,-110,-110,-110
11/26/2017,OAK,DEN,21,14,41.5,-3.5,-200,170,-110,-110,-110,-110,41,-3.5,-208,186,-108,-102,-106,-104,41,-4,-205,180,-107,-107,-107,-107,41,-4,-220,180,-110,-110,-110,-110,41.5,-4,-190,170,-110,-110,-110,-110,41,-4,-225,185,-120,100,-105,-115,41,-4,-210,176,-110,-110,-110,-110,41,-3.5,-190,165,-110,-110,-110,-110
11/26/2017,PHI,CHI,31,3,43.5,-13.5,-950,650,-110,-110,-110,-110,43.5,-14,-750,604,111,-123,103,-114,43,-15,-920,685,118,-132,-107,-107,43,-13.5,-1200,750,-110,-110,-110,-110,44,-13.5,-1200,750,-110,-110,-110,-110,44,-13.5,-1150,750,-105,-115,-110,-110,43.5,-13.5,-910,620,-111,-109,-105,-115,43.5,-14,-900,650,-105,-115,-110,-110
11/26/2017,PIT,GNB,31,28,43,-14,-1200,750,-120,100,-110,-110,43,-14,-900,704,-106,-104,-105,-105,43,-15,-1040,760,108,-122,-107,-107,43,-14,-1200,750,-110,-110,-110,-110,43,-14.5,-1200,750,-110,-110,-110,-110,43.5,-14.5,-1450,850,-125,105,-115,-105,43,-14,-1025,676,-117,-103,-110,-110,43,-14,-1000,700,-110,-110,-110,-110
11/26/2017,SFO,SEA,13,24,44.5,6.5,250,-300,-105,-115,-110,-110,45,7,252,-285,-117,106,-107,-103,44.5,7,257,-293,-122,108,-107,-107,45,6.5,250,-310,100,-120,-110,-110,44.5,7,245,-290,-120,100,-110,-110,44.5,7,265,-325,-110,-110,-110,-110,44.5,7,260,-320,-119,-101,-121,100,45,7,240,-290,-115,-105,-110,-110
11/27/2017,BAL,HOU,23,16,39.5,-8,-380,320,-110,-110,-110,-110,39.5,-7.5,-357,311,-107,-103,-102,-108,39.5,-9,-351,309,108,-122,-107,-107,39.5,-8.5,-410,310,-110,-110,-110,-110,40,-8,-370,310,-110,-110,-110,-110,40.5,-8,-380,300,-120,100,-110,-110,39.5,-7.5,-390,310,-110,-110,-115,-105,39.5,-7.5,-360,300,-110,-110,-110,-110
11/30/2017,DAL,WAS,38,14,NULL,NULL,NULL,NULL,NULL,NULL,NULL,NULL,47,1.5,108,-119,-103,-107,103,-114,47,0,108,-122,108,-122,-107,-107,47,1.5,105,-125,-110,-110,-110,-110,47,2,105,-125,-110,-110,-110,-110,47,2,110,-130,100,-120,-115,-105,47,2,107,-127,-108,-112,-105,-115,47,2,110,-130,-110,-110,-110,-110
12/3/2017,ARI,LAR,16,32,43,7,300,-360,-110,-110,-110,-110,43,7.5,273,-310,-117,106,101,-111,43,8,289,-331,-122,108,-107,-107,43,7,270,-340,100,-120,-110,-110,43.5,7.5,250,-300,-120,100,-110,-110,42.5,7.5,280,-360,-105,-115,-110,-110,43.5,7.5,292,-365,-119,-101,-105,-115,43,7,260,-320,100,-120,-110,-110
12/3/2017,ATL,MIN,9,14,48,-2.5,-135,115,-110,-110,-110,-110,48.5,-2,-121,110,100,-110,-102,-108,48.5,-1,-125,111,-117,103,-107,-107,48.5,-2,-130,110,-110,-110,-110,-110,48.5,-2.5,-135,115,-110,-110,-110,-110,48,-2,-135,115,-110,-110,-110,-110,48,-2,-130,110,-110,-110,-110,-110,48.5,-2,-130,110,-110,-110,-110,-110
12/3/2017,BAL,DET,44,20,43,-3,-140,120,105,-125,-110,-110,43,-2.5,-129,117,-104,-106,-100,-110,43,-2.5,-137,123,-112,-102,-107,-107,43.5,-2.5,-140,120,-110,-110,-110,-110,43,-3,-145,125,100,-120,-110,-110,43,-2.5,-140,120,-105,-115,-110,-110,43,-2.5,-135,116,-110,-110,-110,-110,43,-3,-145,125,-105,-115,-110,-110
12/3/2017,BUF,NWE,3,23,48.5,7.5,320,-380,-120,-100,-110,-110,48.5,7.5,285,-325,-115,104,-112,102,49,9,319,-361,-127,113,-107,-107,49,8,310,-410,-110,-110,-110,-110,48.5,8,325,-390,-110,-110,-110,-110,49,9,310,-400,-110,-110,-110,-110,49,7.5,320,-405,-111,-109,-115,-105,49,9,310,-370,-125,105,-110,-110
12/3/2017,CHI,SFO,14,15,42.5,-3,-155,135,105,-125,-110,-110,42,-2.5,-138,125,-114,103,-107,-103,42,-2.5,-142,128,-117,103,-107,-107,42,-2.5,-140,120,-110,-110,-110,-110,41.5,-3,-145,125,100,-120,-110,-110,42.5,-2.5,-145,125,-105,-115,-110,-110,42.5,-2.5,-145,125,-115,-105,-110,-110,42.5,-3,-140,120,100,-120,-110,-110
12/3/2017,GNB,TAM,26,20,45,-3,-175,155,-110,-110,-110,-110,45,-3,-162,146,-115,104,-115,104,45.5,-3,-167,153,-117,103,-107,-107,45.5,-3,-170,145,-120,100,-110,-110,45,-3,-160,140,-110,-110,-110,-110,45,-3,-185,155,-105,-115,-110,-110,45.5,-3,-169,147,-119,-101,-115,-105,45,-3,-165,145,-120,100,-110,-110
12/3/2017,JAX,IND,30,10,41,-9.5,-500,375,-110,-110,-110,-110,41,-10,-440,377,103,-114,-104,-106,41,-11,-456,389,113,-127,-107,-107,41,-10,-500,375,100,-120,-110,-110,41,-9.5,-440,370,-110,-110,-110,-110,40.5,-10,-515,390,-105,-115,-110,-110,41,-10,-525,400,-105,-115,-115,-105,41,-10,-550,425,-110,-110,-110,-110
12/3/2017,LAC,CLE,19,10,44,-13,-1000,700,-110,-110,-110,-110,45,-13.5,-754,607,102,-112,109,-120,44.5,-14,-855,645,113,-127,-107,-107,44.5,-13.5,-1100,700,-110,-110,-110,-110,44.5,-13.5,-1000,650,-110,-110,-110,-110,44.5,-14,-900,650,-110,-110,-115,-105,44.5,-13.5,-1031,679,-103,-117,-112,-108,44.5,-13.5,-900,650,-110,-110,-110,-110
12/3/2017,MIA,DEN,35,9,NULL,NULL,NULL,NULL,NULL,NULL,NULL,NULL,41,1,106,-117,100,-110,-105,-105,41,0,108,-122,108,-122,-107,-107,41,1.5,105,-125,-110,-110,-110,-110,40.5,1.5,105,-125,-110,-110,-110,-110,41,1.5,100,-120,-110,-110,-105,-115,41,1.5,105,-125,-110,-110,-105,-115,40.5,1.5,105,-125,-110,-110,-110,-110
12/3/2017,NOR,CAR,31,21,48,-6,-275,235,-110,-110,-110,-110,48,-5.5,-248,221,-108,-102,101,-111,47.5,-6,-249,221,-107,-107,-107,-107,48,-6,-270,220,-110,-110,-110,-110,48,-6,-240,200,-110,-110,-110,-110,48.5,-6,-265,215,-105,-115,-110,-110,48,-6,-275,226,-110,-110,-105,-115,48,-6,-260,220,-110,-110,-110,-110
12/3/2017,NYJ,KAN,38,31,44,4,175,-210,-110,-110,-110,-110,44,3.5,171,-190,-102,-108,-105,-105,44,3.5,169,-186,-107,-107,-107,-107,44,4,180,-220,-110,-110,-110,-110,44.5,3.5,175,-200,-110,-110,-110,-110,44,4,170,-200,-110,-110,-110,-110,44,4,170,-200,-113,-107,-111,-109,44,4,170,-200,-110,-110,-110,-110
12/3/2017,OAK,NYG,24,17,43,-10,-550,400,-110,-110,-110,-110,43,-10,-450,385,-105,-105,100,-110,43,-10.5,-446,379,103,-117,-107,-107,42.5,-9.5,-470,360,-110,-110,-110,-110,42,-9.5,-420,350,-110,-110,-110,-110,43,-10,-475,365,-110,-110,-110,-110,43,-10,-502,386,100,-120,-110,-110,43,-10,-450,350,-110,-110,-110,-110
12/3/2017,SEA,PHI,24,10,46.5,4,180,-220,-110,-110,-110,-110,46.5,3.5,171,-190,-102,-108,-104,-106,46.5,3,172,-191,123,-137,-107,-107,46.5,4,180,-220,-110,-110,-110,-110,47,4,165,-185,-110,-110,-110,-110,47.5,4.5,170,-205,-110,-110,-115,-105,47,3.5,171,-203,-102,-118,-103,-117,46.5,3.5,155,-175,-110,-110,-110,-110
12/3/2017,TEN,HOU,24,13,42,-7,-320,260,-105,-115,-110,-110,42.5,-7,-285,252,-102,-108,-104,-106,42,-7.5,-283,252,118,-132,-107,-107,42,-7,-330,260,-110,-110,-110,-110,42.5,-7,-300,250,-110,-110,-110,-110,42.5,-7,-320,260,-115,-105,-110,-110,42.5,-7,-320,260,-103,-117,100,-121,42,-7,-320,260,-110,-110,-110,-110
12/4/2017,CIN,PIT,20,23,43,5,190,-230,-110,-110,-100,-120,42.5,4.5,191,-213,-108,-102,-105,-105,43,4.5,186,-214,-107,-107,-107,-107,42.5,4.5,180,-220,-110,-110,-110,-110,43,5,195,-230,-110,-110,-110,-110,43.5,5.5,195,-245,-110,-110,-110,-110,43,4.5,195,-235,-109,-111,-105,-115,43,4.5,190,-230,-110,-110,-110,-110
12/7/2017,ATL,NOR,20,17,51.5,-2.5,-140,120,-105,-115,-110,-110,51.5,-2.5,-132,120,-105,-105,-108,-102,51.5,-1,-132,118,-122,108,-107,-107,51.5,-2.5,-140,120,-110,-110,-110,-110,52,-2.5,-140,120,-110,-110,-110,-110,52,-2.5,-135,115,-110,-110,-115,-105,51.5,-2,-140,120,-119,-101,-110,-110,51.5,-3,-145,125,105,-125,-110,-110
12/10/2017,ARI,TEN,12,7,41.5,3,120,-140,-125,105,-110,-110,42,2.5,129,-143,104,-115,-103,-107,42,2.5,128,-142,103,-117,-107,-107,42,3,130,-150,-120,100,-110,-110,42,3,120,-140,-120,100,-110,-110,42.5,3,125,-145,-125,105,-110,-110,42,3,130,-150,-120,100,-110,-110,42,3,125,-145,-125,105,-110,-110
12/10/2017,BUF,IND,13,7,37,-3,-175,155,-125,105,-110,-110,36.5,-3.5,-180,162,104,-115,-113,102,36.5,-3,-181,164,-127,113,-107,-107,36.5,-3.5,-190,160,100,-120,-110,-110,36,-3.5,-180,160,100,-120,-110,-110,36.5,-3,-190,160,-120,100,-110,-110,37,-3,-190,163,-125,105,-107,-113,36.5,-3,-180,160,-125,105,-110,-110
12/10/2017,CAR,MIN,31,24,40,2.5,115,-135,-110,-110,-110,-110,40.5,2.5,116,-128,-108,-102,-102,-108,40.5,1,116,-130,108,-122,-107,-107,40.5,2.5,115,-135,-110,-110,-110,-110,40,2.5,115,-135,-110,-110,-110,-110,41,2.5,115,-135,105,-125,-110,-110,NULL,NULL,NULL,NULL,NULL,NULL,NULL,NULL,40.5,2.5,115,-135,-110,-110,-110,-110
12/10/2017,CIN,CHI,7,33,40.5,-6,-270,230,-110,-110,-110,-110,40.5,-6,-260,231,-109,-101,104,-115,40,-7,-254,226,123,-137,-107,-107,40,-6,-265,215,-110,-110,-110,-110,40,-6,-260,220,-110,-110,-110,-110,40,-6,-295,235,-110,-110,-110,-110,40,-6,-289,237,-113,-107,-116,-104,40,-6,-260,220,-110,-110,-110,-110
12/10/2017,CLE,GNB,21,27,39,2.5,120,-140,-110,-110,-110,-110,38.5,2.5,120,-133,-104,-106,-110,-100,38.5,2.5,116,-130,-107,-107,-107,-107,37.5,2.5,120,-140,-110,-110,-110,-110,39,3,130,-150,-120,100,-110,-110,39,2.5,130,-150,-105,-115,-110,-110,38.5,2.5,120,-140,-109,-111,-105,-115,NULL,NULL,NULL,NULL,NULL,NULL,NULL,NULL
12/10/2017,DEN,NYJ,23,0,NULL,NULL,NULL,NULL,NULL,NULL,NULL,NULL,40.5,1,-106,-104,-111,101,-107,-103,40.5,0,103,-117,103,-117,-107,-107,40.5,1,-105,-115,-110,-110,-110,-110,41,1,-105,-115,-110,-110,-110,-110,40.5,1.5,100,-120,-110,-110,-110,-110,41,1,-108,-112,-115,-105,-105,-115,41,1,-110,-110,-110,-110,-110,-110
12/10/2017,HOU,SFO,16,26,45.5,-2,-135,115,-110,-110,-110,-110,45.5,-1,-123,111,-115,104,-101,-109,45,0,-120,106,-120,106,-107,-107,NULL,NULL,NULL,NULL,NULL,NULL,NULL,NULL,45.5,-2,-130,110,-110,-110,-110,-110,45.5,-1.5,-120,100,-110,-110,-110,-110,45.5,-1,-125,105,-116,-104,-110,-110,45,-1.5,-130,110,-110,-110,-110,-110
12/10/2017,JAX,SEA,30,24,41,-2.5,-140,120,-110,-110,-110,-110,41,-3,-143,129,110,-121,-100,-110,40.5,-2.5,-142,128,-117,103,-107,-107,41,-2.5,-145,125,-120,100,-110,-110,41,-2.5,-140,120,-120,100,-110,-110,41,-3,-135,115,105,-125,-110,-110,41,-3,-145,125,109,-129,-109,-111,41,-3,-150,130,105,-125,-110,-110
12/10/2017,KAN,OAK,26,15,48.5,-4,-210,175,-105,-115,-110,-110,48.5,-4.5,-209,187,102,-113,-105,-105,48.5,-4,-205,180,-107,-107,-107,-107,48.5,-4.5,-230,185,-110,-110,-110,-110,49,-4.5,-190,170,-110,-110,-110,-110,48.5,-4.5,-205,170,-105,-115,-115,-105,48,-4,-205,172,-109,-111,-118,-103,48.5,-4,-210,175,-110,-110,-110,-110
12/10/2017,LAC,WAS,30,13,46,-6,-270,230,-110,-110,-110,-110,46.5,-6,-260,231,-108,-102,-106,-104,46.5,-7,-264,236,123,-137,-107,-107,46.5,-6,-290,235,-110,-110,-110,-110,NULL,NULL,NULL,NULL,NULL,NULL,NULL,NULL,47,-6.5,-310,250,-115,-105,-110,-110,46.5,-6.5,-301,246,-106,-114,-110,-110,46.5,-6.5,-270,230,-110,-110,-110,-110
12/10/2017,LAR,PHI,35,43,47.5,1.5,-110,-110,-110,-110,-110,-110,47.5,1,102,-113,-105,-105,-106,-104,47.5,0,103,-117,103,-117,-107,-107,47.5,2,105,-125,-110,-110,-110,-110,47.5,0,-110,-110,-110,-110,-110,-110,47.5,1.5,105,-125,-110,-110,-110,-110,47,1,100,-120,-110,-110,-110,-110,47,0,-110,-110,-110,-110,-110,-110
12/10/2017,NYG,DAL,10,30,42.5,4,180,-220,-110,-110,-110,-110,42,4,175,-195,-109,-101,-107,-103,42.5,4,186,-214,-107,-107,-107,-107,42,3.5,175,-210,-110,-110,-110,-110,41.5,4,180,-210,-110,-110,-110,-110,42.5,4.5,190,-230,-110,-110,-115,-105,42.5,4,184,-220,-110,-110,-114,-106,42.5,4,170,-200,-110,-110,-110,-110
12/10/2017,PIT,BAL,39,38,43,-6,-260,220,-110,-110,-110,-110,43,-6,-248,221,-100,-110,-105,-105,43,-6,-254,226,-107,-107,-107,-107,43.5,-6,-270,220,-110,-110,-110,-110,43.5,-6,-260,220,-110,-110,-110,-110,43,-6,-275,225,-110,-110,-110,-110,43,-6,-276,227,-112,-108,-110,-110,43,-6,-260,220,-110,-110,-110,-110
12/10/2017,TAM,DET,21,24,NULL,NULL,NULL,NULL,NULL,NULL,NULL,NULL,47.5,0,-108,-102,-108,-102,-114,103,48,0,-107,-107,-107,-107,-107,-107,48,0,-110,-110,-110,-110,-110,-110,47.5,0,-110,-110,-110,-110,-110,-110,48,0,100,-120,100,-120,-110,-110,48,0,-115,-105,-115,-105,-115,-105,48,0,-110,-110,-110,-110,-110,-110
12/11/2017,MIA,NWE,27,20,48,10.5,450,-650,-115,-105,-110,-110,48,10,416,-490,-102,-108,-105,-105,48,12,472,-578,-127,113,-107,-107,48,10.5,425,-600,-110,-110,-110,-110,48.5,10.5,450,-600,-110,-110,-110,-110,48.5,12,500,-700,-110,-110,-110,-110,48,10,422,-560,-105,-115,-110,-110,48,10.5,450,-600,-110,-110,-110,-110
12/14/2017,IND,DEN,13,25,40.5,3,125,-145,-120,100,-110,-110,40.5,3,131,-145,-115,104,-108,-102,40.5,2.5,133,-147,108,-122,-107,-107,40.5,3,125,-145,-120,100,-110,-110,41,2.5,125,-145,100,-120,-110,-110,40.5,3,125,-145,-115,-105,-110,-110,40.5,3,130,-150,-118,-102,-113,-107,40.5,3,130,-150,-115,-105,-110,-110
12/16/2017,DET,CHI,20,10,44,-5,-260,220,-110,-110,-110,-110,43.5,-5,-236,211,-109,-101,-104,-106,43.5,-5,-234,206,-107,-107,-107,-107,43.5,-5,-240,190,-110,-110,-110,-110,43.5,-5,-250,210,-110,-110,-110,-110,44,-5.5,-260,210,-115,-105,-115,-105,43.5,-5,-250,207,-105,-115,-104,-116,43.5,-5,-230,190,-110,-110,-110,-110
12/16/2017,KAN,LAC,30,13,47,0,-110,-110,-110,-110,-110,-110,47,-1,-113,102,-106,-104,-113,102,47,0,-107,-107,-107,-107,-107,-107,47,0,-110,-110,-110,-110,-110,-110,47,0,-110,-110,-110,-110,-110,-110,47.5,0,-110,-110,-110,-110,-110,-110,47,-1,-115,-105,-105,-115,-114,-106,47,0,-110,-110,-110,-110,-110,-110
12/17/2017,BUF,MIA,24,16,40,-3.5,-180,160,-110,-110,-110,-110,39.5,-3.5,-185,166,-103,-107,-115,104,40,-4,-186,169,-107,-107,-107,-107,40,-3.5,-190,160,-110,-110,-110,-110,39.5,-3.5,-190,170,-110,-110,-110,-110,40,-3.5,-195,165,-110,-110,-110,-110,40,-3.5,-185,160,-113,-107,-111,-109,40,-3.5,-190,165,-110,-110,-110,-110
12/17/2017,CAR,GNB,31,24,46.5,-3,-160,140,100,-120,-110,-110,46.5,-3,-150,136,-100,-110,-103,-107,46.5,-2.5,-147,133,-122,108,-107,-107,46.5,-3,-150,130,100,-120,-110,-110,47.5,-3,-150,130,100,-120,-110,-110,47.5,-3,-150,130,-110,-110,-110,-110,46.5,-3,-154,134,104,-125,-108,-112,46.5,-3,-150,130,100,-120,-110,-110
12/17/2017,CLE,BAL,10,27,42.5,7,250,-300,-120,100,-110,-110,42,6.5,231,-260,-108,-102,-113,102,42,7.5,257,-293,-137,123,-107,-107,42.5,6.5,250,-310,-110,-110,-110,-110,42,7,260,-310,-120,100,-110,-110,42.5,7.5,260,-320,-115,-105,-110,-110,42.5,6.5,245,-300,-110,-110,-110,-110,42.5,7,250,-300,-120,100,-110,-110
12/17/2017,JAX,HOU,45,7,38.5,-10.5,-550,400,-110,-110,-110,-110,39,-10.5,-450,385,102,-113,-108,-102,39.5,-12,-509,431,113,-127,-107,-107,39.5,-10.5,-600,425,-110,-110,-110,-110,38.5,-10.5,-550,425,-110,-110,-110,-110,39,-10.5,-670,470,-110,-110,-110,-110,39.5,-10,-522,398,-114,-106,-110,-110,39.5,-10.5,-550,425,-110,-110,-110,-110
12/17/2017,MIN,CIN,34,7,42.5,-13.5,-800,550,-100,-120,-110,-110,42.5,-12.5,-650,534,-110,-100,-115,104,42.5,-13.5,-716,559,108,-122,-107,-107,42.5,-13,-900,600,-110,-110,-110,-110,43,-12.5,-800,550,-110,-110,-110,-110,43,-13,-850,600,-110,-110,-110,-110,43,-12.5,-743,530,-110,-110,-105,-115,43,-13,-800,600,-105,-115,-110,-110
12/17/2017,NOR,NYJ,31,19,47,-16,-1500,900,-110,-110,-110,-110,47,-16.5,-1100,789,102,-113,-103,-107,46.5,-17,-1280,955,103,-117,-107,-107,47,-15.5,-1800,950,-110,-110,-110,-110,47,-16,-1600,900,-110,-110,-110,-110,47,-16,-1700,1000,-110,-110,-105,-115,47,-16,-1601,913,-107,-113,-103,-118,NULL,NULL,NULL,NULL,NULL,NULL,NULL,NULL
12/17/2017,NYG,PHI,29,34,40.5,7.5,290,-320,-115,-105,-110,-110,40.5,7.5,264,-300,-119,108,-107,-103,40.5,8.5,299,-341,-122,108,-107,-107,41,7.5,300,-400,-120,100,-110,-110,41,7.5,260,-310,-110,-110,-110,-110,41,7,275,-345,-105,-115,-115,-105,41,7,266,-329,-103,-117,-105,-115,41,7.5,260,-320,-110,-110,-110,-110
12/17/2017,OAK,DAL,17,20,46,3,145,-165,-105,-115,-110,-110,46,3,129,-143,-115,104,-102,-108,46.5,3,138,-152,-112,-102,-107,-107,46.5,3,140,-160,-110,-110,-110,-110,46.5,3,130,-150,-110,-110,-110,-110,46.5,3,130,-150,-105,-115,-110,-110,46,3,130,-150,-115,-105,-111,-109,46.5,3,125,-145,-120,100,-110,-110
12/17/2017,PIT,NWE,24,27,53,3,110,-130,-125,105,-110,-110,53,2.5,126,-139,102,-113,-115,104,53,2.5,118,-132,-107,-107,-107,-107,53,2.5,115,-135,-110,-110,-110,-110,53.5,2.5,115,-135,-110,-110,-110,-110,53.5,2.5,120,-140,100,-120,-110,-110,53,2.5,116,-136,-115,-105,-110,-110,53,2.5,115,-135,-110,-110,-110,-110
12/17/2017,SFO,TEN,25,23,44.5,-2,-125,105,-110,-110,-110,-110,44.5,-2.5,-123,111,102,-113,-102,-108,44.5,-2.5,-132,118,-107,-107,-107,-107,44.5,-2,-135,115,-110,-110,-110,-110,44.5,-2,-130,110,-110,-110,-110,-110,45,-2.5,-135,115,-110,-110,-105,-115,44.5,-2.5,-135,115,-105,-115,-113,-108,44.5,-2,-130,110,-110,-110,-110,-110
12/17/2017,SEA,LAR,7,42,NULL,NULL,NULL,NULL,NULL,NULL,NULL,NULL,47.5,1,-108,-102,-110,-100,-110,100,47.5,0,-107,-107,-107,-107,-107,-107,47.5,0,-110,-110,-110,-110,-110,-110,48,-1,-120,100,-110,-110,-110,-110,47.5,0,-110,-110,-110,-110,-110,-110,47.5,1,-102,-119,-115,-105,-108,-113,47.5,0,-110,-110,-110,-110,-110,-110
12/17/2017,WAS,ARI,20,15,40.5,-4,-220,180,-110,-110,-110,-110,40,-4,-202,181,-110,100,-102,-108,40,-4.5,-214,186,-107,-107,-107,-107,40,-4,-220,180,-110,-110,-110,-110,40.5,-4,-210,180,-110,-110,-110,-110,40,-4.5,-195,165,-110,-110,-110,-110,40,-4.5,-210,176,-110,-110,-115,-105,39.5,-4,-210,175,-110,-110,-110,-110
12/18/2017,TAM,ATL,21,24,49.5,7,290,-350,-110,-110,-110,-110,49.5,7,281,-320,-108,-102,-101,-109,49.5,7.5,284,-326,-132,118,-107,-107,49.5,7,275,-350,-110,-110,-110,-110,49.5,7,270,-330,-110,-110,-110,-110,50,7,285,-365,-105,-115,-110,-110,50,7,285,-355,-112,-108,-102,-119,49.5,7,290,-350,-110,-110,-110,-110
12/23/2017,BAL,IND,23,16,41,-13.5,-1000,700,-115,-105,-110,-110,41,-13.5,-800,638,-102,-108,-100,-110,41,-14.5,-920,685,113,-127,-107,-107,41,-13.5,-1100,700,-110,-110,-110,-110,41,-13.5,-1100,700,-110,-110,-110,-110,41,-13.5,-1000,700,-115,-105,-110,-110,41,-13.5,-900,614,-106,-114,-110,-110,41,-13.5,-900,650,-110,-110,-110,-110
12/23/2017,GNB,MIN,0,16,41,9.5,375,-500,-110,-110,-110,-110,41,8.5,346,-400,-110,-100,-106,-104,41,10,361,-422,-122,108,-107,-107,41,8.5,350,-450,-110,-110,-110,-110,41,9.5,375,-450,-110,-110,-110,-110,41,9.5,350,-460,-105,-115,-110,-110,41,9,367,-475,-115,-105,-110,-110,41.5,9,400,-500,-110,-110,-110,-110
12/24/2017,ARI,NYG,23,0,39,-3.5,-200,170,105,-125,-110,-110,39,-3,-173,156,-116,105,-106,-104,39,-3,-167,153,-117,103,-107,-107,39.5,-3,-185,155,-120,100,-110,-110,39.5,-3,-170,150,-120,100,-110,-110,39.5,-3,-185,155,-125,105,-110,-110,40,-3,-180,155,-119,-101,-105,-115,39,-3,-175,155,-120,100,-110,-110
12/24/2017,CAR,TAM,22,19,47,-9.5,-700,500,-110,-110,-110,-110,46.5,-10,-450,385,-102,-108,-115,104,47.5,-10.5,-456,389,113,-127,-107,-107,47,-10,-550,400,-110,-110,-110,-110,47.5,-10,-550,425,-110,-110,-110,-110,47,-10.5,-525,400,100,-120,-115,-105,47,-10,-550,416,-111,-109,-115,-105,47,-10,-475,375,-110,-110,-110,-110
12/24/2017,CHI,CLE,20,3,37,-6,-240,200,-110,-110,-110,-110,37,-5.5,-230,205,-106,-104,-100,-110,37,-6,-239,211,-107,-107,-107,-107,36.5,-5.5,-240,190,-110,-110,-110,-110,36.5,-6,-220,190,-110,-110,-110,-110,36.5,-6,-280,230,-105,-115,-110,-110,37,-6,-245,203,-105,-115,-110,-110,36.5,-6,-250,210,-110,-110,-110,-110
12/24/2017,CIN,DET,26,17,43.5,3.5,155,-175,-125,105,-110,-110,43.5,3,139,-154,-106,-104,-105,-105,43.5,3,153,-167,103,-117,-107,-107,43.5,3,148,-175,100,-120,-110,-110,44,3.5,150,-170,-120,100,-110,-110,43.5,3.5,150,-180,-115,-105,-110,-110,43.5,3,151,-175,-105,-115,-115,-105,43.5,3,160,-180,105,-125,-110,-110
12/24/2017,DAL,SEA,12,21,48,-4,-220,180,-110,-110,-110,-110,47,-4.5,-213,191,102,-112,-117,106,47.5,-4.5,-214,186,-107,-107,-107,-107,47.5,-4.5,-240,190,-110,-110,-110,-110,47.5,-4,-200,175,-110,-110,-110,-110,47.5,-4,-220,180,-115,-105,-110,-110,47.5,-4.5,-235,195,-105,-115,100,-121,47.5,-4.5,-230,190,-110,-110,-110,-110
12/24/2017,KAN,MIA,29,13,43.5,-10.5,-500,375,-110,-110,-110,-110,43.5,-11,-510,431,-100,-110,-103,-107,43.5,-11.5,-531,444,108,-122,-107,-107,NULL,NULL,NULL,NULL,NULL,NULL,NULL,NULL,43.5,-10.5,-550,425,-110,-110,-110,-110,43.5,-11,-675,475,-105,-115,-115,-105,44,-11,-600,447,-108,-112,-107,-113,43.5,-11,-550,425,-110,-110,-110,-110
12/24/2017,NWE,BUF,37,16,48,-11.5,-600,450,-110,-110,-110,-110,47.5,-11,-510,431,-107,-103,-112,102,48,-12.5,-578,472,113,-127,-107,-107,47.5,-11,-650,450,-110,-110,-110,-110,NULL,NULL,NULL,NULL,NULL,NULL,NULL,NULL,47.5,-11,-700,500,-110,-110,-110,-110,47.5,-11,-600,447,-108,-112,-112,-108,48,-11,-600,450,-110,-110,-110,-110
12/24/2017,NOR,ATL,23,13,52,-5.5,-280,240,-110,-110,-110,-110,52,-5.5,-242,216,-108,-102,-103,-107,52,-5,-229,201,-107,-107,-107,-107,51.5,-5.5,-250,200,-110,-110,-110,-110,52.5,-5.5,-250,210,-110,-110,-110,-110,51.5,-5.5,-260,210,-110,-110,-110,-110,NULL,NULL,NULL,NULL,NULL,NULL,NULL,NULL,52,-5.5,-240,200,-110,-110,-110,-110
12/24/2017,NYJ,LAC,7,14,42.5,7,260,-320,-110,-110,-110,-110,42.5,7.5,264,-300,-117,106,-103,-107,42.5,7.5,269,-311,-127,113,-107,-107,42.5,7,280,-360,-110,-110,-110,-110,42.5,7,280,-340,-110,-110,-110,-110,42.5,7,285,-365,-110,-110,-115,-105,42.5,7,283,-352,-110,-110,-110,-110,42.5,7,250,-300,-105,-115,-110,-110
12/24/2017,SFO,JAX,44,33,43,4,190,-230,-110,-110,-110,-110,43,4,186,-208,-108,-102,-104,-106,43,4,183,-210,-107,-107,-107,-107,43,4,175,-210,-110,-110,-110,-110,43,4,180,-210,-110,-110,-110,-110,43,4.5,170,-200,100,-120,-110,-110,43.5,3.5,172,-205,-105,-115,-107,-113,43,4,175,-210,-110,-110,-110,-110
12/24/2017,TEN,LAR,23,27,46,6,230,-270,-110,-110,-110,-110,46,5.5,205,-230,-105,-105,-105,-105,46,5.5,206,-234,-107,-107,-107,-107,46,5.5,190,-240,-110,-110,-110,-110,46,6,210,-250,-110,-110,-110,-110,46,7,205,-255,-125,105,-110,-110,46.5,5.5,199,-240,-110,-110,-109,-111,46,6,200,-240,-110,-110,-110,-110
12/24/2017,WAS,DEN,27,11,39.5,-3,-160,140,-110,-110,-110,-110,39.5,-3,-160,144,-110,100,103,-114,39.5,-2.5,-147,133,-122,108,-107,-107,38.5,-3,-170,145,-110,-110,-110,-110,39.5,-3,-165,145,-110,-110,-110,-110,39,-3,-170,145,-110,-110,-110,-110,39.5,-3,-164,142,-112,-108,-108,-112,NULL,NULL,NULL,NULL,NULL,NULL,NULL,NULL
12/25/2017,HOU,PIT,6,34,45.5,8.5,350,-450,-110,-110,-110,-110,45.5,8,346,-400,-107,-103,-104,-106,45.5,10,363,-427,-127,113,-107,-107,45.5,9,365,-475,-110,-110,-110,-110,45,9,340,-410,-110,-110,-110,-110,45.5,9,380,-490,-105,-115,-110,-110,45,9,358,-460,-106,-114,-116,-104,45.5,9,350,-450,-125,105,-110,-110
12/25/2017,PHI,OAK,19,10,46,-10,-550,400,-110,-110,-110,-110,46,-10,-420,361,-100,-110,-103,-107,46,-11.5,-461,394,118,-132,-107,-107,45.5,-10,-565,415,-110,-110,-110,-110,46,-10,-500,400,-110,-110,-110,-110,46.5,-10.5,-550,425,-105,-115,-110,-110,45.5,-10,-440,344,-104,-116,-110,-110,46,-10,-450,350,-110,-110,-110,-110
12/31/2017,ATL,CAR,22,10,44.5,-5.5,-240,200,-110,-110,-110,-110,44.5,-5,-236,211,-110,-100,-100,-110,44.5,-5,-229,201,-107,-107,-107,-107,44.5,-5,-260,210,-110,-110,-110,-110,44.5,-4.5,-230,185,-110,-110,-110,-110,44.5,-4.5,-225,185,-110,-110,-110,-110,44.5,-5,-235,195,-110,-110,-102,-118,44.5,-5,-230,190,-110,-110,-110,-110
12/31/2017,BAL,CIN,27,31,40,-8.5,-400,300,-110,-110,-110,-110,40,-8,-370,322,102,-113,-104,-106,39.5,-9.5,-370,325,108,-122,-107,-107,39,-8,-450,350,-110,-110,-110,-110,40,-8,-475,335,-110,-110,-110,-110,40,-9,-470,360,-115,-105,-115,-105,40,-8,-407,322,-110,-110,-105,-115,39.5,-9,-400,320,100,-120,-110,-110
12/31/2017,DEN,KAN,24,27,37.5,-3,-160,140,-110,-110,-110,-110,37.5,-3,-174,154,-119,108,-105,-105,37.5,-3,-170,156,-117,103,-107,-107,37.5,-3,-170,145,-110,-110,-110,-110,38,-3,-160,135,-110,-110,-110,-110,37,-3,-180,150,-105,-115,-110,-110,37.5,-3,-165,144,-119,-101,-115,-105,37.5,-3,-155,135,-115,-105,-110,-110
12/31/2017,DET,GNB,35,11,45,-7,-350,290,-110,-110,-110,-110,45,-7.5,-315,277,103,-114,-105,-105,44.5,-7.5,-311,269,113,-127,-107,-107,45,-7.5,-400,300,100,-120,-110,-110,44.5,-7,-330,250,-110,-110,-110,-110,45,-7,-360,280,-115,-105,-110,-110,44.5,-7,-350,281,-120,100,-110,-110,45,-7,-330,270,-120,100,-110,-110
12/31/2017,IND,HOU,22,13,41.5,-5.5,-260,220,-110,-110,-110,-110,42,-5.5,-230,201,-102,-108,-102,-108,42,-6,-244,216,-107,-107,-107,-107,41.5,-5.5,-260,210,-110,-110,-110,-110,41.5,-6,-240,190,-110,-110,-110,-110,42,-5.5,-255,205,-115,-105,-110,-110,42,-5.5,-235,195,-105,-115,-109,-111,42,-5.5,-245,205,-110,-110,-110,-110
12/31/2017,LAC,OAK,30,10,43,-7,-330,270,-105,-115,-110,-110,43,-7,-305,269,104,-115,-115,104,43.5,-7.5,-302,263,123,-137,-107,-107,43,-7,-340,270,100,-120,-110,-110,43,-7,-320,240,100,-120,-110,-110,43,-6.5,-360,280,-115,-105,-110,-110,43,-7,-350,281,-105,-115,-115,-105,43.5,-7,-290,240,100,-120,-110,-110
12/31/2017,LAR,SFO,13,34,44,6,230,-270,100,-120,-110,-110,44.5,6.5,241,-278,102,-113,100,-110,44,7,246,-274,-127,113,-107,-107,43.5,6.5,240,-300,-110,-110,-110,-110,43.5,6.5,220,-300,-110,-110,-110,-110,44.5,6,210,-260,-110,-110,-110,-110,44,6.5,245,-300,-110,-110,-110,-110,44,6.5,220,-260,-110,-110,-110,-110
12/31/2017,MIA,BUF,16,22,41.5,2.5,115,-135,-110,-110,-110,-110,41.5,2.5,118,-130,-108,-102,102,-113,41.5,2.5,120,-134,-102,-112,-107,-107,42,2.5,130,-150,100,-120,-110,-110,42,2.5,115,-135,100,-120,-110,-110,41.5,2.5,130,-150,110,-130,-110,-110,41.5,2.5,115,-135,-105,-115,-111,-109,41.5,3,115,-135,-120,100,-110,-110
12/31/2017,MIN,CHI,23,10,37.5,-13.5,-950,650,-110,-110,-110,-110,38,-13.5,-750,581,111,-123,-100,-110,38.5,-13.5,-763,587,108,-122,-107,-107,38.5,-13,-1000,650,-110,-110,-110,-110,38.5,-12.5,-900,600,-110,-110,-110,-110,38,-13,-875,625,-115,-105,-110,-110,38,-13,-981,655,-101,-119,-110,-110,38,-13,-800,600,100,-120,-110,-110
12/31/2017,NWE,NYJ,26,6,43,-16,-1800,1100,-110,-110,-110,-110,43.5,-17,-1400,851,109,-120,-117,106,43,-17,-1304,971,123,-137,-107,-107,43.5,-16,-3000,1200,-110,-110,-110,-110,43,-15.5,-2000,1000,-110,-110,-110,-110,43,-16.5,-1700,1000,-110,-110,-110,-110,43.5,-16,-1903,1012,-110,-110,-123,102,NULL,NULL,NULL,NULL,NULL,NULL,NULL,NULL
12/31/2017,NYG,WAS,18,10,41,5.5,230,-270,-110,-110,-110,-110,41,5,201,-230,-104,-106,-108,-102,40.5,4,174,-196,-107,-107,-107,-107,41,5,190,-240,-110,-110,-110,-110,40.5,4.5,180,-220,-110,-110,-110,-110,40.5,5,190,-230,-105,-115,-110,-110,41,5,188,-226,-110,-110,-110,-110,41,5,190,-230,-110,-110,-110,-110
12/31/2017,PHI,DAL,0,6,41.5,4,175,-210,-110,-110,-110,-110,41,4,186,-212,-100,-110,101,-111,40,3,153,-167,103,-117,-107,-107,41,4,175,-210,-110,-110,-110,-110,40.5,3.5,155,-185,-110,-110,-110,-110,41,4,170,-200,-105,-115,-115,-105,41,4,171,-202,-105,-115,-104,-116,41,3.5,165,-190,-110,-110,-110,-110
12/31/2017,PIT,CLE,28,24,38,-6,-210,175,100,-120,-110,-110,38.5,-5,-200,176,102,-113,111,-123,38.5,-7,-249,221,123,-137,-107,-107,37.5,-5,-215,178,-110,-110,-110,-110,38,-5.5,-250,200,-110,-110,-110,-110,38,-5.5,-230,190,-115,-105,-110,-110,38,-5,-221,186,-110,-110,-115,-105,38.5,-5,-220,180,-110,-110,-110,-110
12/31/2017,SEA,ARI,24,26,38,-8.5,-420,340,-110,-110,-110,-110,38,-8,-374,325,101,-111,-110,100,38,-9.5,-370,325,108,-122,-107,-107,38,-8,-420,320,-110,-110,-110,-110,38,-8,-450,325,-110,-110,-110,-110,38,-9,-430,330,-115,-105,-115,-105,38,-8,-375,299,-114,-106,-113,-107,38.5,-9,-370,310,100,-120,-110,-110
12/31/2017,TAM,NOR,31,24,49,6,240,-280,-110,-110,-110,-110,49,6,222,-250,-108,-102,-123,111,49.5,7,236,-264,-137,123,-107,-107,49,6,255,-320,-110,-110,-110,-110,49,6.5,215,-285,-110,-110,-110,-110,49,6.5,230,-290,-105,-115,-115,-105,49,6,237,-290,-111,-109,-115,-105,49.5,6,230,-270,-110,-110,-110,-110
12/31/2017,TEN,JAX,15,10,40,-2.5,-150,130,-110,-110,-110,-110,40,-2.5,-138,125,-113,102,-104,-106,40,-2.5,-137,123,-112,-102,-107,-107,40.5,-2.5,-155,135,-120,100,-110,-110,41,-2.5,-135,115,-110,-110,-110,-110,40.5,-2.5,-140,120,-110,-110,-115,-105,40.5,-2.5,-140,120,-113,-107,-106,-114,40,-2.5,-135,115,-110,-110,-110,-110
1/6/2018,KAN,TEN,21,22,NULL,NULL,NULL,NULL,NULL,NULL,NULL,NULL,NULL,NULL,NULL,NULL,NULL,NULL,NULL,NULL,NULL,NULL,NULL,NULL,NULL,NULL,NULL,NULL,NULL,NULL,NULL,NULL,NULL,NULL,NULL,NULL,NULL,NULL,NULL,NULL,NULL,NULL,NULL,NULL,NULL,NULL,NULL,NULL,NULL,NULL,NULL,NULL,NULL,NULL,NULL,NULL,NULL,NULL,NULL,NULL,NULL,NULL,NULL,NULL,NULL,NULL,NULL,NULL
1/6/2018,LAR,ATL,13,26,NULL,NULL,NULL,NULL,NULL,NULL,NULL,NULL,NULL,NULL,NULL,NULL,NULL,NULL,NULL,NULL,NULL,NULL,NULL,NULL,NULL,NULL,NULL,NULL,NULL,NULL,NULL,NULL,NULL,NULL,NULL,NULL,NULL,NULL,NULL,NULL,NULL,NULL,NULL,NULL,NULL,NULL,NULL,NULL,NULL,NULL,NULL,NULL,NULL,NULL,NULL,NULL,NULL,NULL,NULL,NULL,NULL,NULL,NULL,NULL,NULL,NULL,NULL,NULL
1/7/2018,JAX,BUF,10,3,NULL,NULL,NULL,NULL,NULL,NULL,NULL,NULL,NULL,NULL,NULL,NULL,NULL,NULL,NULL,NULL,NULL,NULL,NULL,NULL,NULL,NULL,NULL,NULL,NULL,NULL,NULL,NULL,NULL,NULL,NULL,NULL,NULL,NULL,NULL,NULL,NULL,NULL,NULL,NULL,NULL,NULL,NULL,NULL,NULL,NULL,NULL,NULL,NULL,NULL,NULL,NULL,NULL,NULL,NULL,NULL,NULL,NULL,NULL,NULL,NULL,NULL,NULL,NULL
1/7/2018,NOR,CAR,31,26,NULL,NULL,NULL,NULL,NULL,NULL,NULL,NULL,NULL,NULL,NULL,NULL,NULL,NULL,NULL,NULL,NULL,NULL,NULL,NULL,NULL,NULL,NULL,NULL,NULL,NULL,NULL,NULL,NULL,NULL,NULL,NULL,NULL,NULL,NULL,NULL,NULL,NULL,NULL,NULL,NULL,NULL,NULL,NULL,NULL,NULL,NULL,NULL,NULL,NULL,NULL,NULL,NULL,NULL,NULL,NULL,NULL,NULL,NULL,NULL,NULL,NULL,NULL,NULL
1/13/2018,NWE,TEN,35,14,NULL,NULL,NULL,NULL,NULL,NULL,NULL,NULL,NULL,NULL,NULL,NULL,NULL,NULL,NULL,NULL,NULL,NULL,NULL,NULL,NULL,NULL,NULL,NULL,NULL,NULL,NULL,NULL,NULL,NULL,NULL,NULL,NULL,NULL,NULL,NULL,NULL,NULL,NULL,NULL,NULL,NULL,NULL,NULL,NULL,NULL,NULL,NULL,NULL,NULL,NULL,NULL,NULL,NULL,NULL,NULL,NULL,NULL,NULL,NULL,NULL,NULL,NULL,NULL
1/13/2018,PHI,ATL,15,10,NULL,NULL,NULL,NULL,NULL,NULL,NULL,NULL,NULL,NULL,NULL,NULL,NULL,NULL,NULL,NULL,NULL,NULL,NULL,NULL,NULL,NULL,NULL,NULL,NULL,NULL,NULL,NULL,NULL,NULL,NULL,NULL,NULL,NULL,NULL,NULL,NULL,NULL,NULL,NULL,NULL,NULL,NULL,NULL,NULL,NULL,NULL,NULL,NULL,NULL,NULL,NULL,NULL,NULL,NULL,NULL,NULL,NULL,NULL,NULL,NULL,NULL,NULL,NULL
1/14/2018,MIN,NOR,29,24,NULL,NULL,NULL,NULL,NULL,NULL,NULL,NULL,NULL,NULL,NULL,NULL,NULL,NULL,NULL,NULL,NULL,NULL,NULL,NULL,NULL,NULL,NULL,NULL,NULL,NULL,NULL,NULL,NULL,NULL,NULL,NULL,NULL,NULL,NULL,NULL,NULL,NULL,NULL,NULL,NULL,NULL,NULL,NULL,NULL,NULL,NULL,NULL,NULL,NULL,NULL,NULL,NULL,NULL,NULL,NULL,NULL,NULL,NULL,NULL,NULL,NULL,NULL,NULL
1/14/2018,PIT,JAX,42,45,NULL,NULL,NULL,NULL,NULL,NULL,NULL,NULL,NULL,NULL,NULL,NULL,NULL,NULL,NULL,NULL,NULL,NULL,NULL,NULL,NULL,NULL,NULL,NULL,NULL,NULL,NULL,NULL,NULL,NULL,NULL,NULL,NULL,NULL,NULL,NULL,NULL,NULL,NULL,NULL,NULL,NULL,NULL,NULL,NULL,NULL,NULL,NULL,NULL,NULL,NULL,NULL,NULL,NULL,NULL,NULL,NULL,NULL,NULL,NULL,NULL,NULL,NULL,NULL
1/21/2018,NWE,JAX,24,20,NULL,NULL,NULL,NULL,NULL,NULL,NULL,NULL,NULL,NULL,NULL,NULL,NULL,NULL,NULL,NULL,NULL,NULL,NULL,NULL,NULL,NULL,NULL,NULL,NULL,NULL,NULL,NULL,NULL,NULL,NULL,NULL,NULL,NULL,NULL,NULL,NULL,NULL,NULL,NULL,NULL,NULL,NULL,NULL,NULL,NULL,NULL,NULL,NULL,NULL,NULL,NULL,NULL,NULL,NULL,NULL,NULL,NULL,NULL,NULL,NULL,NULL,NULL,NULL
1/21/2018,PHI,MIN,38,7,NULL,NULL,NULL,NULL,NULL,NULL,NULL,NULL,NULL,NULL,NULL,NULL,NULL,NULL,NULL,NULL,NULL,NULL,NULL,NULL,NULL,NULL,NULL,NULL,NULL,NULL,NULL,NULL,NULL,NULL,NULL,NULL,NULL,NULL,NULL,NULL,NULL,NULL,NULL,NULL,NULL,NULL,NULL,NULL,NULL,NULL,NULL,NULL,NULL,NULL,NULL,NULL,NULL,NULL,NULL,NULL,NULL,NULL,NULL,NULL,NULL,NULL,NULL,NULL
2/4/2018,NWE,PHI,33,41,NULL,NULL,NULL,NULL,NULL,NULL,NULL,NULL,NULL,NULL,NULL,NULL,NULL,NULL,NULL,NULL,NULL,NULL,NULL,NULL,NULL,NULL,NULL,NULL,NULL,NULL,NULL,NULL,NULL,NULL,NULL,NULL,NULL,NULL,NULL,NULL,NULL,NULL,NULL,NULL,NULL,NULL,NULL,NULL,NULL,NULL,NULL,NULL,NULL,NULL,NULL,NULL,NULL,NULL,NULL,NULL,NULL,NULL,NULL,NULL,NULL,NULL,NULL,NULL
