Season,Start,Week,Away,Home,APts,HPts,OverUnder,VegasLine,AFD,AFum,AFumL,APY,APA,API,HPS,HPSY,ARA,ARY,HFD,HFum,HFumL,HPY,HPA,HPI,HPS,HPSY,HRA,HRY
2014,2014-09-04 20:42:00,1,GNB,SEA,16,36,45.0,-8.5,19,1,0,175,33,1,3,14,21,80,25,2,1,191,28,0,1,0,37,207
2014,2014-09-07 13:00:00,1,BUF,CHI,23,20,47.0,-7.0,15,1,0,167,22,1,1,6,33,193,29,1,1,341,49,2,2,8,18,86
2014,2014-09-07 13:02:00,1,CIN,BAL,23,16,43.0,-2.0,16,0,0,301,38,0,0,0,26,79,26,2,1,329,62,1,3,16,20,94
2014,2014-09-07 16:25:00,1,CAR,TAM,20,14,39.5,-2.5,19,1,0,221,34,0,1,9,33,113,17,3,1,162,35,2,3,21,17,102
2014,2014-09-07 13:00:00,1,MIN,STL,34,6,43.5,-3.5,18,2,0,170,25,0,0,0,32,185,15,4,0,246,36,2,5,27,22,72
2014,2014-09-07 16:25:00,1,SFO,DAL,28,17,51.0,4.5,19,0,0,192,23,0,1,9,30,127,26,3,1,255,37,3,3,26,23,127
2014,2014-09-07 13:02:00,1,TEN,KAN,26,10,43.0,-3.5,24,1,0,243,33,0,4,23,38,162,15,0,0,178,35,3,4,24,17,67
2014,2014-09-07 20:30:00,1,IND,DEN,24,31,55.0,-7.5,24,1,0,354,53,2,3,16,14,54,24,2,0,259,36,0,1,10,32,102
2014,2014-09-07 13:02:00,1,JAX,PHI,17,34,52.0,-10.5,18,1,1,242,43,0,3,24,24,64,24,3,2,275,45,1,5,47,32,145
2014,2014-09-07 13:03:00,1,NWE,MIA,20,33,47.0,5.0,20,3,2,226,56,0,4,23,20,89,25,3,2,169,32,1,1,9,38,191
2014,2014-09-07 13:02:00,1,OAK,NYJ,14,19,40.0,-5.5,11,1,0,133,32,0,2,18,15,25,20,2,1,190,29,1,2,31,34,212
2014,2014-09-07 13:03:00,1,WAS,HOU,6,17,45.0,-3.0,20,3,2,241,37,0,3,26,23,131,16,2,1,206,22,0,0,0,34,115
2014,2014-09-07 13:02:00,1,CLE,PIT,27,30,41.5,-7.0,23,0,0,198,30,0,3,24,31,191,24,1,0,376,35,1,3,14,29,127
2014,2014-09-07 13:03:00,1,NOR,ATL,34,37,51.5,3.0,30,1,1,333,42,1,0,0,28,139,28,1,1,445,43,0,1,3,25,123
2014,2014-09-08 19:11:00,1,NYG,DET,14,35,47.0,-5.5,16,0,0,144,33,2,2,19,22,53,20,1,0,341,32,0,1,5,30,76
2014,2014-09-08 21:20:00,1,SDG,ARI,17,18,45.0,-3.0,15,1,0,238,36,1,0,0,24,52,22,2,2,294,37,0,2,10,26,109
2014,2014-09-11 20:28:00,2,PIT,BAL,6,26,44.0,-2.5,17,2,2,202,37,1,2,15,18,99,25,0,0,166,29,0,0,0,36,157
2014,2014-09-14 13:05:00,2,JAX,WAS,10,41,42.5,-6.0,8,0,0,123,28,1,10,70,10,25,32,0,0,258,36,0,3,30,42,191
2014,2014-09-14 13:05:00,2,NWE,MIN,30,7,48.5,5.5,16,1,0,142,21,0,1,7,37,150,17,1,0,163,36,4,6,39,19,54
2014,2014-09-14 16:05:00,2,STL,TAM,19,17,38.0,-5.5,20,2,1,220,29,0,2,15,29,119,18,1,0,175,21,1,1,4,30,157
2014,2014-09-14 13:04:00,2,ARI,NYG,25,14,42.5,2.0,21,0,0,142,29,0,4,25,28,124,24,2,2,260,39,2,2,17,27,81
2014,2014-09-14 13:03:00,2,DAL,TEN,26,10,49.5,-3.5,26,1,1,148,29,0,4,28,43,220,13,1,0,232,34,2,2,2,13,82
2014,2014-09-14 13:02:00,2,MIA,BUF,10,29,42.5,-1.5,23,1,1,210,49,1,4,31,21,80,13,0,0,202,26,0,0,0,33,113
2014,2014-09-14 13:03:00,2,NOR,CLE,24,26,48.5,6.0,26,1,1,223,40,1,2,14,27,174,23,0,0,202,41,0,1,2,30,122
2014,2014-09-14 16:25:00,2,HOU,OAK,30,14,40.0,3.0,20,1,0,139,19,0,0,0,46,188,22,4,2,263,42,2,0,0,17,101
2014,2014-09-14 16:25:00,2,NYJ,GNB,24,31,46.0,-7.5,19,1,0,166,32,1,2,10,37,147,25,3,1,310,42,0,4,36,22,80
2014,2014-09-14 16:05:00,2,SEA,SDG,21,30,44.0,5.5,14,2,1,180,25,0,2,22,13,108,26,4,0,276,37,0,1,8,37,101
2014,2014-09-14 13:05:00,2,ATL,CIN,10,24,49.0,-6.0,19,0,0,212,44,3,2,19,19,97,21,0,0,302,24,0,0,0,45,170
2014,2014-09-14 16:25:00,2,KAN,DEN,17,24,50.5,-11.5,28,1,0,247,42,0,2,8,31,133,19,0,0,237,26,0,1,5,19,88
2014,2014-09-14 20:31:00,2,CHI,SFO,28,20,47.5,-7.0,19,1,0,170,34,0,1,6,17,46,19,2,1,232,34,3,4,16,27,127
2014,2014-09-14 13:04:00,2,DET,CAR,7,24,44.0,-2.5,21,3,2,253,48,1,4,38,18,70,20,0,0,251,34,0,4,30,24,62
2014,2014-09-15 20:31:00,2,PHI,IND,30,27,54.0,-3.0,24,0,0,331,37,1,0,0,27,127,25,2,1,172,34,1,0,0,38,169
2014,2014-09-18 20:26:00,3,TAM,ATL,14,56,46.0,-6.0,10,5,4,153,36,1,3,26,18,64,26,4,3,344,28,1,1,6,36,144
2014,2014-09-21 13:02:00,3,OAK,NWE,9,16,46.5,-14.0,14,0,0,174,34,1,0,0,22,67,21,1,0,221,37,0,2,13,32,76
2014,2014-09-21 13:02:00,3,GNB,DET,7,19,52.5,-2.5,14,1,1,147,27,0,2,15,22,76,21,1,1,238,34,2,2,8,38,115
2014,2014-09-21 13:02:00,3,WAS,PHI,34,37,50.5,-6.0,27,1,0,427,48,1,0,0,28,84,22,2,1,325,41,0,0,0,25,54
2014,2014-09-21 16:25:00,3,KAN,MIA,34,15,42.5,-3.5,23,4,2,168,25,0,5,18,41,174,18,1,0,191,43,0,4,14,20,141
2014,2014-09-21 13:00:00,3,DAL,STL,34,31,44.0,1.5,19,1,1,217,23,1,0,0,29,123,26,1,1,327,42,2,0,0,30,121
2014,2014-09-21 20:31:00,3,PIT,CAR,37,19,42.0,-3.0,24,0,0,190,30,0,1,6,34,264,20,3,2,307,41,0,3,23,10,42
2014,2014-09-21 13:02:00,3,SDG,BUF,22,10,45.5,-2.5,20,0,0,250,25,0,2,6,36,83,18,1,0,205,40,0,3,33,22,87
2014,2014-09-21 13:02:00,3,HOU,NYG,17,30,41.5,-1.5,20,1,0,292,35,3,2,7,25,119,26,2,1,226,28,0,1,8,42,193
2014,2014-09-21 16:25:00,3,DEN,SEA,20,26,48.5,-4.5,20,1,1,296,49,1,1,7,20,36,26,1,0,255,35,1,3,20,37,129
2014,2014-09-21 13:03:00,3,MIN,NOR,9,20,49.0,-10.0,13,0,0,188,30,0,2,15,22,59,27,1,0,288,35,0,1,5,32,108
2014,2014-09-21 16:05:00,3,SFO,ARI,14,23,42.0,3.0,20,0,0,236,37,0,1,9,23,82,24,1,1,254,34,0,0,0,27,84
2014,2014-09-21 13:02:00,3,TEN,CIN,7,33,42.5,-6.5,22,2,0,177,34,2,2,8,28,149,25,0,0,184,26,1,0,0,31,116
2014,2014-09-21 13:02:00,3,BAL,CLE,23,21,41.5,2.0,23,0,0,217,31,1,0,0,33,160,19,1,0,290,25,0,0,0,30,85
2014,2014-09-21 13:02:00,3,IND,JAX,44,17,45.0,7.0,27,0,0,385,43,0,2,5,29,144,18,1,1,239,31,2,4,17,20,105
2014,2014-09-22 20:30:00,3,CHI,NYJ,27,19,44.0,-2.5,17,1,1,197,38,0,4,28,21,60,21,5,1,300,43,2,3,16,26,114
2014,2014-09-25 20:26:00,4,NYG,WAS,45,14,46.0,-3.5,31,0,0,295,39,1,1,5,38,154,17,2,2,243,33,4,2,14,17,86
2014,2014-09-28 16:25:00,4,ATL,MIN,28,41,47.0,3.0,23,0,0,288,41,2,1,10,22,123,26,0,0,317,30,0,0,0,44,241
2014,2014-09-28 16:25:00,4,PHI,SFO,21,26,50.0,-5.0,11,2,2,191,43,2,1,4,12,22,20,0,0,189,30,1,4,29,42,218
2014,2014-09-28 13:03:00,4,TEN,IND,17,41,46.0,-7.5,16,2,1,176,28,2,3,18,16,85,31,0,0,393,41,1,0,0,41,105
2014,2014-09-28 13:02:00,4,DET,NYJ,24,17,45.0,1.5,17,0,0,272,34,0,4,21,27,88,17,2,1,204,33,1,2,5,27,132
2014,2014-09-28 13:02:00,4,BUF,HOU,17,23,42.5,-3.0,17,1,0,220,44,2,2,5,23,96,19,2,1,264,37,2,3,4,23,37
2014,2014-09-28 16:05:00,4,JAX,SDG,14,33,45.0,-12.5,21,1,1,235,37,2,3,19,25,85,19,1,0,365,39,0,2,12,20,42
2014,2014-09-28 13:02:00,4,GNB,CHI,38,17,51.5,1.5,21,0,0,302,28,0,1,0,18,56,33,3,0,261,35,2,1,4,41,235
2014,2014-09-28 13:06:00,4,MIA,OAK,38,14,40.5,3.5,24,3,2,278,31,1,0,0,35,157,17,1,1,264,44,3,2,11,18,53
2014,2014-09-28 13:02:00,4,CAR,BAL,10,38,42.0,-3.0,20,2,1,248,34,0,2,20,26,67,25,1,0,327,31,0,0,0,30,127
2014,2014-09-28 20:31:00,4,NOR,DAL,17,38,53.5,3.0,20,2,2,334,44,1,2,6,13,104,24,2,0,255,29,0,1,7,35,190
2014,2014-09-28 13:03:00,4,TAM,PIT,27,24,45.0,-7.5,21,0,0,287,43,1,1,15,19,63,27,2,1,305,41,0,5,26,27,85
2014,2014-09-29 20:31:00,4,NWE,KAN,14,41,46.0,3.0,13,2,1,215,30,2,3,14,16,75,26,0,0,236,26,0,2,12,38,207
2014,2014-10-02 20:26:00,5,MIN,GNB,10,42,47.5,-7.5,20,1,1,188,44,2,6,34,25,111,15,0,0,164,22,1,2,14,28,156
2014,2014-10-05 13:03:00,5,TAM,NOR,31,37,48.0,-10.0,20,2,0,248,32,1,1,1,21,66,34,0,0,371,57,3,0,0,29,140
2014,2014-10-05 13:03:00,5,HOU,DAL,17,20,47.0,-6.5,15,0,0,154,25,1,0,0,31,176,24,2,2,316,41,1,1,8,33,140
2014,2014-10-05 13:02:00,5,CLE,TEN,29,28,44.0,-1.0,27,0,0,284,37,1,1,7,36,176,22,0,0,261,32,0,3,12,30,149
2014,2014-10-05 13:03:00,5,BAL,IND,13,20,49.0,-3.0,15,2,2,197,38,1,4,38,15,90,26,4,2,305,49,2,1,7,30,127
2014,2014-10-05 13:02:00,5,STL,PHI,28,34,47.5,-6.5,29,3,3,341,49,0,4,34,23,125,22,2,2,207,37,1,0,0,33,145
2014,2014-10-05 16:05:00,5,ARI,DEN,20,41,48.0,-7.5,9,1,0,178,34,0,3,21,19,37,24,0,0,476,47,2,1,3,28,92
2014,2014-10-05 13:03:00,5,ATL,NYG,20,30,50.0,-4.0,20,1,0,307,45,1,1,9,21,90,22,2,2,193,30,0,1,7,34,124
2014,2014-10-05 20:43:00,5,CIN,NWE,17,43,46.0,0.0,17,3,3,241,29,0,1,8,18,79,30,1,0,285,35,0,1,7,46,220
2014,2014-10-05 16:25:00,5,KAN,SFO,17,22,44.0,-5.0,14,1,0,158,30,1,0,0,20,107,22,1,0,186,27,0,3,15,40,171
2014,2014-10-05 13:03:00,5,CHI,CAR,24,31,45.5,-2.5,17,3,2,262,36,2,4,27,22,85,22,3,2,231,35,1,2,24,26,91
2014,2014-10-05 16:25:00,5,NYJ,SDG,0,31,43.5,-6.5,11,1,1,60,31,1,2,14,21,91,21,0,0,277,28,1,3,11,40,162
2014,2014-10-05 13:03:00,5,BUF,DET,17,14,43.0,-6.5,19,3,0,294,43,1,2,14,22,49,13,3,1,204,31,1,6,27,20,69
2014,2014-10-05 13:02:00,5,PIT,JAX,17,9,47.5,6.0,20,1,1,261,36,0,4,12,28,111,12,3,0,187,36,2,1,4,15,56
2014,2014-10-06 20:30:00,5,SEA,WAS,27,17,45.5,7.0,20,2,0,178,24,0,3,23,36,225,14,1,0,275,36,0,1,8,17,32
2014,2014-10-09 20:26:00,6,IND,HOU,33,28,46.5,2.5,27,1,1,363,44,1,3,7,35,93,18,2,2,196,23,0,5,16,24,136
2014,2014-10-12 13:03:00,6,CAR,CIN,37,37,44.0,-7.0,29,0,0,284,46,1,0,0,34,147,29,0,0,320,43,2,1,3,31,193
2014,2014-10-12 16:05:00,6,SDG,OAK,31,28,44.0,7.5,24,1,0,307,35,0,1,6,33,116,17,1,0,282,34,1,0,0,20,114
2014,2014-10-12 16:25:00,6,CHI,ATL,27,13,55.5,-3.5,23,0,0,375,38,0,2,6,29,103,12,1,0,245,37,1,4,26,13,42
2014,2014-10-12 13:02:00,6,DEN,NYJ,31,17,47.5,9.5,21,2,0,221,33,0,2,16,33,138,15,2,1,173,43,1,4,17,15,31
2014,2014-10-12 13:02:00,6,PIT,CLE,10,31,46.5,-1.5,22,1,0,221,42,1,2,7,32,138,19,3,1,210,17,0,1,7,38,158
2014,2014-10-12 16:25:00,6,WAS,ARI,20,30,47.0,-5.5,21,1,1,335,38,3,2,19,17,72,19,2,0,243,44,0,1,7,23,74
2014,2014-10-12 13:02:00,6,BAL,TAM,48,17,44.0,3.0,23,1,1,306,28,0,0,0,35,169,22,1,0,277,44,1,5,37,18,87
2014,2014-10-12 13:02:00,6,DET,MIN,17,3,43.0,-1.5,18,0,0,155,33,0,4,30,28,100,15,1,0,143,37,3,8,45,18,69
2014,2014-10-12 13:02:00,6,JAX,TEN,14,16,42.5,-4.0,27,1,1,297,46,1,6,39,23,82,14,1,0,220,28,0,3,13,24,70
2014,2014-10-12 13:02:00,6,NWE,BUF,37,22,44.0,-1.0,22,0,0,346,37,0,2,15,27,50,19,2,2,268,38,1,5,31,23,68
2014,2014-10-12 13:02:00,6,GNB,MIA,27,24,47.0,1.5,27,1,0,248,42,0,3,16,34,121,19,1,1,237,31,2,1,7,23,112
2014,2014-10-12 16:26:00,6,DAL,SEA,30,23,47.0,-9.5,23,2,2,239,32,0,1,11,36,162,9,1,0,126,28,1,2,0,18,80
2014,2014-10-12 20:41:00,6,NYG,PHI,0,27,51.0,-1.5,12,3,1,168,28,0,8,43,24,86,24,1,0,245,34,2,1,3,36,203
2014,2014-10-13 20:30:00,6,SFO,STL,31,17,44.5,3.5,17,1,1,343,35,0,0,0,30,89,19,1,0,216,42,1,5,20,24,93
2014,2014-10-16 20:25:00,7,NYJ,NWE,25,27,44.5,-9.5,28,1,0,205,34,0,3,21,43,218,16,0,0,260,37,0,1,1,15,63
2014,2014-10-19 16:05:00,7,KAN,SDG,23,20,46.0,-3.0,22,0,0,211,28,0,3,10,39,154,19,1,0,182,31,1,2,23,16,69
2014,2014-10-19 13:02:00,7,NOR,DET,23,24,46.5,-1.5,25,1,1,335,45,1,1,7,21,73,21,0,0,285,40,2,3,14,24,59
2014,2014-10-19 16:25:00,7,NYG,DAL,21,31,47.0,-5.5,20,2,2,248,33,0,0,0,26,104,20,0,0,267,23,1,2,12,35,156
2014,2014-10-19 13:00:00,7,SEA,STL,26,28,43.5,7.0,25,0,0,292,36,0,3,21,29,171,18,1,0,173,21,0,0,0,27,102
2014,2014-10-19 13:02:00,7,CAR,GNB,17,38,49.0,-6.5,23,0,0,223,39,1,3,25,25,108,22,1,0,241,24,0,2,14,30,122
2014,2014-10-19 13:02:00,7,MIN,BUF,16,17,43.5,-6.5,16,0,0,118,26,2,5,39,29,158,22,4,3,255,43,1,6,28,19,118
2014,2014-10-19 20:30:00,7,SFO,DEN,17,42,48.5,-6.5,22,0,0,248,46,1,6,53,18,62,23,1,0,304,27,0,2,14,27,115
2014,2014-10-19 13:02:00,7,CLE,JAX,6,24,45.0,4.0,13,2,2,197,41,1,3,18,30,69,20,0,0,151,31,3,2,8,35,185
2014,2014-10-19 13:02:00,7,TEN,WAS,17,19,46.5,-6.0,14,1,1,160,26,1,1,0,22,76,16,1,1,251,28,1,3,16,26,100
2014,2014-10-19 16:25:00,7,ARI,OAK,24,13,46.5,3.5,25,1,0,242,31,1,1,11,37,123,13,0,0,164,28,0,1,9,19,56
2014,2014-10-19 13:02:00,7,ATL,BAL,7,29,49.5,-6.5,16,1,1,186,44,0,5,42,16,68,23,1,1,248,25,2,1,10,36,123
2014,2014-10-19 13:00:00,7,MIA,CHI,27,14,47.5,-3.0,24,1,0,256,32,0,4,21,33,137,14,4,2,172,34,1,3,18,14,52
2014,2014-10-19 13:02:00,7,CIN,IND,0,27,50.5,-3.5,8,1,0,103,38,0,4,23,12,32,27,2,2,335,42,0,2,9,34,171
2014,2014-10-20 20:30:00,7,HOU,PIT,23,30,44.5,-3.0,20,3,2,261,32,1,1,1,30,132,18,1,1,252,34,0,3,16,25,76
2014,2014-10-23 20:26:00,8,SDG,DEN,21,35,51.0,-9.0,22,0,0,245,41,2,2,7,15,61,27,2,0,286,35,0,0,0,30,139
2014,2014-10-26 13:02:00,8,BAL,CIN,24,27,44.5,3.0,18,1,0,187,34,2,1,8,26,107,19,2,1,239,28,1,2,27,34,111
2014,2014-10-26 09:37:00,8,DET,ATL,22,21,45.5,3.5,22,2,0,325,47,1,0,0,23,60,22,3,0,213,27,1,2,15,26,78
2014,2014-10-26 13:02:00,8,BUF,NYJ,43,23,40.5,-3.0,12,1,0,213,17,0,4,25,32,67,22,4,2,137,44,4,4,21,33,175
2014,2014-10-26 20:30:00,8,GNB,NOR,23,44,55.0,-2.0,23,1,1,402,40,2,4,24,19,89,28,1,1,302,32,0,2,9,31,193
2014,2014-10-26 13:02:00,8,MIA,JAX,27,13,42.5,7.0,17,0,0,178,29,1,3,18,24,148,19,1,1,201,34,2,4,20,30,176
2014,2014-10-26 16:25:00,8,OAK,CLE,13,23,44.5,-6.5,19,4,2,311,56,1,4,17,21,76,15,1,0,267,28,0,1,8,25,39
2014,2014-10-26 13:02:00,8,CHI,NWE,23,51,52.0,-6.0,27,1,1,231,35,1,3,18,26,153,32,1,0,365,38,0,1,11,32,122
2014,2014-10-26 16:05:00,8,PHI,ARI,20,24,48.5,1.0,27,1,1,411,62,2,0,0,25,110,17,1,1,329,42,0,0,0,23,71
2014,2014-10-26 16:25:00,8,IND,PIT,34,51,48.5,4.5,26,1,0,385,45,2,2,15,10,63,34,2,2,522,49,0,0,0,32,117
2014,2014-10-26 13:04:00,8,SEA,CAR,13,9,45.0,6.0,19,2,1,191,32,1,1,8,26,119,17,4,1,152,22,1,3,19,31,114
2014,2014-10-26 13:04:00,8,STL,KAN,7,34,44.0,-7.0,13,0,0,116,25,1,7,44,19,84,23,2,1,215,29,0,2,8,33,140
2014,2014-10-26 13:03:00,8,HOU,TEN,30,16,43.0,3.5,24,0,0,193,35,0,5,34,40,212,13,1,1,290,41,1,2,9,13,36
2014,2014-10-26 13:03:00,8,MIN,TAM,19,13,43.0,-1.5,22,0,0,235,42,0,1,6,22,97,15,2,1,159,28,1,5,12,23,66
2014,2014-10-27 20:30:00,8,WAS,DAL,20,17,49.0,-9.5,19,0,0,286,30,1,3,13,31,123,20,4,2,224,34,0,5,54,25,171
2014,2014-10-30 20:30:00,9,NOR,CAR,28,10,49.0,3.0,27,3,1,270,34,1,4,27,37,105,15,1,1,122,28,1,4,29,22,109
2014,2014-11-02 13:03:00,9,PHI,HOU,31,21,48.5,2.0,30,1,1,293,34,3,4,33,41,190,15,1,0,182,27,1,4,21,28,118
2014,2014-11-02 13:02:00,9,JAX,CIN,23,33,44.0,-10.0,19,0,0,233,33,1,2,14,25,132,23,1,0,232,31,2,2,1,34,191
2014,2014-11-02 16:05:00,9,STL,SFO,13,10,44.0,-10.5,13,0,0,102,24,2,1,3,27,91,20,3,2,183,33,0,8,54,21,80
2014,2014-11-02 13:04:00,9,ARI,DAL,28,17,45.0,-1.5,22,1,0,237,34,1,2,12,29,102,18,0,0,174,33,2,1,9,25,92
2014,2014-11-02 13:03:00,9,WAS,MIN,26,29,44.0,0.0,21,1,0,225,28,1,5,26,29,122,24,0,0,252,42,0,2,16,27,100
2014,2014-11-02 13:02:00,9,TAM,CLE,17,22,44.0,-7.0,20,0,0,252,33,2,2,8,26,113,19,0,0,274,34,2,4,26,27,56
2014,2014-11-02 16:25:00,9,DEN,NWE,21,43,52.5,3.0,26,1,0,429,57,2,1,9,17,43,29,1,0,332,53,1,1,1,25,66
2014,2014-11-02 20:30:00,9,BAL,PIT,23,43,47.5,-2.5,22,1,1,269,45,1,4,34,18,63,22,1,1,321,37,0,3,19,25,55
2014,2014-11-02 13:03:00,9,NYJ,KAN,10,24,41.5,-8.5,22,1,0,225,36,0,3,10,30,139,23,1,0,196,31,0,1,3,24,113
2014,2014-11-02 16:26:00,9,OAK,SEA,24,30,44.0,-13.5,17,4,1,189,41,2,1,5,18,37,21,0,0,177,35,0,1,2,38,149
2014,2014-11-02 13:02:00,9,SDG,MIA,0,37,45.0,-3.0,10,1,1,128,26,3,4,20,19,50,28,1,0,309,39,0,0,0,35,132
2014,2014-11-03 20:31:00,9,IND,NYG,40,24,50.0,3.0,22,3,0,345,46,0,1,9,24,98,22,3,1,349,52,0,3,10,20,89
2014,2014-11-06 20:29:00,10,CLE,CIN,24,3,46.0,-6.5,21,1,1,198,23,0,0,0,52,170,11,1,1,79,39,3,2,14,22,86
2014,2014-11-09 13:03:00,10,TEN,BAL,7,21,44.5,-10.5,14,2,1,143,27,1,5,36,22,67,18,1,0,161,27,0,1,8,34,151
2014,2014-11-09 13:06:00,10,DAL,JAX,31,17,45.0,7.5,16,1,1,248,28,0,1,6,30,151,20,3,2,262,37,1,4,28,24,71
2014,2014-11-09 13:04:00,10,ATL,TAM,27,17,47.0,3.0,19,0,0,212,31,0,1,7,28,110,23,1,1,281,43,2,4,20,23,92
2014,2014-11-09 13:02:00,10,KAN,BUF,17,13,42.0,-1.5,16,2,1,151,29,0,6,26,24,127,21,3,3,253,48,0,1,6,22,111
2014,2014-11-09 16:25:00,10,STL,ARI,14,31,43.0,-7.0,16,1,1,174,30,2,6,42,22,70,21,1,0,307,41,1,3,19,22,28
2014,2014-11-09 13:02:00,10,MIA,DET,16,20,43.0,-3.0,20,3,1,178,38,1,3,29,19,50,19,0,0,288,42,1,3,19,19,63
2014,2014-11-09 16:26:00,10,NYG,SEA,17,38,45.0,-9.5,20,1,1,270,44,1,2,13,17,54,27,3,1,160,17,2,2,12,45,350
2014,2014-11-09 13:02:00,10,PIT,NYJ,13,20,47.0,4.5,22,3,2,326,43,2,2,17,17,36,15,0,0,125,18,0,4,7,36,150
2014,2014-11-09 20:30:00,10,CHI,GNB,14,55,54.0,-9.5,21,2,1,256,40,2,4,27,24,55,21,1,1,319,32,0,0,0,32,132
2014,2014-11-09 16:05:00,10,DEN,OAK,41,17,51.0,12.5,25,1,0,353,49,2,0,0,27,118,10,2,1,192,47,2,0,0,15,30
2014,2014-11-09 13:03:00,10,SFO,NOR,27,24,49.0,-5.5,21,1,1,186,32,0,4,24,32,144,23,2,1,287,47,2,2,5,31,136
2014,2014-11-10 20:32:00,10,CAR,PHI,21,45,48.5,-7.0,21,3,2,215,40,3,9,91,32,102,17,2,0,328,38,0,1,4,23,37
2014,2014-11-13 20:26:00,11,BUF,MIA,9,22,42.0,-5.0,13,0,0,183,39,0,2,10,19,54,24,2,2,205,34,0,5,35,24,125
2014,2014-11-16 20:31:00,11,NWE,IND,42,20,57.0,-3.0,33,0,0,257,30,2,0,0,44,246,17,1,0,303,39,1,1,0,16,19
2014,2014-11-16 16:05:00,11,OAK,SDG,6,13,45.0,-10.0,9,2,1,162,34,0,2,10,19,71,18,0,0,180,34,0,2,13,32,120
2014,2014-11-16 13:04:00,11,SEA,KAN,20,24,42.5,0.0,25,1,0,168,32,0,2,10,37,204,20,3,2,108,16,0,0,0,30,190
2014,2014-11-16 13:03:00,11,HOU,CLE,23,7,41.0,-3.5,29,1,0,211,30,1,0,0,54,213,24,3,1,310,50,1,3,20,23,65
2014,2014-11-16 13:00:00,11,DEN,STL,7,22,51.0,9.5,21,0,0,369,54,2,2,20,10,28,16,1,0,206,29,0,3,14,33,131
2014,2014-11-16 13:02:00,11,CIN,NOR,27,10,51.0,-7.0,22,2,0,219,22,0,1,1,36,186,24,2,1,255,41,0,0,0,26,75
2014,2014-11-16 13:02:00,11,MIN,CHI,13,21,46.5,-2.5,10,0,0,147,28,1,2,11,16,96,24,0,0,330,43,2,0,0,31,138
2014,2014-11-16 13:03:00,11,SFO,NYG,16,10,44.5,4.0,20,3,1,185,30,0,1,8,37,148,17,1,0,265,45,5,2,15,21,65
2014,2014-11-16 16:25:00,11,PHI,GNB,20,53,55.0,-5.5,22,4,2,320,44,2,3,26,31,109,25,2,0,365,38,0,1,2,25,110
2014,2014-11-16 16:25:00,11,DET,ARI,6,14,41.0,-1.0,11,2,0,164,30,1,4,19,19,98,18,0,0,306,32,2,0,0,26,46
2014,2014-11-16 13:03:00,11,ATL,CAR,19,17,47.0,1.5,22,1,1,260,45,0,2,8,27,86,22,0,0,285,37,2,2,7,25,106
2014,2014-11-16 13:03:00,11,TAM,WAS,27,7,45.5,-7.5,12,2,1,281,23,0,2,7,21,48,20,4,1,167,32,2,6,40,31,155
2014,2014-11-17 20:30:00,11,PIT,TEN,27,24,45.5,5.5,29,0,0,180,32,1,5,27,36,206,14,0,0,263,24,1,0,0,15,49
2014,2014-11-20 20:26:00,12,KAN,OAK,20,24,42.5,7.0,16,2,0,217,36,0,2,17,24,96,18,2,1,172,35,0,1,2,30,179
2014,2014-11-23 13:02:00,12,DET,NWE,9,34,47.5,-7.0,21,0,0,244,46,1,2,20,25,91,29,1,0,349,53,1,0,0,20,90
2014,2014-11-23 16:05:00,12,STL,SDG,24,27,43.5,-5.0,16,2,1,210,36,2,1,7,24,107,19,3,2,282,35,1,3,9,22,128
2014,2014-11-23 16:25:00,12,MIA,DEN,36,39,47.5,-7.0,25,3,0,216,36,1,1,12,21,97,29,1,1,249,35,0,1,8,35,201
2014,2014-11-23 13:02:00,12,TAM,CHI,13,21,46.5,-4.5,17,4,2,301,48,2,5,40,22,66,12,1,1,112,27,0,3,18,26,92
2014,2014-11-23 13:02:00,12,CLE,ATL,26,24,48.5,-2.5,29,2,0,313,41,3,1,9,29,162,21,1,1,252,43,1,3,21,23,63
2014,2014-11-23 13:02:00,12,TEN,PHI,24,43,49.0,-11.0,16,3,2,299,39,1,5,46,19,52,26,0,0,298,43,2,2,9,38,164
2014,2014-11-23 13:02:00,12,JAX,IND,3,23,49.0,-13.5,11,2,1,114,27,1,4,32,23,80,24,6,3,214,32,0,5,39,35,175
2014,2014-11-23 16:06:00,12,ARI,SEA,3,19,41.5,-7.0,12,2,0,140,26,1,3,9,20,64,16,0,0,169,22,0,7,42,29,124
2014,2014-11-23 13:03:00,12,GNB,MIN,24,21,50.0,7.5,24,1,0,207,29,0,1,2,32,155,20,0,0,196,37,1,2,14,25,112
2014,2014-11-23 20:30:00,12,DAL,NYG,31,28,49.0,5.0,18,1,1,266,26,0,2,9,25,119,27,0,0,328,40,1,2,10,32,89
2014,2014-11-23 13:02:00,12,CIN,HOU,22,13,44.5,-2.5,24,1,0,233,35,1,0,0,43,139,18,0,0,184,45,1,1,5,19,64
2014,2014-11-23 16:25:00,12,WAS,SFO,13,17,44.0,-9.5,12,1,1,77,20,0,5,29,27,136,16,3,2,246,29,1,2,10,29,66
2014,2014-11-24 20:30:00,12,BAL,NOR,34,27,51.0,-3.0,23,1,1,234,24,0,1,9,32,215,26,1,0,399,45,1,4,21,21,126
2014,2014-11-24 19:05:00,12,NYJ,BUF,3,38,42.5,-2.5,11,0,0,126,31,1,7,39,19,92,21,0,0,220,32,0,1,10,29,116
2014,2014-11-27 12:39:00,13,CHI,DET,17,34,46.5,-7.0,18,0,0,256,48,2,3,24,8,13,28,2,1,383,45,0,2,7,23,91
2014,2014-11-27 20:31:00,13,SEA,SFO,19,3,40.5,-1.5,16,3,0,222,22,0,4,14,34,157,16,1,1,100,29,2,4,21,18,64
2014,2014-11-27 16:36:00,13,PHI,DAL,33,10,57.0,-3.5,26,2,1,208,29,0,1,9,45,256,16,1,1,174,29,2,4,25,25,93
2014,2014-11-30 16:05:00,13,ARI,ATL,18,29,45.0,1.5,18,1,1,294,39,2,0,0,11,35,22,0,0,358,41,1,1,3,34,142
2014,2014-11-30 13:03:00,13,NYG,JAX,24,25,44.0,3.0,22,3,3,213,34,0,4,34,35,116,18,0,0,140,35,0,7,54,22,118
2014,2014-11-30 13:02:00,13,CIN,TAM,14,13,43.5,6.0,19,0,0,176,28,3,2,11,28,112,14,2,0,188,29,1,1,2,25,75
2014,2014-11-30 13:02:00,13,WAS,IND,27,49,49.0,-8.5,24,5,1,341,47,0,6,51,21,84,19,3,2,361,27,1,1,9,21,126
2014,2014-11-30 13:02:00,13,CAR,MIN,13,31,41.5,-2.5,23,0,0,170,35,1,4,24,33,178,12,3,0,118,21,0,3,20,24,92
2014,2014-11-30 13:02:00,13,SDG,BAL,34,33,45.5,-6.5,31,1,1,376,45,1,2,7,18,64,24,1,0,225,31,0,0,0,32,125
2014,2014-11-30 16:25:00,13,NWE,GNB,21,26,58.0,-3.0,20,0,0,236,35,0,1,9,18,84,24,1,0,348,38,0,3,20,29,130
2014,2014-11-30 13:00:00,13,OAK,STL,0,52,43.0,-6.0,17,3,2,183,48,3,6,47,21,61,17,2,0,176,22,0,1,7,26,172
2014,2014-11-30 20:32:00,13,DEN,KAN,29,16,49.5,0.0,21,1,1,174,34,0,1,5,45,214,11,2,2,110,23,1,6,43,15,41
2014,2014-11-30 13:02:00,13,CLE,BUF,10,26,42.0,-3.0,19,2,1,241,38,2,2,14,26,74,15,1,0,181,31,2,1,9,30,106
2014,2014-11-30 13:02:00,13,NOR,PIT,35,32,54.5,-3.5,20,0,0,250,27,0,1,7,26,143,36,0,0,435,58,2,1,0,23,103
2014,2014-11-30 13:02:00,13,TEN,HOU,21,45,43.0,-7.0,19,1,1,237,31,3,3,38,22,83,24,1,1,358,33,0,0,0,36,99
2014,2014-12-01 20:30:00,13,MIA,NYJ,16,13,41.5,7.0,16,0,0,217,35,1,2,18,18,74,18,1,0,49,13,1,2,16,49,277
2014,2014-12-04 20:26:00,14,DAL,CHI,41,28,50.5,4.0,21,0,0,203,26,0,1,2,35,194,23,1,1,341,46,1,0,0,15,35
2014,2014-12-07 16:05:00,14,BUF,DEN,17,24,47.5,-9.5,24,2,1,341,57,2,4,14,16,74,15,1,1,173,20,2,0,0,29,133
2014,2014-12-07 20:30:00,14,NWE,SDG,23,14,54.0,4.0,24,1,1,310,44,1,1,7,28,87,13,1,0,163,33,1,4,26,17,53
2014,2014-12-07 16:25:00,14,SEA,PHI,24,14,48.0,2.0,28,2,2,252,37,0,2,11,46,188,9,2,1,82,20,1,3,14,22,57
2014,2014-12-07 16:05:00,14,KAN,ARI,14,17,41.0,2.5,19,1,1,264,39,1,5,29,17,126,18,1,0,225,30,0,2,14,33,141
2014,2014-12-07 13:02:00,14,BAL,MIA,28,13,45.0,-3.0,26,0,0,264,33,1,1,5,31,183,16,2,0,186,33,0,6,41,16,63
2014,2014-12-07 13:02:00,14,NYJ,MIN,24,30,40.0,-4.5,19,4,1,242,29,1,3,12,42,168,19,2,1,297,27,1,3,12,28,114
2014,2014-12-07 13:03:00,14,STL,WAS,24,0,44.5,3.0,19,2,0,198,22,0,4,15,30,131,13,2,0,179,36,2,7,53,12,27
2014,2014-12-07 13:03:00,14,NYG,TEN,36,7,46.5,3.0,19,0,0,260,43,1,0,0,30,142,12,2,1,146,35,2,8,60,14,61
2014,2014-12-07 13:02:00,14,PIT,CIN,42,21,47.5,-3.0,25,0,0,350,39,0,0,0,31,193,16,3,2,322,35,0,3,5,21,86
2014,2014-12-07 13:03:00,14,IND,CLE,25,24,50.0,3.0,23,4,2,269,53,2,3,25,20,93,14,0,0,133,30,2,1,3,32,115
2014,2014-12-07 13:03:00,14,CAR,NOR,41,10,50.5,-9.0,24,2,0,226,33,0,0,0,40,271,18,1,1,218,49,1,2,17,17,92
2014,2014-12-07 13:02:00,14,TAM,DET,17,34,42.0,-10.5,15,1,1,207,39,2,6,43,14,26,22,3,1,294,34,0,4,17,31,113
2014,2014-12-07 13:03:00,14,HOU,JAX,27,13,42.0,6.5,19,1,0,135,19,0,1,0,43,169,17,0,0,188,40,1,4,17,22,74
2014,2014-12-07 16:25:00,14,SFO,OAK,13,24,40.5,9.0,18,0,0,151,33,2,5,23,18,97,19,0,0,245,28,0,1,9,31,85
2014,2014-12-08 20:30:00,14,ATL,GNB,37,43,54.5,-13.5,26,0,0,374,39,1,1,1,24,91,28,1,0,323,36,0,1,4,30,179
2014,2014-12-11 20:25:00,15,ARI,STL,12,6,40.5,-4.5,13,1,0,131,30,0,1,8,33,143,13,3,1,211,39,1,2,18,20,69
2014,2014-12-14 13:02:00,15,JAX,BAL,12,20,45.0,-13.5,13,0,0,166,38,1,8,63,23,82,17,1,1,221,30,0,0,0,26,93
2014,2014-12-14 13:03:00,15,OAK,KAN,13,31,41.5,-10.0,17,1,1,202,56,0,4,20,17,78,16,1,1,295,31,0,1,2,27,93
2014,2014-12-14 13:02:00,15,GNB,BUF,13,21,50.0,4.0,21,1,0,175,42,2,1,10,24,158,13,1,0,140,27,1,3,18,33,113
2014,2014-12-14 13:03:00,15,TAM,CAR,17,19,41.0,-3.0,15,4,2,136,28,1,3,18,23,151,28,4,1,269,40,0,3,8,32,123
2014,2014-12-14 13:02:00,15,HOU,IND,10,17,49.0,-6.5,14,2,1,152,25,1,1,5,41,137,20,1,1,168,34,1,2,19,28,110
2014,2014-12-14 16:05:00,15,DEN,SDG,22,10,50.5,4.5,18,1,0,226,22,0,1,7,38,111,20,0,0,232,41,2,0,0,20,56
2014,2014-12-14 16:26:00,15,SFO,SEA,7,17,38.0,-9.5,14,0,0,105,19,0,6,36,32,140,18,0,0,138,24,1,5,30,32,152
2014,2014-12-14 20:35:00,15,DAL,PHI,38,27,55.0,-3.0,26,1,1,249,31,0,3,16,42,115,19,2,1,219,28,2,4,33,21,75
2014,2014-12-14 13:02:00,15,CIN,CLE,30,0,44.0,-1.0,24,3,0,103,24,1,2,14,45,244,5,0,0,54,18,2,3,26,17,53
2014,2014-12-14 13:02:00,15,WAS,NYG,13,24,47.0,-6.5,21,4,1,228,34,0,7,47,27,144,17,1,1,238,34,0,1,12,22,49
2014,2014-12-14 16:25:00,15,MIN,DET,14,16,41.5,-7.5,21,1,0,284,41,2,4,31,21,76,11,0,0,153,28,0,0,0,22,80
2014,2014-12-14 16:05:00,15,NYJ,TEN,16,11,42.0,3.0,17,0,0,163,28,0,3,16,29,114,17,2,1,253,35,0,1,7,28,89
2014,2014-12-14 13:02:00,15,MIA,NWE,13,41,48.0,-7.5,23,3,0,308,47,2,4,38,23,76,23,1,0,287,35,1,0,0,29,108
2014,2014-12-14 13:02:00,15,PIT,ATL,27,20,55.0,3.0,22,0,0,353,35,0,1,7,22,45,20,1,0,310,37,1,0,0,20,97
2014,2014-12-15 20:30:00,15,NOR,CHI,31,15,53.5,3.0,25,2,1,360,36,0,2,15,26,83,16,1,0,153,31,3,7,41,20,125
2014,2014-12-18 20:26:00,16,TEN,JAX,13,21,39.0,-4.5,19,0,0,262,35,0,4,25,28,95,17,1,0,111,27,0,4,13,25,177
2014,2014-12-20 16:30:00,16,PHI,WAS,24,27,51.0,7.0,30,1,1,361,50,1,3,13,31,134,21,2,1,205,23,1,2,15,29,100
2014,2014-12-20 20:26:00,16,SDG,SFO,38,35,40.5,-1.5,28,1,0,348,54,3,2,8,24,98,21,3,3,92,24,0,2,22,40,355
2014,2014-12-21 13:03:00,16,MIN,MIA,35,37,42.5,-4.5,20,0,0,238,26,1,4,21,28,119,36,2,1,383,47,1,1,13,29,110
2014,2014-12-21 13:04:00,16,CLE,CAR,13,17,40.0,-6.0,8,0,0,144,21,1,3,22,22,84,27,2,1,195,31,1,1,6,45,209
2014,2014-12-21 13:03:00,16,DET,CHI,20,14,44.5,10.0,22,2,1,229,39,2,4,14,26,138,17,0,0,170,39,1,2,11,22,64
2014,2014-12-21 16:25:00,16,BUF,OAK,24,26,42.0,6.5,15,1,0,308,49,2,2,21,13,13,18,1,0,207,34,0,1,7,36,140
2014,2014-12-21 13:02:00,16,NWE,NYJ,17,16,47.0,10.0,19,0,0,146,35,1,4,36,24,85,16,0,0,191,27,1,2,19,32,116
2014,2014-12-21 20:30:00,16,SEA,ARI,35,6,36.0,9.0,23,1,0,329,32,0,1,10,34,267,17,1,0,187,45,1,4,29,15,29
2014,2014-12-21 13:03:00,16,GNB,TAM,20,3,49.0,12.0,23,2,1,310,40,0,1,8,31,121,6,1,0,93,26,1,7,54,14,16
2014,2014-12-21 13:03:00,16,ATL,NOR,30,14,56.5,-6.0,18,1,0,322,40,0,0,0,22,81,22,3,2,271,47,2,5,42,18,57
2014,2014-12-21 13:02:00,16,KAN,PIT,12,20,49.5,-2.5,22,1,1,288,46,0,6,29,14,39,19,0,0,214,25,0,1,6,26,68
2014,2014-12-21 13:02:00,16,BAL,HOU,13,25,42.0,6.5,15,1,0,178,50,3,2,17,16,33,18,1,0,190,43,1,0,0,38,123
2014,2014-12-21 16:05:00,16,NYG,STL,37,27,43.5,-6.5,19,0,0,386,32,0,1,5,34,128,23,2,2,281,32,1,2,9,20,106
2014,2014-12-21 16:26:00,16,IND,DAL,7,42,54.0,-3.0,17,1,1,228,44,2,2,7,10,1,25,1,1,250,21,0,1,11,40,127
2014,2014-12-22 20:30:00,16,DEN,CIN,28,37,47.0,3.5,22,0,0,300,44,4,2,11,19,85,20,2,1,146,25,1,0,0,37,207
2014,2014-12-28 20:30:00,17,CIN,PIT,17,27,48.0,-3.5,19,1,1,221,38,2,3,23,29,116,18,2,1,317,39,2,0,0,18,29
2014,2014-12-28 16:25:00,17,CAR,ATL,34,3,48.0,-3.0,17,0,0,112,16,0,1,2,35,194,16,1,1,225,47,2,6,35,16,63
2014,2014-12-28 13:03:00,17,SDG,KAN,7,19,42.5,-2.5,21,1,1,249,34,2,7,42,25,112,15,1,0,140,27,0,4,17,26,111
2014,2014-12-28 13:02:00,17,NYJ,MIA,37,24,41.0,-6.5,18,1,1,390,27,0,1,6,34,104,23,1,1,208,39,0,7,51,20,179
2014,2014-12-28 13:02:00,17,IND,TEN,27,10,46.5,7.5,16,1,0,314,35,0,1,1,30,64,9,4,1,50,31,0,4,29,24,142
2014,2014-12-28 13:03:00,17,JAX,HOU,17,23,38.0,-7.5,13,1,0,112,34,0,5,28,14,121,24,1,1,235,35,1,3,15,39,123
2014,2014-12-28 16:25:00,17,OAK,DEN,14,47,48.0,-14.0,10,2,1,132,36,1,3,26,18,67,25,2,1,309,39,0,1,3,34,142
2014,2014-12-28 13:02:00,17,CLE,BAL,10,20,39.5,-13.5,16,1,1,150,28,1,4,27,29,109,22,2,0,290,36,0,1,22,28,129
2014,2014-12-28 13:03:00,17,NOR,TAM,23,20,46.5,5.5,20,1,0,268,38,3,2,13,23,70,18,0,0,97,23,1,3,18,39,183
2014,2014-12-28 13:02:00,17,PHI,NYG,34,26,52.0,0.0,23,0,0,262,36,1,4,30,32,164,22,1,0,429,53,1,0,0,25,76
2014,2014-12-28 13:02:00,17,CHI,MIN,9,13,46.5,-7.0,12,0,0,165,36,0,2,7,21,99,15,0,0,190,25,1,3,19,33,121
2014,2014-12-28 16:25:00,17,DET,GNB,20,30,46.5,-7.0,23,2,1,202,41,0,2,15,23,111,24,2,2,225,23,0,1,7,38,152
2014,2014-12-28 13:02:00,17,BUF,NWE,17,9,44.0,-6.5,16,1,1,164,23,0,2,12,33,104,14,0,0,144,33,0,4,26,25,116
2014,2014-12-28 16:27:00,17,STL,SEA,6,20,41.5,-11.0,15,2,1,203,37,2,4,40,19,42,17,3,1,222,25,1,3,17,34,132
2014,2014-12-28 16:25:00,17,ARI,SFO,17,20,37.5,-6.5,26,0,0,299,40,3,2,17,25,98,18,0,0,189,26,0,1,15,33,206
2014,2014-12-28 13:05:00,17,DAL,WAS,44,17,47.5,6.0,20,1,0,299,34,1,0,0,27,174,20,2,2,309,41,2,3,27,24,104
2014,2015-01-03 20:15:00,18,BAL,PIT,30,17,45.0,-3.0,19,2,1,246,29,0,1,13,25,53,22,2,1,319,48,2,5,37,19,68
2014,2015-01-03 16:20:00,18,ARI,CAR,16,27,37.5,-6.5,8,3,1,51,28,2,4,31,15,27,25,3,2,198,32,1,1,0,41,188
2014,2015-01-04 16:41:00,18,DET,DAL,20,24,48.5,-6.5,19,4,2,307,42,1,3,16,22,90,18,3,1,242,31,0,6,51,21,73
2014,2015-01-04 13:05:00,18,CIN,IND,10,26,48.0,-3.0,14,1,1,144,35,0,3,11,21,110,22,2,1,368,44,0,1,8,25,114
2014,2015-01-10 20:21:00,19,CAR,SEA,17,31,39.5,-11.5,21,3,1,230,36,2,2,16,30,132,16,2,0,248,22,0,2,20,28,100
2014,2015-01-10 16:35:00,19,BAL,NWE,31,35,47.5,-7.0,28,1,0,292,45,2,0,0,28,136,29,2,0,408,51,1,2,10,13,14
2014,2015-01-11 13:05:00,19,DAL,GNB,21,26,51.5,-6.0,21,3,1,170,19,0,4,21,28,145,23,3,1,297,35,0,2,19,29,119
2014,2015-01-11 16:40:00,19,IND,DEN,24,13,53.5,-7.0,23,0,0,265,43,2,0,0,28,99,19,1,1,200,46,0,2,11,20,88
2014,2015-01-18 18:50:00,20,IND,NWE,7,45,52.0,-7.0,17,1,1,126,33,2,0,0,19,83,28,1,0,220,35,1,1,6,40,177
2014,2015-01-18 15:06:00,20,GNB,SEA,22,28,45.0,-8.5,19,1,0,171,34,2,1,7,30,135,20,2,1,203,30,4,5,25,35,194
2014,2015-02-01 18:30:00,21,SEA,NWE,24,28,47.0,0.0,20,0,0,234,21,1,3,13,29,162,25,0,0,320,50,2,1,8,21,57
